Dossier,Fichier,Site,Opérateur,Validation,Id,Id_avant validation,Contact,Groupe,IGp,Espece,ISp,Annee,Mois,Jour,Heure,Minute,Date,Temps,Date_nuit,Lieu,NbCris,Fdom,IntMed,Iqual,Ics,Ibuz
G:/SM2/Intérieur d'îlots/îlot chardons/WAV/,S4U00311_20190510_211015.wav,îlot chardons,C. Brabant,C. Brabant,PippiT,PippiT,Principal,Pip50,10,PippiT,10,2019,5,10,21,10,10/05/2019,21:10,10/05/2019,S4U00311,5,47,80,6,1,0
G:/SM2/Intérieur d'îlots/îlot chardons/WAV/,S4U00311_20190510_213304.wav,îlot chardons,C. Brabant,C. Brabant,Pip50,Pip50,Principal,Pip50,10,Pippyg,1,2019,5,10,21,33,10/05/2019,21:33,10/05/2019,S4U00311,70,55,0,6,8,1
G:/SM2/Intérieur d'îlots/îlot chardons/WAV/,S4U00311_20190510_215412.wav,îlot chardons,C. Brabant,C. Brabant,Pipnat,Pip35,Principal,Pip35,10,Pipkuh,1,2019,5,10,21,54,10/05/2019,21:54,10/05/2019,S4U00311,15,41,171,8,3,0
G:/SM2/Intérieur d'îlots/îlot chardons/WAV/,S4U00311_20190510_215811.wav,îlot chardons,C. Brabant,C. Brabant,Pip50,Pip50,Principal,Pip50,10,Pippyg,4,2019,5,10,21,58,10/05/2019,21:58,10/05/2019,S4U00311,85,53,41,4,2,0
G:/SM2/Intérieur d'îlots/îlot chardons/WAV/,S4U00311_20190510_215811.wav,îlot chardons,C. Brabant,C. Brabant,PippiT,ChiroSp,Secondaire,Myosp,1,Myoalc,1,2019,5,10,21,58,10/05/2019,21:58,10/05/2019,S4U00311,4,51,21,2,0,0
G:/SM2/Intérieur d'îlots/îlot chardons/WAV/,S4U00311_20190510_223053.wav,îlot chardons,C. Brabant,C. Brabant,ChiroSp,ChiroSp,Principal,Myosp,1,Myoalc,1,2019,5,10,22,30,10/05/2019,22:30,10/05/2019,S4U00311,2,51,0,3,0,0
G:/SM2/Intérieur d'îlots/îlot chardons/WAV/,S4U00311_20190511_211553.wav,îlot chardons,C. Brabant,C. Brabant,PippiT,PippiT,Principal,Pip50,10,PippiT,10,2019,5,11,21,15,11/05/2019,21:15,11/05/2019,S4U00311,33,47,86,9,2,0
G:/SM2/Intérieur d'îlots/îlot chardons/WAV/,S4U00311_20190511_222844.wav,îlot chardons,C. Brabant,C. Brabant,Pip50,Pip50,Principal,Pip50,10,Pippyg,5,2019,5,11,22,28,11/05/2019,22:28,11/05/2019,S4U00311,33,51,0,5,2,0
G:/SM2/Intérieur d'îlots/îlot chardons/WAV/,S4U00311_20190512_212514.wav,îlot chardons,C. Brabant,C. Brabant,PippiT,PippiT,Principal,Pip50,10,PippiT,10,2019,5,12,21,25,12/05/2019,21:25,12/05/2019,S4U00311,47,47,0,8,2,0
G:/SM2/Intérieur d'îlots/îlot chardons/WAV/,S4U00311_20190512_220426.wav,îlot chardons,C. Brabant,C. Brabant,ChiroSp,ChiroSp,Principal,Myosp,1,Myoalc,1,2019,5,12,22,4,12/05/2019,22:04,12/05/2019,S4U00311,7,58,54,4,0,0
G:/SM2/Intérieur d'îlots/îlot chardons/WAV/,S4U00311_20190512_224050.wav,îlot chardons,C. Brabant,C. Brabant,Pip50,Pippyg,Principal,Pip50,10,Pippyg,7,2019,5,12,22,40,12/05/2019,22:40,12/05/2019,S4U00311,38,52,0,6,3,0
G:/SM2/Intérieur d'îlots/îlot chardons/WAV/,S4U00311_20190513_015751.wav,îlot chardons,C. Brabant,C. Brabant,PippiT,PippiT,Principal,Pip50,10,PippiT,10,2019,5,13,1,57,13/05/2019,1:57,12/05/2019,S4U00311,40,47,0,8,4,0
G:/SM2/Intérieur d'îlots/Saint Josse/WAV/,S4U00311_20190526_215408.wav,Jardin Saint Josse,C. Brabant,C. Brabant,PippiT,PippiT,Principal,Pip50,10,PippiT,10,2019,5,26,21,54,26/05/2019,21:54,26/05/2019,S4U00311,36,47,74,10,4,0
G:/SM2/Intérieur d'îlots/Saint Josse/WAV/,S4U00311_20190527_000010.wav,Jardin Saint Josse,C. Brabant,C. Brabant,PippiT,PippiT,Principal,Pip50,10,PippiT,10,2019,5,27,0,0,27/05/2019,0:00,26/05/2019,S4U00311,19,46,103,9,3,0
G:/SM2/Intérieur d'îlots/Saint Josse/WAV/,S4U00311_20190527_223456.wav,Jardin Saint Josse,C. Brabant,C. Brabant,Pip50,Pip50,Principal,Pip50,10,Pippyg,3,2019,5,27,22,34,27/05/2019,22:34,27/05/2019,S4U00311,12,50,0,8,3,0
G:/SM2/Intérieur d'îlots/Saint Josse/WAV/,S4U00311_20190527_224707.wav,Jardin Saint Josse,C. Brabant,C. Brabant,Pipnat,Pipnat,Principal,Pip35,9,Pipnat,8,2019,5,27,22,47,27/05/2019,22:47,27/05/2019,S4U00311,30,39,140,10,6,0
G:/SM2/Intérieur d'îlots/Saint Josse/WAV/,S4U00311_20190527_224712.wav,Jardin Saint Josse,C. Brabant,C. Brabant,Pipnat,Pip35,Principal,Pip35,8,Pipkuh,1,2019,5,27,22,47,27/05/2019,22:47,27/05/2019,S4U00311,2,39,0,5,1,0
G:/SM2/Intérieur d'îlots/Saint Josse/WAV/,S4U00311_20190527_224836.wav,Jardin Saint Josse,C. Brabant,C. Brabant,ChiroSp,ChiroSp,Principal,Myosp,3,Myoalc,3,2019,5,27,22,48,27/05/2019,22:48,27/05/2019,S4U00311,17,60,33,3,1,0
G:/SM2/Intérieur d'îlots/Saint Josse/WAV/,S4U00311_20190528_000533.wav,Jardin Saint Josse,C. Brabant,C. Brabant,PippiT,PippiT,Principal,Pip50,10,PippiT,10,2019,5,28,0,5,28/05/2019,0:05,27/05/2019,S4U00311,25,46,118,9,4,0
G:/SM2/Intérieur d'îlots/Saint Josse/WAV/,S4U00311_20190528_010010.wav,Jardin Saint Josse,C. Brabant,C. Brabant,ChiroSp,ChiroSp,Principal,Pip35,0,Pipnat,0,2019,5,28,1,0,28/05/2019,1:00,27/05/2019,S4U00311,3,41,0,6,2,0
G:/SM2/Intérieur d'îlots/Saint Josse/WAV/,S4U00311_20190528_010649.wav,Jardin Saint Josse,C. Brabant,C. Brabant,Pip50,Pip50,Principal,Pip50,9,Pippyg,5,2019,5,28,1,6,28/05/2019,1:06,27/05/2019,S4U00311,10,52,0,7,4,0
G:/SM2/Intérieur d'îlots/Saint Josse/WAV/,S4U00311_20190528_220241.wav,Jardin Saint Josse,C. Brabant,C. Brabant,PippiT,PippiT,Principal,Pip50,10,PippiT,10,2019,5,28,22,2,28/05/2019,22:02,28/05/2019,S4U00311,44,47,0,8,3,0
G:/SM2/Intérieur d'îlots/Saint Josse/WAV/,S4U00311_20190529_001752.wav,Jardin Saint Josse,C. Brabant,C. Brabant,Pip50,Pippyg,Principal,Pip50,10,Pippyg,7,2019,5,29,0,17,29/05/2019,0:17,28/05/2019,S4U00311,7,51,0,6,0,0
G:/SM2/Jardin Massart/Batlogger zone humide/BL20190825/WAV/,22980001_00000_000.wav,Jardin Massart zone humide,C. Brabant,C. Brabant,PippiT,PippiT,Principal,Pip50,10,PippiT,10,2019,8,25,20,46,25/08/2019,20:46,25/08/2019,Batlogger,38,48,77,6,0,0
G:/SM2/Jardin Massart/Batlogger zone humide/BL20190825/WAV/,22980101_00000_000.wav,Jardin Massart zone humide,C. Brabant,C. Brabant,Myosp,Myosp,Principal,Myosp,6,Myobra,2,2019,8,25,21,18,25/08/2019,21:18,25/08/2019,Batlogger,8,46,0,3,0,0
G:/SM2/Jardin Massart/Batlogger zone humide/BL20190825/WAV/,22980134_00000_000.wav,Jardin Massart zone humide,C. Brabant,C. Brabant,Nyclei,Eptnil,Principal,ENVsp,10,Eptnil,7,2019,8,25,21,20,25/08/2019,21:20,25/08/2019,Batlogger,28,29,157,9,2,0
G:/SM2/Jardin Massart/Batlogger zone humide/BL20190825/WAV/,22980134_00005_000.wav,Jardin Massart zone humide,C. Brabant,C. Brabant,Nyclei,Eptnil,Principal,ENVsp,6,Eptnil,6,2019,8,25,21,20,25/08/2019,21:20,25/08/2019,Batlogger,19,30,0,7,3,0
G:/SM2/Jardin Massart/Batlogger zone humide/BL20190825/WAV/,22980135_00009_999.wav,Jardin Massart zone humide,C. Brabant,C. Brabant,ENVsp,Eptnil,Principal,ENVsp,7,Eptnil,7,2019,8,25,21,20,25/08/2019,21:20,25/08/2019,Batlogger,3,29,0,7,0,0
G:/SM2/Jardin Massart/Batlogger zone humide/BL20190825/WAV/,22980151_00005_000.wav,Jardin Massart zone humide,C. Brabant,C. Brabant,ENVsp,Eptnil,Principal,ENVsp,9,Eptnil,7,2019,8,25,21,25,25/08/2019,21:25,25/08/2019,Batlogger,29,29,0,8,3,0
G:/SM2/Jardin Massart/Batlogger zone humide/BL20190825/WAV/,22980178_00000_000.wav,Jardin Massart zone humide,C. Brabant,C. Brabant,ENVsp,Eptnil,Principal,ENVsp,10,Eptnil,7,2019,8,25,21,25,25/08/2019,21:25,25/08/2019,Batlogger,34,29,111,8,1,0
G:/SM2/Jardin Massart/Batlogger zone humide/BL20190825/WAV/,22980324_00000_000.wav,Jardin Massart zone humide,C. Brabant,C. Brabant,Eptser,ENVsp,Principal,ENVsp,6,Eptser,3,2019,8,25,21,40,25/08/2019,21:40,25/08/2019,Batlogger,29,26,0,8,5,0
G:/SM2/Jardin Massart/Batlogger zone humide/BL20190825/WAV/,22980520_00009_999.wav,Jardin Massart zone humide,C. Brabant,C. Brabant,Pipnat,Pipnat,Principal,Pip35,10,Pipnat,10,2019,8,25,22,0,25/08/2019,22:00,25/08/2019,Batlogger,3,37,0,8,3,0
G:/SM2/Jardin Massart/Batlogger zone humide/BL20190825/WAV/,22981008_00000_000.wav,Jardin Massart zone humide,C. Brabant,C. Brabant,Nycnoc,Nycnoc,Principal,ENVsp,8,Nycnoc,8,2019,8,25,23,0,25/08/2019,23:00,25/08/2019,Batlogger,3,20,0,8,0,0
G:/SM2/Jardin Massart/Batlogger zone humide/BL20190825/WAV/,22981077_00000_000.wav,Jardin Massart zone humide,C. Brabant,C. Brabant,Pippyg,Pippyg,Principal,Pip50,10,Pippyg,10,2019,8,25,23,10,25/08/2019,23:10,25/08/2019,Batlogger,15,54,95,9,1,0
G:/SM2/Jardin Massart/Batlogger zone humide/BL20190825/WAV/,22981663_00000_000.wav,Jardin Massart zone humide,C. Brabant,C. Brabant,Nycnoc,Nycnoc,Principal,ENVsp,10,Nycnoc,10,2019,8,25,0,10,26/08/2019,0:10,25/08/2019,Batlogger,7,20,402,10,2,0
G:/SM2/Jardin Massart/Batlogger zone humide/BL20190825/WAV/,22982236_00000_000.wav,Jardin Massart zone humide,C. Brabant,C. Brabant,Myomys,Myosp,Principal,Myosp,7,Myoema,1,2019,8,25,1,20,26/08/2019,1:20,25/08/2019,Batlogger,9,50,60,0,0,0
G:/SM2/Jardin Massart/Batlogger zone humide/BL20190825/WAV/,22982310_00005_000.wav,Jardin Massart zone humide,C. Brabant,C. Brabant,Myosp,Myosp,Principal,Myosp,6,Myobra,2,2019,8,25,1,30,26/08/2019,1:30,25/08/2019,Batlogger,9,45,95,2,0,0
G:/SM2/Jardin Massart/Batlogger zone humide/BL20190825/WAV/,22982552_00005_000.wav,Jardin Massart zone humide,C. Brabant,C. Brabant,Nycnoc,Nycnoc,Principal,ENVsp,7,Nycnoc,7,2019,8,25,2,0,26/08/2019,2:00,25/08/2019,Batlogger,10,18,0,8,6,0
G:/SM2/Jardin Massart/Batlogger zone humide/BL20190825/WAV/,22982582_00000_000.wav,Jardin Massart zone humide,C. Brabant,C. Brabant,Myomys,ChiroSp,Principal,Myosp,2,Myoema,2,2019,8,25,2,0,26/08/2019,2:00,25/08/2019,Batlogger,9,52,60,0,0,0
G:/SM2/Jardin Massart/Batlogger zone humide/BL20190825/WAV/,22982585_00000_000.wav,Jardin Massart zone humide,C. Brabant,C. Brabant,Myomys,ChiroSp,Principal,Myosp,2,Myoema,2,2019,8,25,2,0,26/08/2019,2:00,25/08/2019,Batlogger,7,51,30,0,1,0
G:/SM2/Jardin Massart/Batlogger zone humide/BL20190825/WAV/,22982682_00000_000.wav,Jardin Massart zone humide,C. Brabant,C. Brabant,Myosp,Myosp,Principal,Myosp,6,Myoema,1,2019,8,25,2,10,26/08/2019,2:10,25/08/2019,Batlogger,8,50,76,3,1,0
G:/SM2/Jardin Massart/Batlogger zone humide/BL20190825/WAV/,22982686_00000_000.wav,Jardin Massart zone humide,C. Brabant,C. Brabant,Myomys,Myosp,Principal,Myosp,6,Myoema,1,2019,8,25,2,10,26/08/2019,2:10,25/08/2019,Batlogger,9,49,60,1,0,0
G:/SM2/Jardin Massart/Batlogger zone humide/BL20190825/WAV/,22982713_00000_000.wav,Jardin Massart zone humide,C. Brabant,C. Brabant,Myomys,ChiroSp,Principal,Myosp,4,Myoema,2,2019,8,25,2,20,26/08/2019,2:20,25/08/2019,Batlogger,7,54,81,0,0,0
G:/SM2/Jardin Massart/Batlogger zone humide/BL20190825/WAV/,22982714_00000_000.wav,Jardin Massart zone humide,C. Brabant,C. Brabant,Myomys,Myosp,Principal,Myosp,10,Myoema,1,2019,8,25,2,20,26/08/2019,2:20,25/08/2019,Batlogger,1,57,112,1,0,0
G:/SM2/Jardin Massart/Batlogger zone humide/BL20190825/WAV/,22982720_00000_000.wav,Jardin Massart zone humide,C. Brabant,C. Brabant,Myomys,ChiroSp,Principal,Myosp,5,Myoema,2,2019,8,25,2,20,26/08/2019,2:20,25/08/2019,Batlogger,3,50,0,1,0,0
G:/SM2/Jardin Massart/Batlogger zone humide/BL20190825/WAV/,22982969_00000_000.wav,Jardin Massart zone humide,C. Brabant,C. Brabant,Myobra,ChiroSp,Principal,Myosp,5,Myoema,1,2019,8,25,2,50,26/08/2019,2:50,25/08/2019,Batlogger,10,50,0,1,1,0
G:/SM2/Jardin Massart/Batlogger zone humide/BL20190825/WAV/,22983015_00000_000.wav,Jardin Massart zone humide,C. Brabant,C. Brabant,Myosp,Myosp,Principal,Myosp,7,Myoema,1,2019,8,25,2,50,26/08/2019,2:50,25/08/2019,Batlogger,7,48,68,0,1,0
G:/SM2/Jardin Massart/Batlogger zone humide/BL20190825/WAV/,22983139_00000_000.wav,Jardin Massart zone humide,C. Brabant,C. Brabant,Nycnoc,Nycnoc,Principal,ENVsp,7,Nycnoc,7,2019,8,25,3,0,26/08/2019,3:00,25/08/2019,Batlogger,1,18,0,7,0,0
G:/SM2/Jardin Massart/Batlogger zone humide/BL20190825/WAV/,22983225_00000_000.wav,Jardin Massart zone humide,C. Brabant,C. Brabant,Nycnoc,Nycnoc,Principal,ENVsp,8,Nycnoc,8,2019,8,25,3,20,26/08/2019,3:20,25/08/2019,Batlogger,14,20,303,10,2,0
G:/SM2/Jardin Massart/Batlogger zone humide/BL20190825/WAV/,22983447_00000_000.wav,Jardin Massart zone humide,C. Brabant,C. Brabant,Myosp,ChiroSp,Principal,Myosp,4,Myobra,2,2019,8,25,3,40,26/08/2019,3:40,25/08/2019,Batlogger,5,45,0,2,0,0
G:/SM2/Jardin Massart/Batlogger zone humide/BL20190825/WAV/,22983855_00000_000.wav,Jardin Massart zone humide,C. Brabant,C. Brabant,Nycnoc,Nycnoc,Principal,ENVsp,7,Nycnoc,7,2019,8,25,5,40,26/08/2019,5:40,25/08/2019,Batlogger,4,18,0,10,1,0
G:/SM2/Jardin Massart/Batlogger zone humide/BL20190825/WAV/,22983872_00009_999.wav,Jardin Massart zone humide,C. Brabant,C. Brabant,Nyclei,Nyclei,Principal,ENVsp,8,Nyclei,8,2019,8,25,6,0,26/08/2019,6:00,25/08/2019,Batlogger,1,25,0,10,1,0
G:/SM2/Jardin Massart/Batlogger zone humide/BL20190825/WAV/,22983876_00005_000.wav,Jardin Massart zone humide,C. Brabant,C. Brabant,Nyclei,Nyclei,Principal,ENVsp,10,Nyclei,7,2019,8,25,6,0,26/08/2019,6:00,25/08/2019,Batlogger,17,26,106,9,2,0
G:/SM2/Jardin Massart/Batlogger zone humide/BL20190826/WAV/,22980003_00000_000.wav,Jardin Massart zone humide,C. Brabant,C. Brabant,PippiT,PippiT,Principal,Pip50,10,PippiT,10,2019,8,26,20,50,26/08/2019,20:50,26/08/2019,Batlogger,6,47,89,6,0,0
G:/SM2/Jardin Massart/Batlogger zone humide/BL20190826/WAV/,22980043_00000_000.wav,Jardin Massart zone humide,C. Brabant,C. Brabant,Nycnoc,Nycnoc,Principal,ENVsp,8,Nycnoc,8,2019,8,26,21,0,26/08/2019,21:00,26/08/2019,Batlogger,11,20,0,9,5,0
G:/SM2/Jardin Massart/Batlogger zone humide/BL20190826/WAV/,22980111_00000_000.wav,Jardin Massart zone humide,C. Brabant,C. Brabant,ENVsp,Eptnil,Principal,ENVsp,7,Eptnil,7,2019,8,26,21,20,26/08/2019,21:20,26/08/2019,Batlogger,28,29,0,8,4,0
G:/SM2/Jardin Massart/Batlogger zone humide/BL20190826/WAV/,22980111_00005_000.wav,Jardin Massart zone humide,C. Brabant,C. Brabant,Eptser,Eptnil,Principal,ENVsp,9,Eptnil,9,2019,8,26,21,20,26/08/2019,21:20,26/08/2019,Batlogger,23,31,133,7,1,0
G:/SM2/Jardin Massart/Batlogger zone humide/BL20190826/WAV/,22980145_00000_000.wav,Jardin Massart zone humide,C. Brabant,C. Brabant,Nycsp,Nycnoc,Principal,ENVsp,10,Nycnoc,8,2019,8,26,21,30,26/08/2019,21:30,26/08/2019,Batlogger,3,21,0,10,0,0
G:/SM2/Jardin Massart/Batlogger zone humide/BL20190826/WAV/,22980164_00000_000.wav,Jardin Massart zone humide,C. Brabant,C. Brabant,Pipnat,Pipnat,Principal,Pip35,10,Pipnat,10,2019,8,26,21,30,26/08/2019,21:30,26/08/2019,Batlogger,1,41,0,8,3,0
G:/SM2/Jardin Massart/Batlogger zone humide/BL20190826/WAV/,22980713_00000_000.wav,Jardin Massart zone humide,C. Brabant,C. Brabant,Plesp,Plesp,Principal,Plesp,10,Pleaus,3,2019,8,26,2,0,27/08/2019,2:00,26/08/2019,Batlogger,14,28,135,6,0,0
G:/SM2/Jardin Massart/Batlogger zone humide/BL20190826/WAV/,22980909_00000_000.wav,Jardin Massart zone humide,C. Brabant,C. Brabant,Nycnoc,Nycnoc,Principal,ENVsp,9,Nycnoc,9,2019,8,26,5,0,27/08/2019,5:00,26/08/2019,Batlogger,11,20,0,10,4,0
G:/SM2/Jardin Massart/Batlogger zone humide/BL20190826/WAV/,22980909_00005_000.wav,Jardin Massart zone humide,C. Brabant,C. Brabant,Nycnoc,Nycnoc,Principal,ENVsp,10,Nycnoc,10,2019,8,26,5,0,27/08/2019,5:00,26/08/2019,Batlogger,8,19,458,9,0,0
G:/SM2/Jardin Massart/Batlogger zone humide/BL20190826/WAV/,22981007_00000_000.wav,Jardin Massart zone humide,C. Brabant,C. Brabant,Nyclei,Nyclei,Principal,ENVsp,7,Nyclei,7,2019,8,26,6,0,27/08/2019,6:00,26/08/2019,Batlogger,14,24,0,9,1,0
G:/SM2/Jardin Massart/Batlogger zone humide/BL20190826/WAV/,22981018_00009_999.wav,Jardin Massart zone humide,C. Brabant,C. Brabant,Nycnoc,Nycnoc,Principal,ENVsp,10,Nycnoc,10,2019,8,26,6,0,27/08/2019,6:00,26/08/2019,Batlogger,1,20,0,10,1,0
G:/SM2/Jardin Massart/SM2 grotte/WAV/,A-CHIROACT_20190905_022121_161.wav,Jardin Massart grotte,C. Brabant,C. Brabant,Myosp,ChiroSp,Principal,Myosp,4,Myoema,2,2019,9,5,2,21,5/09/2019,2:21,4/09/2019,A-CHIROACT,2,69,0,0,0,0
G:/SM2/Jardin Massart/SM2 grotte/WAV/,A-CHIROACT_20190905_203127_257.wav,Jardin Massart grotte,C. Brabant,C. Brabant,PippiT,PippiT,Principal,Pip50,10,PippiT,10,2019,9,5,20,31,5/09/2019,20:31,5/09/2019,A-CHIROACT,2,51,0,4,0,0
G:/SM2/Jardin Massart/SM2 grotte/WAV/,A-CHIROACT_20190906_034808_149.wav,Jardin Massart grotte,C. Brabant,C. Brabant,Plesp,ChiroSp,Principal,Plesp,2,Pleaur,2,2019,9,6,3,48,6/09/2019,3:48,5/09/2019,A-CHIROACT,6,25,0,3,7,0
G:/SM2/Jardin Massart/SM2 grotte/WAV/,A-CHIROACT_20190906_204508_863.wav,Jardin Massart grotte,C. Brabant,C. Brabant,PippiT,PippiT,Principal,Pip50,10,PippiT,10,2019,9,6,20,45,6/09/2019,20:45,6/09/2019,A-CHIROACT,1,53,0,5,0,0
G:/SM2/Jardin Massart/SM2 grotte/WAV/,A-CHIROACT_20190907_001506_376.wav,Jardin Massart grotte,C. Brabant,C. Brabant,Myosp,ChiroSp,Principal,Myosp,4,Myoema,2,2019,9,7,0,15,7/09/2019,0:15,6/09/2019,A-CHIROACT,2,52,0,1,0,0
G:/SM2/Jardin Massart/SM2 grotte/WAV/,A-CHIROACT_20190907_005607_797.wav,Jardin Massart grotte,C. Brabant,C. Brabant,Myomys,ChiroSp,Principal,Myosp,3,Myoema,1,2019,9,7,0,56,7/09/2019,0:56,6/09/2019,A-CHIROACT,3,51,0,1,0,0
G:/SM2/Jardin Massart/SM2 grotte/WAV/,A-CHIROACT_20190907_041003_824.wav,Jardin Massart grotte,C. Brabant,C. Brabant,Myomys,ChiroSp,Principal,Myosp,4,Myoema,1,2019,9,7,4,10,7/09/2019,4:10,6/09/2019,A-CHIROACT,12,47,52,4,0,0
G:/SM2/Jardin Massart/SM2 grotte/WAV/,A-CHIROACT_20190907_041417_137.wav,Jardin Massart grotte,C. Brabant,C. Brabant,Myosp,Myosp,Principal,Myosp,7,Myoema,2,2019,9,7,4,14,7/09/2019,4:14,6/09/2019,A-CHIROACT,14,59,67,3,0,0
G:/SM2/Jardin Massart/SM2 grotte/WAV/,A-CHIROACT_20190907_052601_031.wav,Jardin Massart grotte,C. Brabant,C. Brabant,Myodau,ChiroSp,Principal,Myosp,5,Myodau,3,2019,9,7,5,26,7/09/2019,5:26,6/09/2019,A-CHIROACT,12,50,73,2,0,0
G:/SM2/Jardin Massart/SM2 grotte/WAV/,A-CHIROACT_20190907_052606_309.wav,Jardin Massart grotte,C. Brabant,C. Brabant,Myomys,Myosp,Principal,Myosp,7,Myoema,1,2019,9,7,5,26,7/09/2019,5:26,6/09/2019,A-CHIROACT,5,50,67,3,0,0
G:/SM2/Jardin Massart/SM4jardin évolutif/WAV/,S4U00311_20190904_202338.wav,Jardin Massart jardin évolutif,C. Brabant,C. Brabant,PippiT,PippiT,Principal,Pip50,10,PippiT,10,2019,9,4,20,23,4/09/2019,20:23,4/09/2019,S4U00311,39,47,64,8,3,0
G:/SM2/Jardin Massart/SM4jardin évolutif/WAV/,S4U00311_20190904_205106.wav,Jardin Massart jardin évolutif,C. Brabant,C. Brabant,Nyclei,ENVsp,Principal,ENVsp,7,Vesmur,0,2019,9,4,20,51,4/09/2019,20:51,4/09/2019,S4U00311,5,24,3,7,0,0
G:/SM2/Jardin Massart/SM4jardin évolutif/WAV/,S4U00311_20190904_230112.wav,Jardin Massart jardin évolutif,C. Brabant,C. Brabant,Pipnat,Pipnat,Principal,Pip35,9,Pipnat,6,2019,9,4,23,1,4/09/2019,23:01,4/09/2019,S4U00311,6,37,0,7,5,0
G:/SM2/Jardin Massart/SM4jardin évolutif/WAV/,S4U00311_20190905_203053.wav,Jardin Massart jardin évolutif,C. Brabant,C. Brabant,PippiT,PippiT,Principal,Pip50,10,PippiT,10,2019,9,5,20,30,5/09/2019,20:30,5/09/2019,S4U00311,53,48,63,7,2,0
G:/SM2/Jardin Massart/SM4jardin évolutif/WAV/,S4U00311_20190905_215013.wav,Jardin Massart jardin évolutif,C. Brabant,C. Brabant,Myosp,Myosp,Principal,Myosp,10,Myobra,1,2019,9,5,21,50,5/09/2019,21:50,5/09/2019,S4U00311,11,43,82,6,0,0
G:/SM2/Jardin Massart/SM4jardin évolutif/WAV/,S4U00311_20190905_233752.wav,Jardin Massart jardin évolutif,C. Brabant,C. Brabant,Pipnat,Pipnat,Principal,Pip35,8,Pipnat,8,2019,9,5,23,37,5/09/2019,23:37,5/09/2019,S4U00311,10,38,0,8,4,0
G:/SM2/Jardin Massart/SM4jardin évolutif/WAV/,S4U00311_20190906_200928.wav,Jardin Massart jardin évolutif,C. Brabant,C. Brabant,PippiT,PippiT,Principal,Pip50,10,PippiT,10,2019,9,6,20,9,6/09/2019,20:09,6/09/2019,S4U00311,36,47,0,8,4,0
G:/SM2/Jardin Massart/SM4290819 verger/WAV/,S4U00311_20190829_205036.wav,Jardin Massart verger,C. Brabant,C. Brabant,PippiT,PippiT,Principal,Pip50,10,PippiT,10,2019,8,29,20,50,29/08/2019,20:50,29/08/2019,S4U00311,22,47,82,9,0,0
G:/SM2/Jardin Massart/SM4290819 verger/WAV/,S4U00311_20190829_220009.wav,Jardin Massart verger,C. Brabant,C. Brabant,Pipnat,Pipnat,Principal,Pip35,10,Pipnat,8,2019,8,29,22,0,29/08/2019,22:00,29/08/2019,S4U00311,20,40,0,10,7,0
G:/SM2/Jardin Massart/SM4290819 verger/WAV/,S4U00311_20190829_233006.wav,Jardin Massart verger,C. Brabant,C. Brabant,Eptser,ENVsp,Principal,ENVsp,10,Eptser,0,2019,8,29,23,30,29/08/2019,23:30,29/08/2019,S4U00311,25,26,126,8,2,0
G:/SM2/Jardin Massart/SM4290819 verger/WAV/,S4U00311_20190830_020107.wav,Jardin Massart verger,C. Brabant,C. Brabant,Nycnoc,Nycnoc,Principal,ENVsp,7,Nycnoc,7,2019,8,30,2,1,30/08/2019,2:01,29/08/2019,S4U00311,10,21,0,0,3,0
G:/SM2/Jardin Massart/SM4290819 verger/WAV/,S4U00311_20190830_055135.wav,Jardin Massart verger,C. Brabant,C. Brabant,Nyclei,ENVsp,Principal,ENVsp,10,Nyclei,3,2019,8,30,5,51,30/08/2019,5:51,29/08/2019,S4U00311,9,24,238,10,1,0
G:/SM2/Jardin Massart/SM4290819 verger/WAV/,S4U00311_20190830_204907.wav,Jardin Massart verger,C. Brabant,C. Brabant,PippiT,PippiT,Principal,Pip50,10,PippiT,10,2019,8,30,20,49,30/08/2019,20:49,30/08/2019,S4U00311,12,46,76,10,2,0
G:/SM2/Jardin Massart/SM4290819 verger/WAV/,S4U00311_20190830_225647.wav,Jardin Massart verger,C. Brabant,C. Brabant,Myosp,Myosp,Principal,Myosp,7,Myobra,0,2019,8,30,22,56,30/08/2019,22:56,30/08/2019,S4U00311,27,44,86,6,0,0
G:/SM2/Jardin Massart/SM4290819 verger/WAV/,S4U00311_20190830_233928.wav,Jardin Massart verger,C. Brabant,C. Brabant,Pipnat,Pipnat,Principal,Pip35,10,Pipnat,8,2019,8,30,23,39,30/08/2019,23:39,30/08/2019,S4U00311,20,37,202,8,3,0
G:/SM2/Jardin Massart/SM4290819 verger/WAV/,S4U00311_20190830_234059.wav,Jardin Massart verger,C. Brabant,C. Brabant,Pleaur,Pleaur,Principal,Plesp,6,Pleaur,6,2019,8,30,23,40,30/08/2019,23:40,30/08/2019,S4U00311,42,22,96,7,10,0
G:/SM2/Jardin Massart/SM4290819 verger/WAV/,S4U00311_20190831_013840.wav,Jardin Massart verger,C. Brabant,C. Brabant,Pleaur,Pleaur,Principal,Plesp,9,Pleaur,7,2019,8,31,1,38,31/08/2019,1:38,30/08/2019,S4U00311,8,22,205,7,7,0
G:/SM2/Jardin Massart/SM4290819 verger/WAV/,S4U00311_20190831_013845.wav,Jardin Massart verger,C. Brabant,C. Brabant,Pleaur,Pleaur,Principal,Plesp,9,Pleaur,7,2019,8,31,1,38,31/08/2019,1:38,30/08/2019,S4U00311,14,21,297,7,9,0
G:/SM2/Jardin Massart/SM4290819 verger/WAV/,S4U00311_20190831_014037.wav,Jardin Massart verger,C. Brabant,C. Brabant,Pleaur,Pleaur,Principal,Plesp,10,Pleaur,6,2019,8,31,1,40,31/08/2019,1:40,30/08/2019,S4U00311,11,21,216,6,9,0
G:/SM2/Jardin Massart/SM4290819 verger/WAV/,S4U00311_20190831_055711.wav,Jardin Massart verger,C. Brabant,C. Brabant,Nyclei,ENVsp,Principal,ENVsp,10,Nyclei,1,2019,8,31,5,57,31/08/2019,5:57,30/08/2019,S4U00311,14,24,240,10,0,0
G:/SM2/Jardin Massart/Batlogger jardin médicinale/BL20190831/WAV/,22980005_00000_000.wav,Jardin Massart jardin médicinale,C. Brabant,C. Brabant,PippiT,PippiT,Principal,Pip50,10,PippiT,10,2019,8,31,20,40,31/08/2019,20:40,31/08/2019,Batlogger,4,48,164,6,0,0
G:/SM2/Jardin Massart/Batlogger jardin médicinale/BL20190831/WAV/,22980099_00009_999.wav,Jardin Massart jardin médicinale,C. Brabant,C. Brabant,ChiroSp,ChiroSp,Principal,Myosp,2,Myoema,2,2019,8,31,20,50,31/08/2019,20:50,31/08/2019,Batlogger,2,51,0,5,1,0
G:/SM2/Jardin Massart/Batlogger jardin médicinale/BL20190831/WAV/,22980339_00000_000.wav,Jardin Massart jardin médicinale,C. Brabant,C. Brabant,Myosp,ChiroSp,Principal,Myosp,3,Myobec,3,2019,8,31,21,40,31/08/2019,21:40,31/08/2019,Batlogger,1,40,0,5,1,0
G:/SM2/Jardin Massart/Batlogger jardin médicinale/BL20190831/WAV/,22981067_00000_000.wav,Jardin Massart jardin médicinale,C. Brabant,C. Brabant,Pipnat,Pipnat,Principal,Pip35,10,Pipnat,9,2019,8,31,0,40,1/09/2019,0:40,31/08/2019,Batlogger,10,37,0,7,3,0
G:/SM2/Jardin Massart/Batlogger jardin médicinale/BL20190831/WAV/,22981150_00000_000.wav,Jardin Massart jardin médicinale,C. Brabant,C. Brabant,Plesp,Plesp,Principal,Plesp,10,Pleaus,5,2019,8,31,1,10,1/09/2019,1:10,31/08/2019,Batlogger,13,28,195,5,2,0
G:/SM2/Jardin Massart/Batlogger jardin médicinale/BL20190831/WAV/,22982104_00000_000.wav,Jardin Massart jardin médicinale,C. Brabant,C. Brabant,Nyclei,Nyclei,Principal,ENVsp,7,Nyclei,7,2019,8,31,3,50,1/09/2019,3:50,31/08/2019,Batlogger,13,24,0,10,2,0
G:/SM2/Jardin Massart/Batlogger jardin médicinale/BL20190831/WAV/,22982824_00005_000.wav,Jardin Massart jardin médicinale,C. Brabant,C. Brabant,Nycnoc,Nycnoc,Principal,ENVsp,9,Nycnoc,8,2019,8,31,6,10,1/09/2019,6:10,31/08/2019,Batlogger,5,21,1,9,1,0
G:/SM2/Jardin Massart/Batlogger jardin médicinale/BL20190831/WAV/,22982848_00000_000.wav,Jardin Massart jardin médicinale,C. Brabant,C. Brabant,Myodau,Myosp,Principal,Myosp,10,Myobra,0,2019,8,31,6,20,1/09/2019,6:20,31/08/2019,Batlogger,16,44,69,5,1,0
G:/SM2/Jardin Massart/Batlogger jardin médicinale/BL20190901/WAV/,22980001_00000_000.wav,Jardin Massart jardin médicinale,C. Brabant,C. Brabant,PippiT,PippiT,Principal,Pip50,10,PippiT,10,2019,9,1,20,35,1/09/2019,20:35,1/09/2019,Batlogger,6,45,88,5,0,0
G:/SM2/Jardin Massart/Batlogger jardin médicinale/BL20190901/WAV/,22980209_00000_000.wav,Jardin Massart jardin médicinale,C. Brabant,C. Brabant,Nyclei,ENVsp,Principal,ENVsp,6,Nyclei,5,2019,9,1,21,0,1/09/2019,21:00,1/09/2019,Batlogger,15,23,134,8,2,0
G:/SM2/Jardin Massart/Batlogger jardin médicinale/BL20190901/WAV/,22980521_00000_000.wav,Jardin Massart jardin médicinale,C. Brabant,C. Brabant,Pipnat,Pipnat,Principal,Pip35,10,Pipnat,10,2019,9,1,21,50,1/09/2019,21:50,1/09/2019,Batlogger,6,38,446,7,0,0
G:/SM2/Jardin Massart/Batlogger jardin médicinale/BL20190901/WAV/,22980765_00000_000.wav,Jardin Massart jardin médicinale,C. Brabant,C. Brabant,Eptser,ENVsp,Principal,ENVsp,6,Eptser,0,2019,9,1,22,40,1/09/2019,22:40,1/09/2019,Batlogger,7,27,259,5,0,0
G:/SM2/Marais de Wiels/WAV/,S4U00311_20190806_215157.wav,Marais de Wiels,C. Brabant,C. Brabant,PippiT,PippiT,Secondaire,Pip50,10,PippiT,10,2019,8,6,21,51,6/08/2019,21:51,6/08/2019,S4U00311,14,48,0,7,4,0
G:/SM2/Marais de Wiels/WAV/,S4U00311_20190806_215757.wav,Marais de Wiels,C. Brabant,C. Brabant,Nyclei,ENVsp,Principal,ENVsp,7,Nyclei,3,2019,8,6,21,57,6/08/2019,21:57,6/08/2019,S4U00311,13,25,0,8,3,0
G:/SM2/Marais de Wiels/WAV/,S4U00311_20190806_220053.wav,Marais de Wiels,C. Brabant,C. Brabant,Eptser,ENVsp,Principal,ENVsp,9,Eptser,0,2019,8,6,22,0,6/08/2019,22:00,6/08/2019,S4U00311,70,28,40,9,9,8
G:/SM2/Marais de Wiels/WAV/,S4U00311_20190806_221054.wav,Marais de Wiels,C. Brabant,C. Brabant,Pippyg,Pippyg,Secondaire,Pip50,10,Pippyg,10,2019,8,6,22,10,6/08/2019,22:10,6/08/2019,S4U00311,3,54,0,6,0,0
G:/SM2/Marais de Wiels/WAV/,S4U00311_20190806_221413.wav,Marais de Wiels,C. Brabant,C. Brabant,Myodau,ChiroSp,Secondaire,Myosp,2,Myodau,2,2019,8,6,22,14,6/08/2019,22:14,6/08/2019,S4U00311,31,28,0,5,5,0
G:/SM2/Marais de Wiels/WAV/,S4U00311_20190807_215936.wav,Marais de Wiels,C. Brabant,C. Brabant,PippiT,PippiT,Principal,Pip50,10,PippiT,10,2019,8,7,21,59,7/08/2019,21:59,7/08/2019,S4U00311,53,29,0,7,6,0
G:/SM2/Marais de Wiels/WAV/,S4U00311_20190807_220737.wav,Marais de Wiels,C. Brabant,C. Brabant,Eptser,ENVsp,Secondaire,ENVsp,8,Eptser,0,2019,8,7,22,7,7/08/2019,22:07,7/08/2019,S4U00311,27,28,12,7,9,6
G:/SM2/Marais de Wiels/WAV/,S4U00311_20190807_222732.wav,Marais de Wiels,C. Brabant,C. Brabant,Nyclei,Nyclei,Secondaire,ENVsp,6,Nyclei,6,2019,8,7,22,27,7/08/2019,22:27,7/08/2019,S4U00311,2,24,0,7,8,0
G:/SM2/Marais de Wiels/WAV/,S4U00311_20190807_234208.wav,Marais de Wiels,C. Brabant,C. Brabant,Nycnoc,Nycnoc,Secondaire,ENVsp,6,Nycnoc,6,2019,8,7,23,42,7/08/2019,23:42,7/08/2019,S4U00311,3,21,0,0,4,0
G:/SM2/Marais de Wiels/WAV/,S4U00311_20190808_214655.wav,Marais de Wiels,C. Brabant,C. Brabant,Nyclei,ENVsp,Principal,ENVsp,8,Nyclei,3,2019,8,8,21,46,8/08/2019,21:46,8/08/2019,S4U00311,34,25,105,10,4,0
G:/SM2/Marais de Wiels/WAV/,S4U00311_20190808_214715.wav,Marais de Wiels,C. Brabant,C. Brabant,PippiT,PippiT,Principal,Pip50,10,PippiT,10,2019,8,8,21,47,8/08/2019,21:47,8/08/2019,S4U00311,36,49,55,5,1,0
G:/SM2/Marais de Wiels/WAV/,S4U00311_20190809_022128.wav,Marais de Wiels,C. Brabant,C. Brabant,Eptser,ENVsp,Secondaire,ENVsp,8,Eptser,0,2019,8,9,2,21,9/08/2019,2:21,8/08/2019,S4U00311,8,26,20,10,8,0
G:/SM2/Marais de Wiels/WAV/,S4U00311_20190809_040321.wav,Marais de Wiels,C. Brabant,C. Brabant,Pipnat,Pipnat,Principal,Pip35,7,Pipnat,7,2019,8,9,4,3,9/08/2019,4:03,8/08/2019,S4U00311,64,42,70,10,4,0
G:/SM2/Marais de Wiels/WAV/,S4U00311_20190809_215425.wav,Marais de Wiels,C. Brabant,C. Brabant,PippiT,PippiT,Secondaire,Pip50,10,PippiT,10,2019,8,9,21,54,9/08/2019,21:54,9/08/2019,S4U00311,11,48,30,6,3,0
G:/SM2/Marais de Wiels/WAV/,S4U00311_20190809_220010.wav,Marais de Wiels,C. Brabant,C. Brabant,Eptser,ENVsp,Secondaire,ENVsp,7,Eptser,0,2019,8,9,22,0,9/08/2019,22:00,9/08/2019,S4U00311,40,28,0,10,9,0
G:/SM2/Marais de Wiels/WAV/,S4U00311_20190809_220312.wav,Marais de Wiels,C. Brabant,C. Brabant,Nyclei,ENVsp,Secondaire,ENVsp,8,Nyclei,3,2019,8,9,22,3,9/08/2019,22:03,9/08/2019,S4U00311,25,27,0,9,9,0
G:/SM2/Marais de Wiels/WAV/,S4U00311_20190810_044749.wav,Marais de Wiels,C. Brabant,C. Brabant,Pipnat,Pipnat,Principal,Pip35,8,Pipnat,7,2019,8,10,4,47,10/08/2019,4:47,9/08/2019,S4U00311,7,39,82,6,5,0
G:/SM2/Marais de Wiels/WAV/,S4U00311_20190810_215046.wav,Marais de Wiels,C. Brabant,C. Brabant,PippiT,PippiT,Secondaire,Pip50,10,PippiT,10,2019,8,10,21,50,10/08/2019,21:50,10/08/2019,S4U00311,25,49,0,5,2,0
G:/SM2/Marais de Wiels/WAV/,S4U00311_20190810_220122.wav,Marais de Wiels,C. Brabant,C. Brabant,Eptser,ENVsp,Secondaire,ENVsp,6,Eptser,2,2019,8,10,22,1,10/08/2019,22:01,10/08/2019,S4U00311,37,27,0,9,10,0
G:/SM2/Marais de Wiels/WAV/,S4U00311_20190810_220918.wav,Marais de Wiels,C. Brabant,C. Brabant,Nyclei,ENVsp,Secondaire,ENVsp,8,Nyclei,4,2019,8,10,22,9,10/08/2019,22:09,10/08/2019,S4U00311,26,27,0,9,9,0
G:/SM2/Marais de Wiels/WAV/,S4U00311_20190811_001919.wav,Marais de Wiels,C. Brabant,C. Brabant,Nyclei,Nycnoc,Secondaire,ENVsp,6,Nycnoc,6,2019,8,11,0,19,11/08/2019,0:19,10/08/2019,S4U00311,3,22,0,0,3,0
G:/SM2/Marais de Wiels/WAV/,S4U00311_20190811_041252.wav,Marais de Wiels,C. Brabant,C. Brabant,PippiT,Pipnat,Principal,Pip35,6,Pipnat,6,2019,8,11,4,12,11/08/2019,4:12,10/08/2019,S4U00311,49,41,79,9,4,0
G:/SM2/Marais de Wiels/WAV/,S4U00311_20190811_213644.wav,Marais de Wiels,C. Brabant,C. Brabant,ENVsp,ENVsp,Principal,ENVsp,8,Nycnoc,2,2019,8,11,21,36,11/08/2019,21:36,11/08/2019,S4U00311,28,25,0,9,4,0
G:/SM2/Marais de Wiels/WAV/,S4U00311_20190811_213900.wav,Marais de Wiels,C. Brabant,C. Brabant,PippiT,PippiT,Secondaire,Pip50,10,PippiT,10,2019,8,11,21,39,11/08/2019,21:39,11/08/2019,S4U00311,12,48,0,4,1,0
G:/SM2/Marais de Wiels/WAV/,S4U00311_20190811_214035.wav,Marais de Wiels,C. Brabant,C. Brabant,Nyclei,ENVsp,Principal,ENVsp,6,Nycnoc,1,2019,8,11,21,40,11/08/2019,21:40,11/08/2019,S4U00311,44,24,0,9,6,0
G:/SM2/Marais de Wiels/WAV/,S4U00311_20190811_214133.wav,Marais de Wiels,C. Brabant,C. Brabant,ENVsp,ENVsp,Principal,ENVsp,8,Eptser,2,2019,8,11,21,41,11/08/2019,21:41,11/08/2019,S4U00311,48,25,75,9,7,5
G:/SM2/Marais de Wiels/WAV/,S4U00311_20190811_214359.wav,Marais de Wiels,C. Brabant,C. Brabant,Eptser,ENVsp,Principal,ENVsp,8,Eptser,1,2019,8,11,21,43,11/08/2019,21:43,11/08/2019,S4U00311,64,25,0,10,7,0
G:/SM2/Marais de Wiels/WAV/,S4U00311_20190811_223510.wav,Marais de Wiels,C. Brabant,C. Brabant,Nyclei,ENVsp,Secondaire,ENVsp,8,Nyclei,4,2019,8,11,22,35,11/08/2019,22:35,11/08/2019,S4U00311,3,24,0,8,6,0
G:/SM2/Neerpede/SM2-B/WAV/,B-CHIROACT_20190802_215803_125.wav,Neerpede lisière ouest,C. Brabant,C. Brabant,PippiT,PippiT,Principal,Pip50,10,PippiT,10,2019,8,2,21,58,2/08/2019,21:58,2/08/2019,B-CHIROACT,94,49,0,5,3,0
G:/SM2/Neerpede/SM2-B/WAV/,B-CHIROACT_20190803_005245_793.wav,Neerpede lisière ouest,C. Brabant,C. Brabant,Eptser,ENVsp,Principal,ENVsp,6,Eptser,0,2019,8,3,0,52,3/08/2019,0:52,2/08/2019,B-CHIROACT,28,32,141,7,2,0
G:/SM2/Neerpede/SM2-C/WAV/,C-CHIROACT_20190802_223517_301.wav,Neerpede Golf,C. Brabant,C. Brabant,PippiT,PippiT,Principal,Pip50,10,PippiT,10,2019,8,2,22,35,2/08/2019,22:35,2/08/2019,C-CHIROACT,9,48,68,5,0,0
G:/SM2/Neerpede/SM2-C/WAV/,C-CHIROACT_20190803_025122_013.wav,Neerpede Golf,C. Brabant,C. Brabant,ChiroSp,ChiroSp,Principal,Myosp,3,Myoalc,3,2019,8,3,2,51,3/08/2019,2:51,2/08/2019,C-CHIROACT,1,51,0,5,0,0
G:/SM2/Neerpede/SM2-C/WAV/,C-CHIROACT_20190803_030908_315.wav,Neerpede Golf,C. Brabant,C. Brabant,ChiroSp,ChiroSp,Principal,Myosp,3,Myoalc,3,2019,8,3,3,9,3/08/2019,3:09,2/08/2019,C-CHIROACT,1,50,0,6,0,0
G:/SM2/Neerpede/SM2-D/WAV/,D-CHIROACT_20190802_215417_258.wav,Neerpede prairie nord,C. Brabant,C. Brabant,PippiT,PippiT,Principal,Pip50,10,PippiT,10,2019,8,2,21,54,2/08/2019,21:54,2/08/2019,D-CHIROACT,4,48,124,6,0,0
G:/SM2/Neerpede/SM2-D/WAV/,D-CHIROACT_20190802_222945_000.wav,Neerpede prairie nord,C. Brabant,C. Brabant,Eptser,ENVsp,Secondaire,ENVsp,10,Eptser,4,2019,8,2,22,29,2/08/2019,22:29,2/08/2019,D-CHIROACT,19,26,72,9,4,0
G:/SM2/Neerpede/SM2-D/WAV/,D-CHIROACT_20190802_224205_000.wav,Neerpede prairie nord,C. Brabant,C. Brabant,ENVsp,ENVsp,Principal,ENVsp,6,Eptnil,3,2019,8,2,22,42,2/08/2019,22:42,2/08/2019,D-CHIROACT,5,29,292,6,0,0
G:/SM2/Neerpede/SM2-D/WAV/,D-CHIROACT_20190802_224230_000.wav,Neerpede prairie nord,C. Brabant,C. Brabant,ENVsp,ENVsp,Principal,ENVsp,10,Eptnil,2,2019,8,2,22,42,2/08/2019,22:42,2/08/2019,D-CHIROACT,7,27,178,6,1,0
G:/SM2/Neerpede/SM2-D/WAV/,D-CHIROACT_20190802_231149_000.wav,Neerpede prairie nord,C. Brabant,C. Brabant,ENVsp,ENVsp,Principal,ENVsp,10,Vesmur,1,2019,8,2,23,11,2/08/2019,23:11,2/08/2019,D-CHIROACT,15,25,316,10,0,0
G:/SM2/Neerpede/SM2-D/WAV/,D-CHIROACT_20190802_231154_000.wav,Neerpede prairie nord,C. Brabant,C. Brabant,ENVsp,ENVsp,Principal,ENVsp,8,Eptnil,0,2019,8,2,23,11,2/08/2019,23:11,2/08/2019,D-CHIROACT,5,27,0,6,1,0
G:/SM2/Neerpede/SM2-D/WAV/,D-CHIROACT_20190803_000419_000.wav,Neerpede prairie nord,C. Brabant,C. Brabant,Plesp,Plesp,Principal,Plesp,10,Pleaus,5,2019,8,3,0,4,3/08/2019,0:04,2/08/2019,D-CHIROACT,26,27,132,6,1,0
G:/SM2/Neerpede/SM2-D/WAV/,D-CHIROACT_20190803_022630_000.wav,Neerpede prairie nord,C. Brabant,C. Brabant,Plesp,Plesp,Principal,Plesp,8,Pleaus,1,2019,8,3,2,26,3/08/2019,2:26,2/08/2019,D-CHIROACT,15,26,209,5,3,0
G:/SM2/Neerpede/SM2-D/WAV/,D-CHIROACT_20190803_022635_000.wav,Neerpede prairie nord,C. Brabant,C. Brabant,Plesp,Plesp,Principal,Plesp,7,Pleaur,2,2019,8,3,2,26,3/08/2019,2:26,2/08/2019,D-CHIROACT,3,23,0,6,3,0
G:/SM2/Neerpede/SM2-D/WAV/,D-CHIROACT_20190803_040404_187.wav,Neerpede prairie nord,C. Brabant,C. Brabant,Nyclei,Nyclei,Principal,ENVsp,6,Nyclei,6,2019,8,3,4,4,3/08/2019,4:04,2/08/2019,D-CHIROACT,3,23,0,6,0,0
G:/SM2/Neerpede/SM2-D/WAV/,D-CHIROACT_20190803_050915_777.wav,Neerpede prairie nord,C. Brabant,C. Brabant,Plesp,Plesp,Principal,Plesp,10,Pleaus,5,2019,8,3,5,9,3/08/2019,5:09,2/08/2019,D-CHIROACT,16,27,184,6,0,0
G:/SM2/Neerpede/SM2-D/WAV/,D-CHIROACT_20190803_051336_639.wav,Neerpede prairie nord,C. Brabant,C. Brabant,Pipnat,Pipnat,Principal,Pip35,10,Pipnat,10,2019,8,3,5,13,3/08/2019,5:13,2/08/2019,D-CHIROACT,27,38,168,10,7,0
G:/SM2/Neerpede/BL20190802/WAV/,22980037_00000_000.wav,Neerpede vélo,E. Godding,C. Brabant,PippiT,PippiT,Principal,Pip50,10,PippiT,10,2019,8,2,22,15,2/08/2019,22:23,2/08/2019,Batlogger,26,49,80,7,1,0
G:/SM2/Neerpede/BL20190802/WAV/,22980065_00000_000.wav,Neerpede vélo,E. Godding,C. Brabant,Myomys,Myosp,Principal,Myosp,9,Myobec,1,2019,8,2,22,15,2/08/2019,22:28,2/08/2019,Batlogger,27,45,0,4,2,0
G:/SM2/Neerpede/BL20190802/WAV/Project 1/Records/,22980065_20190802.wav,Neerpede vélo,E. Godding,C. Brabant,Myomys,Myosp,Principal,Myosp,9,Myobec,1,2019,8,2,22,15,2/08/2019,22:28,2/08/2019,Batlogger,27,45,0,4,2,0
G:/SM2/Neerpede/BL20190802/WAV/Project 1/Records/,22980065_20190802.wav,Neerpede vélo,E. Godding,C. Brabant,Myomys,Myosp,Principal,Myosp,9,Myobec,1,2019,8,2,22,15,2/08/2019,22:28,2/08/2019,Batlogger,27,45,0,4,2,0
G:/SM2/Neerpede/BL20190802/WAV/,22980100_00000_000.wav,Neerpede vélo,E. Godding,C. Brabant,Nycnoc,ENVsp,Principal,ENVsp,10,Nycnoc,3,2019,8,2,22,15,2/08/2019,22:34,2/08/2019,Batlogger,21,24,0,8,4,0
G:/SM2/Neerpede/BL20190802/WAV/,22980237_00000_000.wav,Neerpede vélo,E. Godding,C. Brabant,Nyclei,ENVsp,Principal,ENVsp,9,Nyclei,4,2019,8,2,22,15,2/08/2019,22:57,2/08/2019,Batlogger,6,25,353,9,0,0
G:/SM2/Neerpede/BL20190802/WAV/,22980293_00000_000.wav,Neerpede vélo,E. Godding,C. Brabant,ENVsp,ENVsp,Principal,ENVsp,8,Vesmur,0,2019,8,2,22,15,2/08/2019,23:08,2/08/2019,Batlogger,1,25,0,4,3,0
G:/SM2/Neerpede/BL20190802/WAV/,22980523_00000_000.wav,Neerpede vélo,E. Godding,C. Brabant,Pipnat,Pipnat,Principal,Pip35,9,Pipnat,9,2019,8,2,22,15,2/08/2019,23:51,2/08/2019,Batlogger,6,40,73,7,1,0
G:/SM2/Neerpede/BL20190802/WAV/Project 1/Records/,22980523_20190802.wav,Neerpede vélo,E. Godding,C. Brabant,Pipnat,Pipnat,Principal,Pip35,9,Pipnat,9,2019,8,2,22,15,2/08/2019,23:51,2/08/2019,Batlogger,6,40,73,7,1,0
G:/SM2/Manoir d'anjou/Batlogger/BL20190727/WAV/,22980199_00000_000.wav,Manoir d'Anjou point d'eau,C. Brabant,C. Brabant,PippiT,PippiT,Principal,Pip50,10,PippiT,10,2019,7,27,23,58,27/07/2019,23:58,27/07/2019,Batlogger,25,45,0,6,2,0
G:/SM2/Manoir d'anjou/Batlogger/BL20190728/WAV/,22980010_00000_000.wav,Manoir d'Anjou point d'eau,C. Brabant,C. Brabant,PippiT,PippiT,Principal,Pip50,10,PippiT,10,2019,7,28,21,26,28/07/2019,21:26,28/07/2019,Batlogger,12,46,87,6,0,0
G:/SM2/Manoir d'anjou/Batlogger/BL20190729/WAV/,22980040_00000_000.wav,Manoir d'Anjou point d'eau,C. Brabant,C. Brabant,PippiT,PippiT,Principal,Pip50,10,PippiT,10,2019,7,29,21,30,29/07/2019,21:30,29/07/2019,Batlogger,2,45,0,5,1,0
G:/SM2/Manoir d'anjou/SM2-C/WAV/,C-CHIROACT_20190728_043804_000.wav,Manoir d'Anjou prairie paturée,C. Brabant,C. Brabant,PippiT,PippiT,Principal,Pip50,10,PippiT,10,2019,7,28,4,38,28/07/2019,4:38,27/07/2019,C-CHIROACT,10,48,89,6,0,0
G:/SM2/Manoir d'anjou/SM2-C/WAV/,C-CHIROACT_20190728_221108_454.wav,Manoir d'Anjou prairie paturée,C. Brabant,C. Brabant,PippiT,PippiT,Principal,Pip50,10,PippiT,10,2019,7,28,22,11,28/07/2019,22:11,28/07/2019,C-CHIROACT,13,49,84,9,1,0
G:/SM2/Manoir d'anjou/SM2-C/WAV/,C-CHIROACT_20190729_220335_411.wav,Manoir d'Anjou prairie paturée,C. Brabant,C. Brabant,PippiT,PippiT,Principal,Pip50,10,PippiT,10,2019,7,29,22,3,29/07/2019,22:03,29/07/2019,C-CHIROACT,5,47,2,6,1,0
G:/SM2/Manoir d'anjou/SM2-C/WAV/,C-CHIROACT_20190729_235123_163.wav,Manoir d'Anjou prairie paturée,C. Brabant,C. Brabant,Myosp,Myosp,Principal,Myosp,8,Myobec,2,2019,7,29,23,51,29/07/2019,23:51,29/07/2019,C-CHIROACT,9,41,105,5,0,0
G:/SM2/Manoir d'anjou/SM2-C/WAV/,C-CHIROACT_20190730_213512_130.wav,Manoir d'Anjou bâtiment,C. Brabant,C. Brabant,PippiT,PippiT,Principal,Pip50,10,PippiT,10,2019,7,30,21,35,30/07/2019,21:35,30/07/2019,C-CHIROACT,9,47,82,5,0,0
G:/SM2/Manoir d'anjou/SM2-C/WAV/,C-CHIROACT_20190731_032440_749.wav,Manoir d'Anjou bâtiment,C. Brabant,C. Brabant,Eptser,ENVsp,Principal,ENVsp,9,Eptser,2,2019,7,31,3,24,31/07/2019,3:24,30/07/2019,C-CHIROACT,16,28,256,6,0,0
G:/SM2/Manoir d'anjou/SM2-C/WAV/,C-CHIROACT_20190731_213336_605.wav,Manoir d'Anjou bâtiment,C. Brabant,C. Brabant,PippiT,PippiT,Principal,Pip50,10,PippiT,10,2019,7,31,21,33,31/07/2019,21:33,31/07/2019,C-CHIROACT,9,48,85,6,0,0
G:/SM2/Manoir d'anjou/SM2-C/WAV/,C-CHIROACT_20190731_223733_123.wav,Manoir d'Anjou bâtiment,C. Brabant,C. Brabant,Nyclei,ENVsp,Principal,ENVsp,6,Nyclei,4,2019,7,31,22,37,31/07/2019,22:37,31/07/2019,C-CHIROACT,9,26,233,7,1,0
G:/SM2/Manoir d'anjou/SM2-C/WAV/,C-CHIROACT_20190801_012420_903.wav,Manoir d'Anjou bâtiment,C. Brabant,C. Brabant,Eptser,ENVsp,Principal,ENVsp,7,Eptser,1,2019,8,1,1,24,1/08/2019,1:24,31/07/2019,C-CHIROACT,24,29,134,5,3,0
G:/SM2/Manoir d'anjou/SM2-C/WAV/,C-CHIROACT_20190801_022324_691.wav,Manoir d'Anjou bâtiment,C. Brabant,C. Brabant,Pippyg,Pippyg,Principal,Pip50,10,Pippyg,8,2019,8,1,2,23,1/08/2019,2:23,31/07/2019,C-CHIROACT,7,52,93,7,0,0
G:/SM2/Manoir d'anjou/SM2-C/WAV/,C-CHIROACT_20190801_213236_105.wav,Manoir d'Anjou bâtiment,C. Brabant,C. Brabant,PippiT,PippiT,Principal,Pip50,10,PippiT,10,2019,8,1,21,32,1/08/2019,21:32,1/08/2019,C-CHIROACT,8,47,75,5,0,0
G:/SM2/Manoir d'anjou/SM2-C/WAV/,C-CHIROACT_20190802_011053_685.wav,Manoir d'Anjou bâtiment,C. Brabant,C. Brabant,Pippyg,Pippyg,Principal,Pip50,10,Pippyg,10,2019,8,2,1,10,2/08/2019,1:10,1/08/2019,C-CHIROACT,6,52,0,8,1,0
G:/SM2/Manoir d'anjou/SM2-D/WAV/,D-CHIROACT_20190727_213824_000.wav,Manoir d'Anjou potager,C. Brabant,C. Brabant,PippiT,PippiT,Principal,Pip50,10,PippiT,10,2019,7,27,21,38,27/07/2019,21:38,27/07/2019,D-CHIROACT,26,48,68,6,0,0
G:/SM2/Manoir d'anjou/SM2-D/WAV/,D-CHIROACT_20190727_221114_000.wav,Manoir d'Anjou potager,C. Brabant,C. Brabant,ENVsp,ENVsp,Secondaire,ENVsp,6,Nyclei,0,2019,7,27,22,11,27/07/2019,22:11,27/07/2019,D-CHIROACT,12,26,0,6,6,0
G:/SM2/Manoir d'anjou/SM2-D/WAV/,D-CHIROACT_20190727_221244_000.wav,Manoir d'Anjou potager,C. Brabant,C. Brabant,Eptser,ENVsp,Principal,ENVsp,9,Eptser,3,2019,7,27,22,12,27/07/2019,22:12,27/07/2019,D-CHIROACT,15,27,142,6,4,0
G:/SM2/Manoir d'anjou/SM2-D/WAV/,D-CHIROACT_20190727_230700_000.wav,Manoir d'Anjou potager,C. Brabant,C. Brabant,ENVsp,ENVsp,Principal,ENVsp,10,Nycnoc,1,2019,7,27,23,7,27/07/2019,23:07,27/07/2019,D-CHIROACT,1,24,0,4,0,0
G:/SM2/Manoir d'anjou/SM2-D/WAV/,D-CHIROACT_20190728_031812_206.wav,Manoir d'Anjou potager,C. Brabant,C. Brabant,ENVsp,ENVsp,Principal,ENVsp,6,Nyclei,1,2019,7,28,3,18,28/07/2019,3:18,27/07/2019,D-CHIROACT,23,27,0,6,5,0
G:/SM2/Manoir d'anjou/SM2-D/WAV/,D-CHIROACT_20190728_050140_886.wav,Manoir d'Anjou potager,C. Brabant,C. Brabant,ENVsp,ENVsp,Principal,ENVsp,6,Nyclei,3,2019,7,28,5,1,28/07/2019,5:01,27/07/2019,D-CHIROACT,6,24,439,7,0,0
G:/SM2/Manoir d'anjou/SM2-D/WAV/,D-CHIROACT_20190728_213404_804.wav,Manoir d'Anjou potager,C. Brabant,C. Brabant,PippiT,PippiT,Principal,Pip50,10,PippiT,10,2019,7,28,21,34,28/07/2019,21:34,28/07/2019,D-CHIROACT,5,44,1,6,1,0
G:/SM2/Manoir d'anjou/SM2-D/WAV/,D-CHIROACT_20190728_215511_221.wav,Manoir d'Anjou potager,C. Brabant,C. Brabant,Eptser,ENVsp,Principal,ENVsp,7,Eptser,1,2019,7,28,21,55,28/07/2019,21:55,28/07/2019,D-CHIROACT,26,29,128,7,5,0
G:/SM2/Manoir d'anjou/SM2-D/WAV/,D-CHIROACT_20190728_222618_554.wav,Manoir d'Anjou potager,C. Brabant,C. Brabant,Nyclei,Nyclei,Principal,ENVsp,6,Nyclei,6,2019,7,28,22,26,28/07/2019,22:26,28/07/2019,D-CHIROACT,6,25,0,6,6,0
G:/SM2/Manoir d'anjou/SM2-D/WAV/,D-CHIROACT_20190728_233920_000.wav,Manoir d'Anjou potager,C. Brabant,C. Brabant,Myosp,ChiroSp,Principal,Myosp,5,Myobra,5,2019,7,28,23,39,28/07/2019,23:39,28/07/2019,D-CHIROACT,5,44,66,4,0,0
G:/SM2/Manoir d'anjou/SM2-D/WAV/,D-CHIROACT_20190729_000728_036.wav,Manoir d'Anjou potager,C. Brabant,C. Brabant,Myosp,Myosp,Principal,Myosp,8,Myobra,3,2019,7,29,0,7,29/07/2019,0:07,28/07/2019,D-CHIROACT,5,44,76,4,0,0
G:/SM2/Manoir d'anjou/SM2-D/WAV/,D-CHIROACT_20190729_011607_293.wav,Manoir d'Anjou potager,C. Brabant,C. Brabant,Myosp,Myosp,Principal,Myosp,7,Myobra,3,2019,7,29,1,16,29/07/2019,1:16,28/07/2019,D-CHIROACT,13,44,81,4,0,0
G:/SM2/Manoir d'anjou/SM2-D/WAV/,D-CHIROACT_20190729_214049_240.wav,Manoir d'Anjou potager,C. Brabant,C. Brabant,PippiT,PippiT,Principal,Pip50,10,PippiT,10,2019,7,29,21,40,29/07/2019,21:40,29/07/2019,D-CHIROACT,20,46,0,7,3,0
G:/SM2/Manoir d'anjou/SM2-D/WAV/,D-CHIROACT_20190729_215256_651.wav,Manoir d'Anjou potager,C. Brabant,C. Brabant,ENVsp,ENVsp,Principal,ENVsp,9,Eptser,0,2019,7,29,21,52,29/07/2019,21:52,29/07/2019,D-CHIROACT,18,27,128,7,0,0
G:/SM2/Manoir d'anjou/SM2-D/WAV/,D-CHIROACT_20190729_220002_029.wav,Manoir d'Anjou potager,C. Brabant,C. Brabant,Nyclei,ENVsp,Principal,ENVsp,10,Nyclei,4,2019,7,29,22,0,29/07/2019,22:00,29/07/2019,D-CHIROACT,8,25,94,7,1,0
G:/SM2/Manoir d'anjou/SM2-D/WAV/,D-CHIROACT_20190730_002057_292.wav,Manoir d'Anjou potager,C. Brabant,C. Brabant,Eptser,ENVsp,Principal,ENVsp,10,Eptser,0,2019,7,30,0,20,30/07/2019,0:20,29/07/2019,D-CHIROACT,7,26,0,5,2,0
G:/SM2/Manoir d'anjou/SM2-D/WAV/,D-CHIROACT_20190730_012817_471.wav,Manoir d'Anjou potager,C. Brabant,C. Brabant,Myomys,Myosp,Principal,Myosp,10,Myobra,0,2019,7,30,1,28,30/07/2019,1:28,29/07/2019,D-CHIROACT,53,46,78,5,1,0
G:/SM2/Manoir d'anjou/SM2-D/WAV/,D-CHIROACT_20190730_020304_538.wav,Manoir d'Anjou potager,C. Brabant,C. Brabant,Myosp,Myosp,Principal,Myosp,7,Myobra,4,2019,7,30,2,3,30/07/2019,2:03,29/07/2019,D-CHIROACT,4,46,63,3,0,0
G:/SM2/Manoir d'anjou/SM2-D/WAV/,D-CHIROACT_20190730_020307_581.wav,Manoir d'Anjou potager,C. Brabant,C. Brabant,Myosp,Myosp,Principal,Myosp,8,Myobra,3,2019,7,30,2,3,30/07/2019,2:03,29/07/2019,D-CHIROACT,9,44,67,4,0,0
G:/SM2/Manoir d'anjou/SM2-D/WAV/,D-CHIROACT_20190730_033027_376.wav,Manoir d'Anjou potager,C. Brabant,C. Brabant,ENVsp,Eptnil,Principal,ENVsp,10,Eptnil,6,2019,7,30,3,30,30/07/2019,3:30,29/07/2019,D-CHIROACT,1,29,337,5,0,0
G:/SM2/Manoir d'anjou/SM2-D/WAV/,D-CHIROACT_20190730_213228_000.wav,Manoir d'Anjou potager,C. Brabant,C. Brabant,PippiT,PippiT,Principal,Pip50,10,PippiT,10,2019,7,30,21,32,30/07/2019,21:32,30/07/2019,D-CHIROACT,10,49,80,7,0,0
G:/SM2/Manoir d'anjou/SM2-D/WAV/,D-CHIROACT_20190730_230939_000.wav,Manoir d'Anjou potager,C. Brabant,C. Brabant,Eptser,ENVsp,Principal,ENVsp,10,Eptser,1,2019,7,30,23,9,30/07/2019,23:09,30/07/2019,D-CHIROACT,12,26,199,6,0,0
G:/SM2/Manoir d'anjou/SM2-D/WAV/,D-CHIROACT_20190731_015857_814.wav,Manoir d'Anjou potager,C. Brabant,C. Brabant,Myomys,Myosp,Principal,Myosp,10,Myobec,0,2019,7,31,1,58,31/07/2019,1:58,30/07/2019,D-CHIROACT,41,44,76,4,1,0
G:/SM2/Manoir d'anjou/SM2-D/WAV/,D-CHIROACT_20190731_020310_052.wav,Manoir d'Anjou potager,C. Brabant,C. Brabant,Myonat,Myosp,Principal,Myosp,10,Myobec,2,2019,7,31,2,3,31/07/2019,2:03,30/07/2019,D-CHIROACT,55,46,73,4,2,0
G:/SM2/Manoir d'anjou/SM2-D/WAV/,D-CHIROACT_20190731_020632_910.wav,Manoir d'Anjou potager,C. Brabant,C. Brabant,Myomys,Myosp,Principal,Myosp,10,Myobec,0,2019,7,31,2,6,31/07/2019,2:06,30/07/2019,D-CHIROACT,62,45,64,4,1,0
G:/SM2/Manoir d'anjou/SM2-D/WAV/,D-CHIROACT_20190731_020637_910.wav,Manoir d'Anjou potager,C. Brabant,C. Brabant,Myomys,Myosp,Principal,Myosp,8,Myobec,2,2019,7,31,2,6,31/07/2019,2:06,30/07/2019,D-CHIROACT,20,46,0,4,0,0
G:/SM2/Manoir d'anjou/SM2-D/WAV/,D-CHIROACT_20190731_020709_065.wav,Manoir d'Anjou potager,C. Brabant,C. Brabant,Myosp,Myosp,Principal,Myosp,8,Myobra,2,2019,7,31,2,7,31/07/2019,2:07,30/07/2019,D-CHIROACT,18,44,76,4,0,0
G:/SM2/Manoir d'anjou/SM2-D/WAV/,D-CHIROACT_20190731_021308_739.wav,Manoir d'Anjou potager,C. Brabant,C. Brabant,Myomys,Myosp,Principal,Myosp,7,Myobec,3,2019,7,31,2,13,31/07/2019,2:13,30/07/2019,D-CHIROACT,8,47,72,4,0,0
G:/SM2/Manoir d'anjou/SM2-D/WAV/,D-CHIROACT_20190731_021830_919.wav,Manoir d'Anjou potager,C. Brabant,C. Brabant,Myonat,Myosp,Principal,Myosp,10,Myobec,2,2019,7,31,2,18,31/07/2019,2:18,30/07/2019,D-CHIROACT,57,45,70,5,1,0
G:/SM2/Manoir d'anjou/SM2-D/WAV/,D-CHIROACT_20190731_023728_716.wav,Manoir d'Anjou potager,C. Brabant,C. Brabant,Myosp,Myosp,Principal,Myosp,7,Myobra,2,2019,7,31,2,37,31/07/2019,2:37,30/07/2019,D-CHIROACT,16,45,78,4,0,0
G:/SM2/Manoir d'anjou/SM2-D/WAV/,D-CHIROACT_20190731_025006_801.wav,Manoir d'Anjou potager,C. Brabant,C. Brabant,Myonat,Myosp,Principal,Myosp,10,Myobec,2,2019,7,31,2,50,31/07/2019,2:50,30/07/2019,D-CHIROACT,50,45,76,4,0,0
G:/SM2/Manoir d'anjou/SM2-D/WAV/,D-CHIROACT_20190731_025922_650.wav,Manoir d'Anjou potager,C. Brabant,C. Brabant,Myonat,Myosp,Principal,Myosp,10,Myobec,3,2019,7,31,2,59,31/07/2019,2:59,30/07/2019,D-CHIROACT,50,46,68,4,0,0
G:/SM2/Manoir d'anjou/SM2-D/WAV/,D-CHIROACT_20190731_030000_812.wav,Manoir d'Anjou potager,C. Brabant,C. Brabant,Myonat,Myosp,Principal,Myosp,10,Myobec,2,2019,7,31,3,0,31/07/2019,3:00,30/07/2019,D-CHIROACT,51,45,64,4,0,0
G:/SM2/Manoir d'anjou/SM2-D/WAV/,D-CHIROACT_20190731_030324_059.wav,Manoir d'Anjou potager,C. Brabant,C. Brabant,Myosp,Myosp,Principal,Myosp,10,Myobec,0,2019,7,31,3,3,31/07/2019,3:03,30/07/2019,D-CHIROACT,64,45,71,4,1,0
G:/SM2/Manoir d'anjou/SM2-D/WAV/,D-CHIROACT_20190731_030413_399.wav,Manoir d'Anjou potager,C. Brabant,C. Brabant,Myosp,ChiroSp,Principal,Myosp,4,Myobra,2,2019,7,31,3,4,31/07/2019,3:04,30/07/2019,D-CHIROACT,5,44,61,4,0,0
G:/SM2/Manoir d'anjou/SM2-D/WAV/,D-CHIROACT_20190731_032836_311.wav,Manoir d'Anjou potager,C. Brabant,C. Brabant,Myomys,Myosp,Principal,Myosp,10,Myobec,1,2019,7,31,3,28,31/07/2019,3:28,30/07/2019,D-CHIROACT,43,46,75,4,0,0
G:/SM2/Manoir d'anjou/SM2-D/WAV/,D-CHIROACT_20190731_040253_037.wav,Manoir d'Anjou potager,C. Brabant,C. Brabant,Nyclei,Nyclei,Principal,ENVsp,7,Nyclei,7,2019,7,31,4,2,31/07/2019,4:02,30/07/2019,D-CHIROACT,10,24,0,9,2,0
G:/SM2/Manoir d'anjou/SM2-D/WAV/,D-CHIROACT_20190731_041425_633.wav,Manoir d'Anjou potager,C. Brabant,C. Brabant,Myonat,Myosp,Principal,Myosp,9,Myobec,2,2019,7,31,4,14,31/07/2019,4:14,30/07/2019,D-CHIROACT,58,45,68,4,1,0
G:/SM2/Manoir d'anjou/SM2-D/WAV/,D-CHIROACT_20190731_213247_309.wav,Manoir d'Anjou potager,C. Brabant,C. Brabant,PippiT,PippiT,Principal,Pip50,10,PippiT,10,2019,7,31,21,32,31/07/2019,21:32,31/07/2019,D-CHIROACT,27,47,83,8,0,0
G:/SM2/Manoir d'anjou/SM2-D/WAV/,D-CHIROACT_20190731_220557_840.wav,Manoir d'Anjou potager,C. Brabant,C. Brabant,Pleaur,Plesp,Principal,Plesp,10,Pleaur,4,2019,7,31,22,5,31/07/2019,22:05,31/07/2019,D-CHIROACT,9,24,142,6,5,0
G:/SM2/Manoir d'anjou/SM2-D/WAV/,D-CHIROACT_20190801_030548_131.wav,Manoir d'Anjou potager,C. Brabant,C. Brabant,Myonat,Myosp,Principal,Myosp,10,Myobec,2,2019,8,1,3,5,1/08/2019,3:05,31/07/2019,D-CHIROACT,44,47,61,4,1,0
G:/SM2/Manoir d'anjou/SM2-D/WAV/,D-CHIROACT_20190801_032709_851.wav,Manoir d'Anjou potager,C. Brabant,C. Brabant,ENVsp,ENVsp,Principal,ENVsp,10,Vesmur,2,2019,8,1,3,27,1/08/2019,3:27,31/07/2019,D-CHIROACT,1,26,0,5,3,0
G:/SM2/Manoir d'anjou/SM2-D/WAV/,D-CHIROACT_20190801_032714_851.wav,Manoir d'Anjou potager,C. Brabant,C. Brabant,Eptser,ENVsp,Principal,ENVsp,10,Eptser,2,2019,8,1,3,27,1/08/2019,3:27,31/07/2019,D-CHIROACT,15,26,301,7,0,0
G:/SM2/Manoir d'anjou/SM2-D/WAV/,D-CHIROACT_20190801_213511_913.wav,Manoir d'Anjou potager,C. Brabant,C. Brabant,PippiT,PippiT,Principal,Pip50,10,PippiT,10,2019,8,1,21,35,1/08/2019,21:35,1/08/2019,D-CHIROACT,4,44,91,6,0,0
G:/SM2/Manoir d'anjou/SM2-D/WAV/,D-CHIROACT_20190801_215754_817.wav,Manoir d'Anjou potager,C. Brabant,C. Brabant,Eptser,ENVsp,Secondaire,ENVsp,6,Eptnil,2,2019,8,1,21,57,1/08/2019,21:57,1/08/2019,D-CHIROACT,9,29,133,7,0,0
G:/SM2/Manoir d'anjou/SM2-D/WAV/,D-CHIROACT_20190802_013247_831.wav,Manoir d'Anjou potager,C. Brabant,C. Brabant,ENVsp,ENVsp,Principal,ENVsp,7,Eptser,3,2019,8,2,1,32,2/08/2019,1:32,1/08/2019,D-CHIROACT,14,23,0,7,2,0
G:/SM2/Manoir d'anjou/SM2-D/WAV/,D-CHIROACT_20190802_020620_000.wav,Manoir d'Anjou potager,C. Brabant,C. Brabant,Myosp,Myosp,Principal,Myosp,6,Myobra,2,2019,8,2,2,6,2/08/2019,2:06,1/08/2019,D-CHIROACT,16,46,69,4,0,0
G:/SM2/Manoir d'anjou/SM2-D/WAV/,D-CHIROACT_20190802_031158_484.wav,Manoir d'Anjou potager,C. Brabant,C. Brabant,ENVsp,ENVsp,Principal,ENVsp,10,Nyclei,2,2019,8,2,3,11,2/08/2019,3:11,1/08/2019,D-CHIROACT,5,26,280,7,0,0
G:/SM2/Manoir d'anjou/SM2-D/WAV/,D-CHIROACT_20190802_031523_978.wav,Manoir d'Anjou potager,C. Brabant,C. Brabant,Myosp,ChiroSp,Principal,Myosp,5,Myobra,3,2019,8,2,3,15,2/08/2019,3:15,1/08/2019,D-CHIROACT,12,45,78,4,0,0
G:/SM2/Manoir d'anjou/SM2-D/WAV1/,D-CHIROACT_20190802_031523_978.wav,Manoir d'Anjou potager,C. Brabant,C. Brabant,Myosp,ChiroSp,Principal,Myosp,5,Myobra,3,2019,8,2,3,15,2/08/2019,3:15,1/08/2019,D-CHIROACT,12,45,78,4,0,0
G:/SM2/Manoir d'anjou/SM2-D/WAV1/,D-CHIROACT_20190802_040140_000.wav,Manoir d'Anjou potager,C. Brabant,C. Brabant,Myosp,Myosp,Principal,Myosp,7,Myobra,2,2019,8,2,4,1,2/08/2019,4:01,1/08/2019,D-CHIROACT,14,47,70,4,0,0
G:/SM2/Manoir d'anjou/SM2-D/WAV1/,D-CHIROACT_20190802_044850_000.wav,Manoir d'Anjou potager,C. Brabant,C. Brabant,Nyclei,ENVsp,Principal,ENVsp,10,Nyclei,3,2019,8,2,4,48,2/08/2019,4:48,1/08/2019,D-CHIROACT,2,23,0,7,0,0
