Dossier,Fichier,Id_avant validation,Id,Validation,Contact,Groupe,IGp,Espece,ISp,Annee,Mois,Jour,Heure,Minute,Date,Temps,Date_nuit,Lieu,NbCris,Fdom,IntMed,Iqual,Ics,Ibuz,Site ,Zone,site Natura 2000,Habitat1,Habitat2,Machine,Opérateur,Projet
F:/Life Prairies Bocagères/SM2A/WAV/,A-LPB_20180626_232039_000.wav,Eptnil,ENVsp,C. Brabant,Principal,ENVsp,8,Eptnil,6,2018,6,26,23,20,26/06/2018,23:20,26/06/2018,A-LPB,1,29,0,5,1,0,Verger Marie Quoilin,Famenne,hors sites,Lisière vraie (milieu ouvert/milieux forestier),Bande boisée et alignement d'arbres,SM2-A,L. Pontet,Life Prairies Bocagères
F:/Life Prairies Bocagères/SM2A/WAV/,A-LPB_20180626_234400_147.wav,Eptnil,ENVsp,C. Brabant,Principal,ENVsp,8,Eptnil,8,2018,6,26,23,44,26/06/2018,23:44,26/06/2018,A-LPB,1,30,0,6,3,0,Verger Marie Quoilin,Famenne,hors sites,Lisière vraie (milieu ouvert/milieux forestier),Bande boisée et alignement d'arbres,SM2-A,L. Pontet,Life Prairies Bocagères
F:/Life Prairies Bocagères/SM2A/WAV/,A-LPB_20180627_000141_645.wav,Eptnil,Eptser,C. Brabant,Principal,ENVsp,8,Eptnil,8,2018,6,27,0,1,27/06/2018,0:01,26/06/2018,A-LPB,15,31,134,7,2,0,Verger Marie Quoilin,Famenne,hors sites,Lisière vraie (milieu ouvert/milieux forestier),Bande boisée et alignement d'arbres,SM2-A,L. Pontet,Life Prairies Bocagères
F:/Life Prairies Bocagères/SM2B/WAV/,B-LPB_20180620_225203_643.wav,ENVsp,ENVsp,L. Pontet,Principal,ENVsp,8,Eptnil,3,2018,6,20,22,52,20/06/2018,22:52,20/06/2018,B-LPB,7,29,116,6,0,0,Tienne du Grand Sart,Famenne,BE35035,Prairie/culture,Haie,SM2-B,L. Pontet,Life Prairies Bocagères
F:/Life Prairies Bocagères/SM2B/WAV/,B-LPB_20180620_225011_422.wav,ENVsp,ENVsp,L. Pontet,Principal,ENVsp,7,Eptnil,2,2018,6,20,22,50,20/06/2018,22:50,20/06/2018,B-LPB,37,29,89,6,3,0,Tienne du Grand Sart,Famenne,BE35035,Prairie/culture,Haie,SM2-B,L. Pontet,Life Prairies Bocagères
G:/Life Prairies Bocagères/Reserve d'Aye/SM2A/WAV/,A-LPB_20180808_230914_000.wav,ENVsp,Eptser,C. Brabant,Principal,ENVsp,10,Eptnil,2,2018,8,8,23,9,8/08/2018,23:09,8/08/2018,A-LPB,24,28,209,8,2,0,Réserve d'Aye,Famenne,hors sites,Prairie,Bande boisée et alignement d'arbres,SM2-A,C. Brabant et P. Lighezzolo,Life Prairies Bocagères
F:/Life Prairies Bocagères/SM2B/WAV/,B-LPB_20180621_043810_891.wav,ENVsp,Eptser,L. Pontet et C. Brabant,Principal,ENVsp,9,Eptser,4,2018,6,21,4,38,21/06/2018,4:38,20/06/2018,B-LPB,19,26,160,7,5,0,Tienne du Grand Sart,Famenne,BE35035,Prairie/culture,Haie,SM2-B,L. Pontet,Life Prairies Bocagères
F:/Life Prairies Bocagères/SM2B/WAV/,B-LPB_20180621_222024_000.wav,ENVsp,Eptser,C. Brabant,Principal,ENVsp,6,Eptser,3,2018,6,21,22,20,21/06/2018,22:20,21/06/2018,B-LPB,7,26,139,5,0,0,Tienne du Grand Sart,Famenne,BE35035,Prairie/culture,Haie,SM2-B,L. Pontet,Life Prairies Bocagères
G:/Life Prairies Bocagères/Reserve d'Aye/SM2A/WAV/,A-LPB_20180807_230924_000.wav,ENVsp,Eptser,C. Brabant,Principal,ENVsp,10,Eptser,3,2018,8,7,23,9,7/08/2018,23:09,7/08/2018,A-LPB,17,27,136,7,4,0,Réserve d'Aye,Famenne,hors sites,Prairie,Bande boisée et alignement d'arbres,SM2-A,C. Brabant et P. Lighezzolo,Life Prairies Bocagères
G:/Life Prairies Bocagères/Reserve d'Aye/SM2A/WAV/,A-LPB_20180808_050502_311.wav,ENVsp,ENVsp,C. Brabant,Principal,ENVsp,10,Eptser,2,2018,8,8,5,5,8/08/2018,5:05,7/08/2018,A-LPB,11,25,247,6,2,0,Réserve d'Aye,Famenne,hors sites,Prairie,Bande boisée et alignement d'arbres,SM2-A,C. Brabant et P. Lighezzolo,Life Prairies Bocagères
G:/Life Prairies Bocagères/Reserve d'Aye/SM2A/WAV/,A-LPB_20180808_215719_000.wav,ENVsp,ENVsp,C. Brabant,Principal,ENVsp,10,Eptser,4,2018,8,8,21,57,8/08/2018,21:57,8/08/2018,A-LPB,13,26,123,6,2,0,Réserve d'Aye,Famenne,hors sites,Prairie,Bande boisée et alignement d'arbres,SM2-A,C. Brabant et P. Lighezzolo,Life Prairies Bocagères
G:/Life Prairies Bocagères/Reserve d'Aye/SM2C/WAV/,C-LPB_20180807_223104_000.wav,ENVsp,Eptser,C. Brabant,Secondaire,ENVsp,10,Eptser,2,2018,8,7,22,31,7/08/2018,22:31,7/08/2018,C-LPB,9,27,111,7,3,0,Réserve d'Aye,Famenne,hors sites,Forêt feuillue,,SM2-C,C. Brabant et P. Lighezzolo,Life Prairies Bocagères
G:/Life Prairies Bocagères/Reserve d'Aye/SM2C/WAV/,C-LPB_20180808_003247_028.wav,ENVsp,Eptser,C. Brabant,Secondaire,ENVsp,10,Eptser,2,2018,8,8,0,32,8/08/2018,0:32,7/08/2018,C-LPB,4,25,433,7,0,0,Réserve d'Aye,Famenne,hors sites,Forêt feuillue,,SM2-C,C. Brabant et P. Lighezzolo,Life Prairies Bocagères
F:/Life Prairies Bocagères/Nouveau dossier/SM4/WAV/,S4U00311_20180815_223031_000.wav,ChiroSp,Eptser,P. Nyssen,Principal,Myosp,1,Myodas,1,2018,8,15,22,30,15/08/2018,22:30,15/08/2018,S4U00311,103,38,0,7,8,5,prés de virelles ug02,Fagne,BE32036,Prairie,Bande boisée et alignement d'arbres,SM24,O. Kints,Life Prairies Bocagères
F:/Life Prairies Bocagères/Nouveau dossier/SM4/WAV/,S4U00311_20180815_223031_000.wav,ChiroSp,Myodau,P. Nyssen,Secondaire,Myosp,1,Myodas,1,2018,8,15,22,30,15/08/2018,22:30,15/08/2018,S4U00311,103,38,0,7,8,5,prés de virelles ug02,Fagne,BE32036,Prairie,Bande boisée et alignement d'arbres,SM24,O. Kints,Life Prairies Bocagères
F:/Life Prairies Bocagères/Nouveau dossier/SM4/WAV/,S4U00311_20180815_015710_000.wav,ChiroSp,Myomys,P. Nyssen,Principal,Myosp,0,Myoalc,0,2018,8,15,1,57,15/08/2018,1:57,14/08/2018,S4U00311,95,47,0,6,3,0,prés de virelles ug02,Fagne,BE32036,Prairie,Bande boisée et alignement d'arbres,SM24,O. Kints,Life Prairies Bocagères
G:/Life Prairies Bocagères/Reserve d'Aye/SM2C/WAV/,C-LPB_20180807_224025_870.wav,ChiroSp,Myosp,P. Nyssen,Principal,Myosp,0,Myomys,0,2018,8,7,22,40,7/08/2018,22:40,7/08/2018,C-LPB,84,47,57,7,2,0,Réserve d'Aye,Famenne,hors sites,Forêt feuillue,,SM2-C,C. Brabant et P. Lighezzolo,Life Prairies Bocagères
F:/Life Prairies Bocagères/SM2A/WAV/,A-LPB_20180627_041724_965.wav,ChiroSp,Myomyo,C. Brabant,Principal,Myosp,4,Myonat,4,2018,6,27,4,17,27/06/2018,4:17,26/06/2018,A-LPB,74,29,46,8,6,2,Verger Marie Quoilin,Famenne,hors sites,Lisière vraie (milieu ouvert/milieux forestier),Bande boisée et alignement d'arbres,SM2-A,L. Pontet,Life Prairies Bocagères
F:/Life Prairies Bocagères/Nouveau dossier/SM4/WAV/,S4U00311_20180814_005410_000.wav,Myosp,Myomys,C. Brabant,Principal,Myosp,8,Myomys,3,2018,8,14,0,54,14/08/2018,0:54,13/08/2018,S4U00311,72,49,0,7,2,0,prés de virelles ug02,Fagne,BE32036,Prairie,Bande boisée et alignement d'arbres,SM24,O. Kints,Life Prairies Bocagères
G:/Life Prairies Bocagères/Reserve d'Aye/SM2C/WAV/,C-LPB_20180808_222505_000.wav,ChiroSp,Myodau,P. Nyssen,Principal,Myosp,4,Myomys,1,2018,8,8,22,25,8/08/2018,22:25,8/08/2018,C-LPB,68,48,60,6,4,0,Réserve d'Aye,Famenne,hors sites,Forêt feuillue,,SM2-C,C. Brabant et P. Lighezzolo,Life Prairies Bocagères
G:/Life Prairies Bocagères/Reserve d'Aye/SM2C/WAV/,C-LPB_20180808_025416_390.wav,ChiroSp,Myodau,P. Nyssen,Principal,Myosp,3,Myomys,1,2018,8,8,2,54,8/08/2018,2:54,7/08/2018,C-LPB,68,47,0,6,7,0,Réserve d'Aye,Famenne,hors sites,Forêt feuillue,,SM2-C,C. Brabant et P. Lighezzolo,Life Prairies Bocagères
G:/Life Prairies Bocagères/Reserve d'Aye/SM2C/WAV/,C-LPB_20180808_011735_877.wav,ChiroSp,PippiT,P. Nyssen,Principal,Myosp,2,Myoema,2,2018,8,8,1,17,8/08/2018,1:17,7/08/2018,C-LPB,67,56,20,3,2,3,Réserve d'Aye,Famenne,hors sites,Forêt feuillue,,SM2-C,C. Brabant et P. Lighezzolo,Life Prairies Bocagères
G:/Life Prairies Bocagères/Reserve d'Aye/SM2A/WAV/,A-LPB_20180808_223954_000.wav,ChiroSp,Myosp,P. Nyssen,Principal,Myosp,5,Myobra,0,2018,8,8,22,39,8/08/2018,22:39,8/08/2018,A-LPB,64,45,53,4,2,1,Réserve d'Aye,Famenne,hors sites,Prairie,Bande boisée et alignement d'arbres,SM2-A,C. Brabant et P. Lighezzolo,Life Prairies Bocagères
G:/Life Prairies Bocagères/Reserve d'Aye/SM2C/WAV/,C-LPB_20180809_035806_163.wav,Myosp,Myomys,C. Brabant,Principal,Myosp,10,Myomys,0,2018,8,9,3,58,9/08/2018,3:58,8/08/2018,C-LPB,63,47,0,5,2,0,Réserve d'Aye,Famenne,hors sites,Forêt feuillue,,SM2-C,C. Brabant et P. Lighezzolo,Life Prairies Bocagères
F:/Life Prairies Bocagères/Nouveau dossier/SM4/WAV/,S4U00311_20180815_012825_000.wav,ChiroSp,Myonat,C. Brabant,Principal,Myosp,5,Myonat,3,2018,8,15,1,28,15/08/2018,1:28,14/08/2018,S4U00311,61,34,61,5,5,4,prés de virelles ug02,Fagne,BE32036,Prairie,Bande boisée et alignement d'arbres,SM24,O. Kints,Life Prairies Bocagères
F:/Life Prairies Bocagères/SM2A/WAV/,A-LPB_20180617_001140_221.wav,ChiroSp,Myoalc,C. Brabant - P. Nyssen,Principal,Myosp,2,Myoalc,2,2018,6,17,0,11,17/06/2018,0:11,16/06/2018,A-LPB,59,52,0,3,0,0,Roche Madoux point 1,Fagne,BE35030,Lisière vraie (milieu ouvert/milieux forestier),Haie,SM2-A,L. Pontet,Life Prairies Bocagères
F:/Life Prairies Bocagères/Nouveau dossier/SM2E/WAV/,E-LPB_20180817_220340_000.wav,ChiroSp,Myosp,C. Brabant,Principal,Myosp,4,Myodau,3,2018,8,17,22,3,17/08/2018,22:03,17/08/2018,E-LPB,56,49,79,4,2,0,Baquet grande fagne,Fagne,BE35019,Plan d'eau - mare (< 50m²),Haie,SM2-E,O. Kints,Life Prairies Bocagères
G:/Life Prairies Bocagères/Reserve d'Aye/SM2A/WAV/,A-LPB_20180808_220839_000.wav,Myosp,Myodau,C. Brabant,Principal,Myosp,8,Myobra,0,2018,8,8,22,8,8/08/2018,22:08,8/08/2018,A-LPB,55,45,59,3,1,0,Réserve d'Aye,Famenne,hors sites,Prairie,Bande boisée et alignement d'arbres,SM2-A,C. Brabant et P. Lighezzolo,Life Prairies Bocagères
F:/Life Prairies Bocagères/Nouveau dossier/SM4/WAV/,S4U00311_20180814_030702_000.wav,Myosp,Myosp,C. Brabant,Principal,Myosp,6,Myobec,2,2018,8,14,3,7,14/08/2018,3:07,13/08/2018,S4U00311,53,44,0,6,2,0,prés de virelles ug02,Fagne,BE32036,Prairie,Bande boisée et alignement d'arbres,SM24,O. Kints,Life Prairies Bocagères
F:/Life Prairies Bocagères/Nouveau dossier/SM4/WAV/,S4U00311_20180816_000848_000.wav,ChiroSp,Myomyo,C. Brabant,Principal,Myosp,4,Myobec,4,2018,8,16,0,8,16/08/2018,0:08,15/08/2018,S4U00311,53,36,110,7,4,0,prés de virelles ug02,Fagne,BE32036,Prairie,Bande boisée et alignement d'arbres,SM24,O. Kints,Life Prairies Bocagères
F:/Life Prairies Bocagères/Nouveau dossier/SM2D/WAV/,D-LPB_20180817_000522_796.wav,ChiroSp,Myosp,C. Brabant,Principal,Myosp,4,Myobra,1,2018,8,17,0,5,17/08/2018,0:05,16/08/2018,D-LPB,53,49,63,4,1,0,verger olivier kints,Condroz,hors sites,Prairie,Bande boisée et alignement d'arbres,SM2-D,O. Kints,Life Prairies Bocagères
F:/Life Prairies Bocagères/SM2E/WAV/,E-LPB_20180701_035843_311.wav,ChiroSp,Myodau,C. Brabant,Principal,Myosp,3,Myodau,3,2018,7,1,3,58,1/07/2018,3:58,30/06/2018,E-LPB,53,47,88,5,1,0,Behotte point 1,Famenne,BE35025,Prairie,"Route (induré, circulation véhicule rapide)",SM2-E,L. Pontet et D.Grison,Life Prairies Bocagères
F:/Life Prairies Bocagères/Nouveau dossier/SM2D/WAV/,D-LPB_20180817_003203_109.wav,ChiroSp,Myosp,C. Brabant,Principal,Myosp,4,Myobra,1,2018,8,17,0,32,17/08/2018,0:32,16/08/2018,D-LPB,52,49,0,3,0,0,verger olivier kints,Condroz,hors sites,Prairie,Bande boisée et alignement d'arbres,SM2-D,O. Kints,Life Prairies Bocagères
G:/Life Prairies Bocagères/Reserve d'Aye/SM2C/WAV/,C-LPB_20180808_034006_320.wav,Myosp,Myomys,C. Brabant,Principal,Myosp,8,Myomys,1,2018,8,8,3,40,8/08/2018,3:40,7/08/2018,C-LPB,51,50,0,3,1,0,Réserve d'Aye,Famenne,hors sites,Forêt feuillue,,SM2-C,C. Brabant et P. Lighezzolo,Life Prairies Bocagères
F:/Life Prairies Bocagères/SM2A/WAV/,A-LPB_20180628_040950_028.wav,Myosp,Myonat,C. Brabant,Principal,Myosp,6,Myonat,5,2018,6,28,4,9,28/06/2018,4:09,27/06/2018,A-LPB,50,38,77,5,3,0,Verger Marie Quoilin,Famenne,hors sites,Lisière vraie (milieu ouvert/milieux forestier),Bande boisée et alignement d'arbres,SM2-A,L. Pontet,Life Prairies Bocagères
G:/Life Prairies Bocagères/Reserve d'Aye/SM2C/WAV/,C-LPB_20180808_030232_600.wav,Myosp,Myomys,C. Brabant,Principal,Myosp,10,Myomys,1,2018,8,8,3,2,8/08/2018,3:02,7/08/2018,C-LPB,50,47,0,6,1,0,Réserve d'Aye,Famenne,hors sites,Forêt feuillue,,SM2-C,C. Brabant et P. Lighezzolo,Life Prairies Bocagères
F:/Life Prairies Bocagères/SM2A/WAV/,A-LPB_20180610_013956_821.wav,Myosp,Myomys,C. Brabant,Principal,Myosp,10,Myobec,4,2018,6,10,1,39,10/06/2018,1:39,9/06/2018,A-LPB,49,39,78,6,2,0,Virelles point 1,Fagne,BE32036,Lisière vraie (milieu ouvert/milieux forestier),Haie,SM2-A,L. Pontet et C. Brabant,Life Prairies Bocagères
F:/Life Prairies Bocagères/SM2E/WAV/,E-LPB_20180629_225451_536.wav,ChiroSp,Myomys,C. Brabant,Principal,Myosp,3,Myodau,3,2018,6,29,22,54,29/06/2018,22:54,29/06/2018,E-LPB,49,48,64,4,2,0,Behotte point 1,Famenne,BE35025,Prairie,"Route (induré, circulation véhicule rapide)",SM2-E,L. Pontet et D.Grison,Life Prairies Bocagères
F:/Life Prairies Bocagères/SM2E/WAV/,E-LPB_20180616_035242_208.wav,ChiroSp,Myoalc,C. Brabant,Principal,Myosp,3,Myobra,3,2018,6,16,3,52,16/06/2018,3:52,15/06/2018,E-LPB,49,47,81,4,0,0,Réserve du fil Maillet,Fagne,BE35030,Forêt feuillue,Bande boisée et alignement d'arbres,SM2-E,L. Pontet,Life Prairies Bocagères
G:/Life Prairies Bocagères/Reserve d'Aye/SM2C/WAV/,C-LPB_20180809_025939_993.wav,Myosp,Myomys,C. Brabant,Principal,Myosp,10,Myomys,0,2018,8,9,2,59,9/08/2018,2:59,8/08/2018,C-LPB,49,47,54,5,3,0,Réserve d'Aye,Famenne,hors sites,Forêt feuillue,,SM2-C,C. Brabant et P. Lighezzolo,Life Prairies Bocagères
G:/Life Prairies Bocagères/Reserve d'Aye/SM2A/WAV/,A-LPB_20180807_220114_000.wav,Myosp,Myomys,C. Brabant,Principal,Myosp,8,Myomys,0,2018,8,7,22,1,7/08/2018,22:01,7/08/2018,A-LPB,49,47,51,2,1,0,Réserve d'Aye,Famenne,hors sites,Prairie,Bande boisée et alignement d'arbres,SM2-A,C. Brabant et P. Lighezzolo,Life Prairies Bocagères
G:/Life Prairies Bocagères/Reserve d'Aye/SM2C/WAV/,C-LPB_20180807_224556_905.wav,Myosp,Myomys,P. Nyssen,Principal,Myosp,8,Myobra,0,2018,8,7,22,45,7/08/2018,22:45,7/08/2018,C-LPB,48,47,0,5,2,0,Réserve d'Aye,Famenne,hors sites,Forêt feuillue,,SM2-C,C. Brabant et P. Lighezzolo,Life Prairies Bocagères
F:/Life Prairies Bocagères/SM2A/WAV/,A-LPB_20180608_015236_429.wav,Myosp,Myosp,C. Brabant,Principal,Myosp,7,Myobra,3,2018,6,8,1,52,8/06/2018,1:52,7/06/2018,A-LPB,47,44,89,5,0,0,Virelles point 1,Fagne,BE32036,Lisière vraie (milieu ouvert/milieux forestier),Haie,SM2-A,L. Pontet et C. Brabant,Life Prairies Bocagères
G:/Life Prairies Bocagères/Reserve d'Aye/SM2A/WAV/,A-LPB_20180808_221244_000.wav,Myosp,Myodau,C. Brabant,Principal,Myosp,8,Myobra,1,2018,8,8,22,12,8/08/2018,22:12,8/08/2018,A-LPB,46,44,58,3,1,0,Réserve d'Aye,Famenne,hors sites,Prairie,Bande boisée et alignement d'arbres,SM2-A,C. Brabant et P. Lighezzolo,Life Prairies Bocagères
F:/Life Prairies Bocagères/SM2A/WAV/,A-LPB_20180628_041012_023.wav,Myosp,Myonat,C. Brabant,Principal,Myosp,6,Myonat,5,2018,6,28,4,10,28/06/2018,4:10,27/06/2018,A-LPB,46,35,68,4,2,1,Verger Marie Quoilin,Famenne,hors sites,Lisière vraie (milieu ouvert/milieux forestier),Bande boisée et alignement d'arbres,SM2-A,L. Pontet,Life Prairies Bocagères
G:/Life Prairies Bocagères/Reserve d'Aye/SM2A/WAV/,A-LPB_20180807_220119_000.wav,Myosp,Myomys,C. Brabant,Principal,Myosp,7,Myobra,1,2018,8,7,22,1,7/08/2018,22:01,7/08/2018,A-LPB,45,44,0,4,1,0,Réserve d'Aye,Famenne,hors sites,Prairie,Bande boisée et alignement d'arbres,SM2-A,C. Brabant et P. Lighezzolo,Life Prairies Bocagères
G:/Life Prairies Bocagères/Reserve d'Aye/SM2C/WAV/,C-LPB_20180809_002116_585.wav,Myosp,Myomys,C. Brabant,Principal,Myosp,10,Myomys,2,2018,8,9,0,21,9/08/2018,0:21,8/08/2018,C-LPB,45,47,0,4,1,0,Réserve d'Aye,Famenne,hors sites,Forêt feuillue,,SM2-C,C. Brabant et P. Lighezzolo,Life Prairies Bocagères
F:/Life Prairies Bocagères/SM2A/WAV/,A-LPB_20180610_041240_433.wav,Myosp,Myomys,C. Brabant,Principal,Myosp,10,Myomys,3,2018,6,10,4,12,10/06/2018,4:12,9/06/2018,A-LPB,44,47,0,4,0,0,Virelles point 1,Fagne,BE32036,Lisière vraie (milieu ouvert/milieux forestier),Haie,SM2-A,L. Pontet et C. Brabant,Life Prairies Bocagères
F:/Life Prairies Bocagères/Nouveau dossier/SM4/WAV/,S4U00311_20180816_013435_000.wav,Myosp,Myomys,C. Brabant,Principal,Myosp,10,Myonat,4,2018,8,16,1,34,16/08/2018,1:34,15/08/2018,S4U00311,43,46,65,5,2,0,prés de virelles ug02,Fagne,BE32036,Prairie,Bande boisée et alignement d'arbres,SM24,O. Kints,Life Prairies Bocagères
F:/Life Prairies Bocagères/SM2A/WAV/,A-LPB_20180627_040312_641.wav,ChiroSp,Myobra,C. Brabant,Principal,Myosp,3,Myonat,3,2018,6,27,4,3,27/06/2018,4:03,26/06/2018,A-LPB,42,38,86,5,2,0,Verger Marie Quoilin,Famenne,hors sites,Lisière vraie (milieu ouvert/milieux forestier),Bande boisée et alignement d'arbres,SM2-A,L. Pontet,Life Prairies Bocagères
F:/Life Prairies Bocagères/SM2A/WAV/,A-LPB_20180628_041022_023.wav,Myosp,Myosp,C. Brabant,Principal,Myosp,6,Myonat,3,2018,6,28,4,10,28/06/2018,4:10,27/06/2018,A-LPB,42,29,93,4,4,0,Verger Marie Quoilin,Famenne,hors sites,Lisière vraie (milieu ouvert/milieux forestier),Bande boisée et alignement d'arbres,SM2-A,L. Pontet,Life Prairies Bocagères
F:/Life Prairies Bocagères/Nouveau dossier/SM2D/WAV/,D-LPB_20180816_221602_946.wav,ChiroSp,Myomys,C. Brabant,Principal,Myosp,5,Myomys,1,2018,8,16,22,16,16/08/2018,22:16,16/08/2018,D-LPB,41,49,0,4,1,0,verger olivier kints,Condroz,hors sites,Prairie,Bande boisée et alignement d'arbres,SM2-D,O. Kints,Life Prairies Bocagères
F:/Life Prairies Bocagères/SM2A/WAV/,A-LPB_20180629_235029_243.wav,Myosp,Myonat,C. Brabant,Principal,Myosp,7,Myonat,2,2018,6,29,23,50,29/06/2018,23:50,29/06/2018,A-LPB,40,30,111,5,1,0,Basse Wimbe point 6,Famenne,BE35037,Prairie,Haie,SM2-A,L. Pontet et D.Grison,Life Prairies Bocagères
F:/Life Prairies Bocagères/SM2E/WAV/,E-LPB_20180617_225441_921.wav,ChiroSp,Myoema,P. Nyssen,Principal,Myosp,5,Myoema,1,2018,6,17,22,54,17/06/2018,22:54,17/06/2018,E-LPB,40,52,82,4,0,0,Réserve du fil Maillet,Fagne,BE35030,Forêt feuillue,Bande boisée et alignement d'arbres,SM2-E,L. Pontet,Life Prairies Bocagères
F:/Life Prairies Bocagères/SM2C/WAV/,C-LPB_20180702_234400_000.wav,ChiroSp,Myosp,C. Brabant,Principal,Myosp,3,Myoalc,3,2018,7,2,23,44,2/07/2018,23:44,2/07/2018,C-LPB,39,51,41,5,3,0,Behotte point 4,Famenne,BE35025,Prairie,"Chemin (induré, circulation véhicule lents)",SM2-C,L. Pontet,Life Prairies Bocagères
F:/Life Prairies Bocagères/SM2A/WAV/,A-LPB_20180627_040542_619.wav,ChiroSp,Myosp,C. Brabant,Principal,Myosp,3,Myonat,3,2018,6,27,4,5,27/06/2018,4:05,26/06/2018,A-LPB,39,36,88,4,2,0,Verger Marie Quoilin,Famenne,hors sites,Lisière vraie (milieu ouvert/milieux forestier),Bande boisée et alignement d'arbres,SM2-A,L. Pontet,Life Prairies Bocagères
F:/Life Prairies Bocagères/SM2E/WAV/,E-LPB_20180618_021057_933.wav,Myosp,Myoema,C. Brabant - P. Nyssen,Principal,Myosp,9,Myoema,2,2018,6,18,2,10,18/06/2018,2:10,17/06/2018,E-LPB,39,57,90,3,0,0,Réserve du fil Maillet,Fagne,BE35030,Forêt feuillue,Bande boisée et alignement d'arbres,SM2-E,L. Pontet,Life Prairies Bocagères
F:/Life Prairies Bocagères/SM2E/WAV/,E-LPB_20180616_031222_952.wav,ChiroSp,Myosp,C. Brabant,Principal,Myosp,3,Myobra,3,2018,6,16,3,12,16/06/2018,3:12,15/06/2018,E-LPB,38,50,85,4,0,0,Réserve du fil Maillet,Fagne,BE35030,Forêt feuillue,Bande boisée et alignement d'arbres,SM2-E,L. Pontet,Life Prairies Bocagères
F:/Life Prairies Bocagères/SM2A/WAV/,A-LPB_20180611_041743_453.wav,ChiroSp,Myomys,C. Brabant,Principal,Myosp,4,Myobra,3,2018,6,11,4,17,11/06/2018,4:17,10/06/2018,A-LPB,38,43,91,5,0,0,Virelles point 1,Fagne,BE32036,Lisière vraie (milieu ouvert/milieux forestier),Haie,SM2-A,L. Pontet et C. Brabant,Life Prairies Bocagères
G:/Life Prairies Bocagères/Reserve d'Aye/SM2A/WAV/,A-LPB_20180808_221059_000.wav,Myosp,Myomys,C. Brabant,Principal,Myosp,7,Myobra,1,2018,8,8,22,10,8/08/2018,22:10,8/08/2018,A-LPB,38,44,56,3,1,0,Réserve d'Aye,Famenne,hors sites,Prairie,Bande boisée et alignement d'arbres,SM2-A,C. Brabant et P. Lighezzolo,Life Prairies Bocagères
G:/Life Prairies Bocagères/Reserve d'Aye/SM2C/WAV/,C-LPB_20180808_231740_505.wav,Myosp,Myomys,C. Brabant,Principal,Myosp,10,Myomys,1,2018,8,8,23,17,8/08/2018,23:17,8/08/2018,C-LPB,38,49,0,6,1,0,Réserve d'Aye,Famenne,hors sites,Forêt feuillue,,SM2-C,C. Brabant et P. Lighezzolo,Life Prairies Bocagères
F:/Life Prairies Bocagères/SM2A/WAV/,A-LPB_20180611_031641_892.wav,Myosp,Myodau,C. Brabant,Principal,Myosp,8,Myobec,2,2018,6,11,3,16,11/06/2018,3:16,10/06/2018,A-LPB,37,38,87,7,0,0,Virelles point 1,Fagne,BE32036,Lisière vraie (milieu ouvert/milieux forestier),Haie,SM2-A,L. Pontet et C. Brabant,Life Prairies Bocagères
G:/Life Prairies Bocagères/Reserve d'Aye/SM2A/WAV/,A-LPB_20180807_221114_000.wav,ChiroSp,Myosp,C. Brabant,Principal,Myosp,5,Myobra,3,2018,8,7,22,11,7/08/2018,22:11,7/08/2018,A-LPB,37,44,0,4,1,0,Réserve d'Aye,Famenne,hors sites,Prairie,Bande boisée et alignement d'arbres,SM2-A,C. Brabant et P. Lighezzolo,Life Prairies Bocagères
G:/Life Prairies Bocagères/Reserve d'Aye/SM2C/WAV/,C-LPB_20180809_005936_241.wav,Myosp,Myomys,C. Brabant,Principal,Myosp,10,Myomys,3,2018,8,9,0,59,9/08/2018,0:59,8/08/2018,C-LPB,37,50,89,6,2,0,Réserve d'Aye,Famenne,hors sites,Forêt feuillue,,SM2-C,C. Brabant et P. Lighezzolo,Life Prairies Bocagères
F:/Life Prairies Bocagères/SM2A/WAV/,A-LPB_20180610_023920_909.wav,Myosp,Myomys,C. Brabant,Principal,Myosp,10,Myobec,3,2018,6,10,2,39,10/06/2018,2:39,9/06/2018,A-LPB,36,41,96,5,0,0,Virelles point 1,Fagne,BE32036,Lisière vraie (milieu ouvert/milieux forestier),Haie,SM2-A,L. Pontet et C. Brabant,Life Prairies Bocagères
G:/Life Prairies Bocagères/Reserve d'Aye/SM2A/WAV/,A-LPB_20180808_215924_000.wav,Myosp,Myodau,C. Brabant,Principal,Myosp,7,Myobra,3,2018,8,8,21,59,8/08/2018,21:59,8/08/2018,A-LPB,36,44,58,3,1,0,Réserve d'Aye,Famenne,hors sites,Prairie,Bande boisée et alignement d'arbres,SM2-A,C. Brabant et P. Lighezzolo,Life Prairies Bocagères
F:/Life Prairies Bocagères/SM2E/WAV/,E-LPB_20180618_021102_933.wav,ChiroSp,Myosp,C. Brabant,Principal,Myosp,4,Myoema,1,2018,6,18,2,11,18/06/2018,2:11,17/06/2018,E-LPB,36,54,69,3,1,0,Réserve du fil Maillet,Fagne,BE35030,Forêt feuillue,Bande boisée et alignement d'arbres,SM2-E,L. Pontet,Life Prairies Bocagères
G:/Life Prairies Bocagères/Reserve d'Aye/SM2C/WAV/,C-LPB_20180808_042242_847.wav,Myosp,Myomys,C. Brabant,Principal,Myosp,9,Myomys,3,2018,8,8,4,22,8/08/2018,4:22,7/08/2018,C-LPB,36,46,56,5,2,0,Réserve d'Aye,Famenne,hors sites,Forêt feuillue,,SM2-C,C. Brabant et P. Lighezzolo,Life Prairies Bocagères
F:/Life Prairies Bocagères/SM2E/WAV/,E-LPB_20180711_035524_215.wav,Myosp,Myosp,C. Brabant,Principal,Myosp,7,Myobec,2,2018,7,11,3,55,11/07/2018,3:55,10/07/2018,E-LPB,35,38,104,4,1,0,Frasnes point 2,Fagne,BE35027,Prairie,Haie,SM2-E,L. Pontet,Life Prairies Bocagères
F:/Life Prairies Bocagères/SM2A/WAV/,A-LPB_20180611_004227_221.wav,Myosp,Myodau,C. Brabant,Principal,Myosp,9,Myobra,3,2018,6,11,0,42,11/06/2018,0:42,10/06/2018,A-LPB,35,44,88,5,0,0,Virelles point 1,Fagne,BE32036,Lisière vraie (milieu ouvert/milieux forestier),Haie,SM2-A,L. Pontet et C. Brabant,Life Prairies Bocagères
G:/Life Prairies Bocagères/Reserve d'Aye/SM2C/WAV/,C-LPB_20180809_013604_427.wav,Myosp,Myomys,C. Brabant,Principal,Myosp,10,Myobra,1,2018,8,9,1,36,9/08/2018,1:36,8/08/2018,C-LPB,35,47,78,6,1,1,Réserve d'Aye,Famenne,hors sites,Forêt feuillue,,SM2-C,C. Brabant et P. Lighezzolo,Life Prairies Bocagères
G:/Life Prairies Bocagères/Reserve d'Aye/SM2A/WAV/,A-LPB_20180808_221149_000.wav,Myosp,Myodau,C. Brabant,Principal,Myosp,7,Myobra,3,2018,8,8,22,11,8/08/2018,22:11,8/08/2018,A-LPB,35,45,0,3,1,0,Réserve d'Aye,Famenne,hors sites,Prairie,Bande boisée et alignement d'arbres,SM2-A,C. Brabant et P. Lighezzolo,Life Prairies Bocagères
F:/Life Prairies Bocagères/SM2E/WAV/,E-LPB_20180628_230342_073.wav,Myosp,Myomys,C. Brabant,Principal,Myosp,8,Myodau,2,2018,6,28,23,3,28/06/2018,23:03,28/06/2018,E-LPB,35,49,70,6,0,0,Behotte point 1,Famenne,BE35025,Prairie,"Route (induré, circulation véhicule rapide)",SM2-E,L. Pontet et D.Grison,Life Prairies Bocagères
F:/Life Prairies Bocagères/SM2B/WAV/,B-LPB_20180609_033911_879.wav,Myonat,Myonat,C. Brabant,Principal,Myosp,7,Myonat,7,2018,6,9,3,39,9/06/2018,3:39,8/06/2018,B-LPB,35,35,58,3,2,0,Virelles point 2,Fagne,BE32036,Prairie,Haie,SM2-B,L. Pontet et C. Brabant,Life Prairies Bocagères
F:/Life Prairies Bocagères/SM2A/WAV/,A-LPB_20180630_232902_963.wav,Myosp,Myosp,C. Brabant,Principal,Myosp,6,Myonat,2,2018,6,30,23,29,30/06/2018,23:29,30/06/2018,A-LPB,35,34,111,5,1,0,Basse Wimbe point 6,Famenne,BE35037,Prairie,Haie,SM2-A,L. Pontet et D.Grison,Life Prairies Bocagères
F:/Life Prairies Bocagères/SM2C/WAV/,C-LPB_20180702_231205_000.wav,ChiroSp,Myoema,C. Brabant - P. Nyssen,Principal,Myosp,5,Myoema,5,2018,7,2,23,12,2/07/2018,23:12,2/07/2018,C-LPB,35,48,34,4,1,0,Behotte point 4,Famenne,BE35025,Prairie,"Chemin (induré, circulation véhicule lents)",SM2-C,L. Pontet,Life Prairies Bocagères
F:/Life Prairies Bocagères/SM2E/WAV/,E-LPB_20180628_225748_253.wav,Myosp,Myomys,C. Brabant,Principal,Myosp,8,Myodau,3,2018,6,28,22,57,28/06/2018,22:57,28/06/2018,E-LPB,34,47,62,5,1,0,Behotte point 1,Famenne,BE35025,Prairie,"Route (induré, circulation véhicule rapide)",SM2-E,L. Pontet et D.Grison,Life Prairies Bocagères
F:/Life Prairies Bocagères/SM2E/WAV/,E-LPB_20180628_230359_540.wav,Myosp,Myomys,C. Brabant,Principal,Myosp,6,Myodau,3,2018,6,28,23,3,28/06/2018,23:03,28/06/2018,E-LPB,34,46,65,5,2,0,Behotte point 1,Famenne,BE35025,Prairie,"Route (induré, circulation véhicule rapide)",SM2-E,L. Pontet et D.Grison,Life Prairies Bocagères
F:/Life Prairies Bocagères/SM2E/WAV/,E-LPB_20180627_041935_836.wav,Myosp,Myoema,C. Brabant - P. Nyssen,Principal,Myosp,10,Myoema,3,2018,6,27,4,19,27/06/2018,4:19,26/06/2018,E-LPB,33,55,84,5,0,0,Château Lavaux,Famenne,BE35037,Prairie,Bande boisée et alignement d'arbres,SM2-E,L. Pontet,Life Prairies Bocagères
G:/Life Prairies Bocagères/Reserve d'Aye/SM2C/WAV/,C-LPB_20180809_005109_878.wav,Myosp,Myomys,C. Brabant,Principal,Myosp,10,Myomys,0,2018,8,9,0,51,9/08/2018,0:51,8/08/2018,C-LPB,33,48,83,5,1,0,Réserve d'Aye,Famenne,hors sites,Forêt feuillue,,SM2-C,C. Brabant et P. Lighezzolo,Life Prairies Bocagères
F:/Life Prairies Bocagères/Nouveau dossier/SM2A/WAV/,A-LPB_20180815_022617_193.wav,Myosp,Myonat,C. Brabant,Principal,Myosp,6,Myonat,4,2018,8,15,2,26,15/08/2018,2:26,14/08/2018,A-LPB,32,35,85,5,2,1,La Prée/sous le polonais,Fagne,BE35027,Prairie,Haie,SM2-A,O. Kints,Life Prairies Bocagères
F:/Life Prairies Bocagères/SM2A/WAV/,A-LPB_20180616_001048_973.wav,Myosp,Myosp,C. Brabant,Principal,Myosp,8,Myonat,2,2018,6,16,0,10,16/06/2018,0:10,15/06/2018,A-LPB,32,38,107,5,0,0,Roche Madoux point 1,Fagne,BE35030,Lisière vraie (milieu ouvert/milieux forestier),Haie,SM2-A,L. Pontet,Life Prairies Bocagères
F:/Life Prairies Bocagères/SM2E/WAV/,E-LPB_20180616_235317_267.wav,ChiroSp,Myosp,C. Brabant,Principal,Myosp,2,Myoema,1,2018,6,16,23,53,16/06/2018,23:53,16/06/2018,E-LPB,32,51,99,4,0,0,Réserve du fil Maillet,Fagne,BE35030,Forêt feuillue,Bande boisée et alignement d'arbres,SM2-E,L. Pontet,Life Prairies Bocagères
F:/Life Prairies Bocagères/SM2A/WAV/,A-LPB_20180610_040504_000.wav,Myosp,Myosp,C. Brabant,Principal,Myosp,10,Myobra,2,2018,6,10,4,5,10/06/2018,4:05,9/06/2018,A-LPB,31,44,85,4,0,0,Virelles point 1,Fagne,BE32036,Lisière vraie (milieu ouvert/milieux forestier),Haie,SM2-A,L. Pontet et C. Brabant,Life Prairies Bocagères
G:/Life Prairies Bocagères/Reserve d'Aye/SM2A/WAV/,A-LPB_20180807_220229_000.wav,ChiroSp,Myosp,C. Brabant,Principal,Myosp,4,Myobra,4,2018,8,7,22,2,7/08/2018,22:02,7/08/2018,A-LPB,31,44,58,4,0,0,Réserve d'Aye,Famenne,hors sites,Prairie,Bande boisée et alignement d'arbres,SM2-A,C. Brabant et P. Lighezzolo,Life Prairies Bocagères
F:/Life Prairies Bocagères/Nouveau dossier/SM4/WAV/,S4U00311_20180815_223031_000.wav,Myosp,Myomys,C. Brabant,Secondaire,Myosp,9,Myomys,3,2018,8,15,22,30,15/08/2018,22:30,15/08/2018,S4U00311,31,45,0,7,4,2,prés de virelles ug02,Fagne,BE32036,Prairie,Bande boisée et alignement d'arbres,SM24,O. Kints,Life Prairies Bocagères
F:/Life Prairies Bocagères/SM2A/WAV/,A-LPB_20180608_034728_179.wav,Myosp,Myonat,C. Brabant,Principal,Myosp,10,Myonat,5,2018,6,8,3,47,8/06/2018,3:47,7/06/2018,A-LPB,30,41,0,4,0,0,Virelles point 1,Fagne,BE32036,Lisière vraie (milieu ouvert/milieux forestier),Haie,SM2-A,L. Pontet et C. Brabant,Life Prairies Bocagères
F:/Life Prairies Bocagères/SM2A/WAV/,A-LPB_20180630_231651_552.wav,Myonat,Myonat,C. Brabant,Principal,Myosp,10,Myonat,6,2018,6,30,23,16,30/06/2018,23:16,30/06/2018,A-LPB,30,38,97,4,0,0,Basse Wimbe point 6,Famenne,BE35037,Prairie,Haie,SM2-A,L. Pontet et D.Grison,Life Prairies Bocagères
F:/Life Prairies Bocagères/SM2E/WAV/,E-LPB_20180619_031513_601.wav,Myosp,Myosp,C. Brabant,Principal,Myosp,6,Myoema,1,2018,6,19,3,15,19/06/2018,3:15,18/06/2018,E-LPB,30,53,85,4,0,0,Réserve du fil Maillet,Fagne,BE35030,Forêt feuillue,Bande boisée et alignement d'arbres,SM2-E,L. Pontet,Life Prairies Bocagères
F:/Life Prairies Bocagères/Nouveau dossier/SM4/WAV/,S4U00311_20180814_052330_000.wav,ChiroSp,Myosp,C. Brabant,Principal,Myosp,3,Myomyo,3,2018,8,14,5,23,14/08/2018,5:23,13/08/2018,S4U00311,30,32,128,6,1,0,prés de virelles ug02,Fagne,BE32036,Prairie,Bande boisée et alignement d'arbres,SM24,O. Kints,Life Prairies Bocagères
G:/Life Prairies Bocagères/Reserve d'Aye/SM2C/WAV/,C-LPB_20180807_224009_160.wav,Myosp,Myomys,C. Brabant - P. Nyssen,Principal,Myosp,7,Myomys,1,2018,8,7,22,40,7/08/2018,22:40,7/08/2018,C-LPB,30,47,92,6,1,0,Réserve d'Aye,Famenne,hors sites,Forêt feuillue,,SM2-C,C. Brabant et P. Lighezzolo,Life Prairies Bocagères
F:/Life Prairies Bocagères/Nouveau dossier/SM2E/WAV/,E-LPB_20180814_060525_033.wav,Myosp,Myosp,C. Brabant,Principal,Myosp,9,Myobra,2,2018,8,14,6,5,14/08/2018,6:05,13/08/2018,E-LPB,29,47,77,5,0,0,verger petigny jp jardin,Fagne,BE35027,Prairie,Bande boisée et alignement d'arbres,SM2-E,O. Kints,Life Prairies Bocagères
F:/Life Prairies Bocagères/SM2B/WAV/,B-LPB_20180617_034545_044.wav,Myosp,Myobra,P. Nyssen,Principal,Myosp,7,Myoema,3,2018,6,17,3,45,17/06/2018,3:45,16/06/2018,B-LPB,29,55,0,2,0,0,Feschaux point 3,Famenne,BE35034,Prairie,Haie,SM2-B,L. Pontet ,Life Prairies Bocagères
G:/Life Prairies Bocagères/Reserve d'Aye/SM2A/WAV/,A-LPB_20180807_220104_000.wav,Myosp,Myosp,C. Brabant,Principal,Myosp,6,Myobra,3,2018,8,7,22,1,7/08/2018,22:01,7/08/2018,A-LPB,28,45,55,3,1,0,Réserve d'Aye,Famenne,hors sites,Prairie,Bande boisée et alignement d'arbres,SM2-A,C. Brabant et P. Lighezzolo,Life Prairies Bocagères
F:/Life Prairies Bocagères/Nouveau dossier/SM2C/WAV/,C-LPB_20180815_004759_675.wav,Myosp,Myosp,C. Brabant,Principal,Myosp,10,Myobra,2,2018,8,15,0,47,15/08/2018,0:47,14/08/2018,C-LPB,28,45,62,4,1,0,verger aux roches baudoux,Fagne,BE35027,Prairie,Bande boisée et alignement d'arbres,SM2-C,O. Kints,Life Prairies Bocagères
F:/Life Prairies Bocagères/Nouveau dossier/SM2C/WAV/,C-LPB_20180816_002550_316.wav,Myosp,Myosp,C. Brabant,Principal,Myosp,7,Myobra,2,2018,8,16,0,25,16/08/2018,0:25,15/08/2018,C-LPB,28,47,71,5,1,0,verger aux roches baudoux,Fagne,BE35027,Prairie,Bande boisée et alignement d'arbres,SM2-C,O. Kints,Life Prairies Bocagères
G:/Life Prairies Bocagères/Reserve d'Aye/SM2C/WAV/,C-LPB_20180809_050942_869.wav,ChiroSp,ChiroSp,P. Nyssen,Secondaire,Myosp,2,Myoema,2,2018,8,9,5,9,9/08/2018,5:09,8/08/2018,C-LPB,27,62,0,5,1,1,Réserve d'Aye,Famenne,hors sites,Forêt feuillue,,SM2-C,C. Brabant et P. Lighezzolo,Life Prairies Bocagères
G:/Life Prairies Bocagères/Reserve d'Aye/SM2C/WAV/,C-LPB_20180809_050942_869.wav,ChiroSp,Pippyg,C. Brabant,Principal,Myosp,2,Myoema,2,2018,8,9,5,9,9/08/2018,5:09,8/08/2018,C-LPB,27,62,0,5,1,1,Réserve d'Aye,Famenne,hors sites,Forêt feuillue,,SM2-C,C. Brabant et P. Lighezzolo,Life Prairies Bocagères
F:/Life Prairies Bocagères/SM2E/WAV/,E-LPB_20180711_231437_509.wav,ChiroSp,Myosp,C. Brabant,Principal,Myosp,3,Myobec,3,2018,7,11,23,14,11/07/2018,23:14,11/07/2018,E-LPB,26,41,91,5,0,0,Frasnes point 2,Fagne,BE35027,Prairie,Haie,SM2-E,L. Pontet,Life Prairies Bocagères
F:/Life Prairies Bocagères/Nouveau dossier/SM4/WAV/,S4U00311_20180815_024608_000.wav,ChiroSp,Myomyo,C. Brabant,Principal,Myosp,4,Myobec,4,2018,8,15,2,46,15/08/2018,2:46,14/08/2018,S4U00311,26,36,0,6,3,0,prés de virelles ug02,Fagne,BE32036,Prairie,Bande boisée et alignement d'arbres,SM24,O. Kints,Life Prairies Bocagères
F:/Life Prairies Bocagères/SM2A/WAV/,A-LPB_20180630_231638_323.wav,ChiroSp,Myosp,C. Brabant,Principal,Myosp,3,Myonat,3,2018,6,30,23,16,30/06/2018,23:16,30/06/2018,A-LPB,26,32,93,5,0,0,Basse Wimbe point 6,Famenne,BE35037,Prairie,Haie,SM2-A,L. Pontet et D.Grison,Life Prairies Bocagères
F:/Life Prairies Bocagères/SM2E/WAV/,E-LPB_20180617_020305_213.wav,ChiroSp,Myosp,C. Brabant,Principal,Myosp,3,Myoema,1,2018,6,17,2,3,17/06/2018,2:03,16/06/2018,E-LPB,26,52,0,4,0,0,Réserve du fil Maillet,Fagne,BE35030,Forêt feuillue,Bande boisée et alignement d'arbres,SM2-E,L. Pontet,Life Prairies Bocagères
F:/Life Prairies Bocagères/SM2A/WAV/,A-LPB_20180611_005217_397.wav,Myosp,Myomys,C. Brabant,Principal,Myosp,10,Myobec,3,2018,6,11,0,52,11/06/2018,0:52,10/06/2018,A-LPB,25,42,98,6,0,0,Virelles point 1,Fagne,BE32036,Lisière vraie (milieu ouvert/milieux forestier),Haie,SM2-A,L. Pontet et C. Brabant,Life Prairies Bocagères
F:/Life Prairies Bocagères/Nouveau dossier/SM2A/WAV/,A-LPB_20180815_012350_168.wav,Myosp,Myosp,C. Brabant,Principal,Myosp,6,Myobec,3,2018,8,15,1,23,15/08/2018,1:23,14/08/2018,A-LPB,25,38,128,4,1,0,La Prée/sous le polonais,Fagne,BE35027,Prairie,Haie,SM2-A,O. Kints,Life Prairies Bocagères
F:/Life Prairies Bocagères/Nouveau dossier/SM2A/WAV/,A-LPB_20180815_012350_168.wav,Myosp,Myobec,C. Brabant,Principal,Myosp,6,Myobec,3,2018,8,15,1,23,15/08/2018,1:23,14/08/2018,A-LPB,25,38,128,4,1,0,La Prée/sous le polonais,Fagne,BE35027,Prairie,Haie,SM2-A,O. Kints,Life Prairies Bocagères
F:/Life Prairies Bocagères/Nouveau dossier/SM2C/WAV/,C-LPB_20180815_002853_025.wav,Myosp,Myomys,C. Brabant,Principal,Myosp,7,Myobra,3,2018,8,15,0,28,15/08/2018,0:28,14/08/2018,C-LPB,25,47,61,4,0,0,verger aux roches baudoux,Fagne,BE35027,Prairie,Bande boisée et alignement d'arbres,SM2-C,O. Kints,Life Prairies Bocagères
F:/Life Prairies Bocagères/SM2B/WAV/,B-LPB_20180608_022057_374.wav,ChiroSp,Myomyo,C. Brabant,Principal,Myosp,3,Myomyo,3,2018,6,8,2,20,8/06/2018,2:20,7/06/2018,B-LPB,25,32,209,6,2,0,Virelles point 2,Fagne,BE32036,Prairie,Haie,SM2-B,L. Pontet et C. Brabant,Life Prairies Bocagères
G:/Life Prairies Bocagères/Reserve d'Aye/SM2C/WAV/,C-LPB_20180809_010457_611.wav,Myosp,Myomys,C. Brabant,Principal,Myosp,10,Myomys,0,2018,8,9,1,4,9/08/2018,1:04,8/08/2018,C-LPB,25,48,84,5,0,0,Réserve d'Aye,Famenne,hors sites,Forêt feuillue,,SM2-C,C. Brabant et P. Lighezzolo,Life Prairies Bocagères
F:/Life Prairies Bocagères/SM2A/WAV/,A-LPB_20180611_011150_188.wav,Myosp,Myomyo,C. Brabant,Principal,Myosp,6,Myobec,2,2018,6,11,1,11,11/06/2018,1:11,10/06/2018,A-LPB,24,38,156,6,0,0,Virelles point 1,Fagne,BE32036,Lisière vraie (milieu ouvert/milieux forestier),Haie,SM2-A,L. Pontet et C. Brabant,Life Prairies Bocagères
G:/Life Prairies Bocagères/Reserve d'Aye/SM2C/WAV/,C-LPB_20180809_044127_275.wav,Myosp,Myoema,P. Nyssen,Principal,Myosp,8,Myomys,0,2018,8,9,4,41,9/08/2018,4:41,8/08/2018,C-LPB,24,48,88,7,0,0,Réserve d'Aye,Famenne,hors sites,Forêt feuillue,,SM2-C,C. Brabant et P. Lighezzolo,Life Prairies Bocagères
F:/Life Prairies Bocagères/SM2A/WAV/,A-LPB_20180611_015357_137.wav,ChiroSp,Myosp,C. Brabant,Principal,Myosp,5,Myobec,3,2018,6,11,1,53,11/06/2018,1:53,10/06/2018,A-LPB,23,41,80,6,0,0,Virelles point 1,Fagne,BE32036,Lisière vraie (milieu ouvert/milieux forestier),Haie,SM2-A,L. Pontet et C. Brabant,Life Prairies Bocagères
F:/Life Prairies Bocagères/Nouveau dossier/SM4/WAV/,S4U00311_20180816_034528_000.wav,ChiroSp,Myomyo,C. Brabant,Principal,Myosp,3,Myobec,3,2018,8,16,3,45,16/08/2018,3:45,15/08/2018,S4U00311,23,35,237,6,3,0,prés de virelles ug02,Fagne,BE32036,Prairie,Bande boisée et alignement d'arbres,SM24,O. Kints,Life Prairies Bocagères
F:/Life Prairies Bocagères/SM2E/WAV/,E-LPB_20180620_002652_379.wav,ChiroSp,Myosp,C. Brabant,Principal,Myosp,3,Myobra,3,2018,6,20,0,26,20/06/2018,0:26,19/06/2018,E-LPB,23,47,107,4,0,0,Réserve du fil Maillet,Fagne,BE35030,Forêt feuillue,Bande boisée et alignement d'arbres,SM2-E,L. Pontet,Life Prairies Bocagères
F:/Life Prairies Bocagères/Nouveau dossier/SM2E/WAV/,E-LPB_20180813_213043_273.wav,ChiroSp,Myosp,C. Brabant,Principal,Myosp,5,Myobra,4,2018,8,13,21,30,13/08/2018,21:30,13/08/2018,E-LPB,23,45,56,4,0,0,verger petigny jp jardin,Fagne,BE35027,Prairie,Bande boisée et alignement d'arbres,SM2-E,O. Kints,Life Prairies Bocagères
F:/Life Prairies Bocagères/Nouveau dossier/SM2E/WAV/,E-LPB_20180813_213043_273.wav,ChiroSp,Rhifer,C. Brabant,Principal,Myosp,5,Myobra,4,2018,8,13,21,30,13/08/2018,21:30,13/08/2018,E-LPB,23,45,56,4,0,0,verger petigny jp jardin,Fagne,BE35027,Prairie,Bande boisée et alignement d'arbres,SM2-E,O. Kints,Life Prairies Bocagères
F:/Life Prairies Bocagères/SM2A/WAV/,A-LPB_20180630_232850_477.wav,Myonat,Myonat,C. Brabant,Principal,Myosp,10,Myonat,9,2018,6,30,23,28,30/06/2018,23:28,30/06/2018,A-LPB,23,33,99,5,0,0,Basse Wimbe point 6,Famenne,BE35037,Prairie,Haie,SM2-A,L. Pontet et D.Grison,Life Prairies Bocagères
F:/Life Prairies Bocagères/Nouveau dossier/SM2D/WAV/,D-LPB_20180815_222112_263.wav,ChiroSp,Myomyo,C. Brabant,Principal,Myosp,3,Myomyo,3,2018,8,15,22,21,15/08/2018,22:21,15/08/2018,D-LPB,23,32,123,7,2,0,layon fil maillet,Fagne,BE35030,Forêt feuillue,Layons,SM2-D,O. Kints,Life Prairies Bocagères
G:/Life Prairies Bocagères/Reserve d'Aye/SM2C/WAV/,C-LPB_20180809_005530_798.wav,Myosp,Myomys,C. Brabant,Principal,Myosp,9,Myomys,1,2018,8,9,0,55,9/08/2018,0:55,8/08/2018,C-LPB,23,49,0,4,1,0,Réserve d'Aye,Famenne,hors sites,Forêt feuillue,,SM2-C,C. Brabant et P. Lighezzolo,Life Prairies Bocagères
F:/Life Prairies Bocagères/SM2E/WAV/,E-LPB_20180630_021727_881.wav,ChiroSp,Myosp,C. Brabant,Principal,Myosp,2,Myoalc,1,2018,6,30,2,17,30/06/2018,2:17,29/06/2018,E-LPB,22,50,80,5,0,0,Behotte point 1,Famenne,BE35025,Prairie,"Route (induré, circulation véhicule rapide)",SM2-E,L. Pontet et D.Grison,Life Prairies Bocagères
F:/Life Prairies Bocagères/SM2E/WAV/,E-LPB_20180629_040757_753.wav,Myosp,Myosp,C. Brabant,Principal,Myosp,8,Myobec,3,2018,6,29,4,7,29/06/2018,4:07,28/06/2018,E-LPB,22,46,117,6,0,0,Behotte point 1,Famenne,BE35025,Prairie,"Route (induré, circulation véhicule rapide)",SM2-E,L. Pontet et D.Grison,Life Prairies Bocagères
G:/Life Prairies Bocagères/Reserve d'Aye/SM2A/WAV/,A-LPB_20180807_220109_000.wav,Myosp,Myodau,C. Brabant,Principal,Myosp,7,Myobra,1,2018,8,7,22,1,7/08/2018,22:01,7/08/2018,A-LPB,22,44,0,3,2,0,Réserve d'Aye,Famenne,hors sites,Prairie,Bande boisée et alignement d'arbres,SM2-A,C. Brabant et P. Lighezzolo,Life Prairies Bocagères
F:/Life Prairies Bocagères/Nouveau dossier/SM2A/WAV/,A-LPB_20180814_225434_229.wav,Myosp,Myosp,C. Brabant,Principal,Myosp,7,Myobec,2,2018,8,14,22,54,14/08/2018,22:54,14/08/2018,A-LPB,21,40,102,5,0,0,La Prée/sous le polonais,Fagne,BE35027,Prairie,Haie,SM2-A,O. Kints,Life Prairies Bocagères
F:/Life Prairies Bocagères/Nouveau dossier/SM2D/WAV/,D-LPB_20180816_021127_449.wav,Myosp,Myodau,C. Brabant,Principal,Myosp,6,Myobec,4,2018,8,16,2,11,16/08/2018,2:11,15/08/2018,D-LPB,21,37,121,7,1,0,layon fil maillet,Fagne,BE35030,Forêt feuillue,Layons,SM2-D,O. Kints,Life Prairies Bocagères
F:/Life Prairies Bocagères/SM2A/WAV/,A-LPB_20180610_031126_138.wav,Myosp,Myomys,C. Brabant,Principal,Myosp,10,Myobra,2,2018,6,10,3,11,10/06/2018,3:11,9/06/2018,A-LPB,21,45,87,5,0,0,Virelles point 1,Fagne,BE32036,Lisière vraie (milieu ouvert/milieux forestier),Haie,SM2-A,L. Pontet et C. Brabant,Life Prairies Bocagères
F:/Life Prairies Bocagères/SM2E/WAV/,E-LPB_20180616_001759_773.wav,ChiroSp,ChiroSp,C. Brabant,Principal,Myosp,2,Myoalc,2,2018,6,16,0,17,16/06/2018,0:17,15/06/2018,E-LPB,20,54,77,6,0,0,Réserve du fil Maillet,Fagne,BE35030,Forêt feuillue,Bande boisée et alignement d'arbres,SM2-E,L. Pontet,Life Prairies Bocagères
G:/Life Prairies Bocagères/Reserve d'Aye/SM2C/WAV/,C-LPB_20180809_002949_901.wav,Myosp,Myomys,C. Brabant,Principal,Myosp,10,Myomys,2,2018,8,9,0,29,9/08/2018,0:29,8/08/2018,C-LPB,20,49,84,5,0,0,Réserve d'Aye,Famenne,hors sites,Forêt feuillue,,SM2-C,C. Brabant et P. Lighezzolo,Life Prairies Bocagères
G:/Life Prairies Bocagères/Reserve d'Aye/SM2D/WAV/,D-LPB_20180710_230540_729.wav,ChiroSp,Myosp,P. Nyssen,Principal,Myosp,1,Myobec,0,2018,8,7,23,5,7/08/2018,23:05,7/08/2018,D-LPB,19,37,102,2,2,0,Réserve d'Aye,Famenne,hors sites,Prairie,Arbre isolé,SM2-D,C. Brabant et P. Lighezzolo,Life Prairies Bocagères
F:/Life Prairies Bocagères/Nouveau dossier/SM2D/WAV/,D-LPB_20180815_215828_767.wav,Myosp,Myosp,C. Brabant,Principal,Myosp,8,Myobra,2,2018,8,15,21,58,15/08/2018,21:58,15/08/2018,D-LPB,19,45,88,5,0,0,layon fil maillet,Fagne,BE35030,Forêt feuillue,Layons,SM2-D,O. Kints,Life Prairies Bocagères
F:/Life Prairies Bocagères/Nouveau dossier/SM2D/WAV/,D-LPB_20180816_003636_149.wav,Myosp,Myosp,C. Brabant,Principal,Myosp,6,Myobra,2,2018,8,16,0,36,16/08/2018,0:36,15/08/2018,D-LPB,19,46,90,5,0,0,layon fil maillet,Fagne,BE35030,Forêt feuillue,Layons,SM2-D,O. Kints,Life Prairies Bocagères
F:/Life Prairies Bocagères/Nouveau dossier/SM2D/WAV/,D-LPB_20180816_230602_757.wav,ChiroSp,Myosp,C. Brabant,Principal,Myosp,5,Myobra,1,2018,8,16,23,6,16/08/2018,23:06,16/08/2018,D-LPB,19,49,0,2,1,0,verger olivier kints,Condroz,hors sites,Prairie,Bande boisée et alignement d'arbres,SM2-D,O. Kints,Life Prairies Bocagères
F:/Life Prairies Bocagères/SM2A/WAV/,A-LPB_20180608_231804_607.wav,Myosp,Myosp,C. Brabant,Principal,Myosp,7,Myoema,1,2018,6,8,23,18,8/06/2018,23:18,8/06/2018,A-LPB,19,50,80,5,0,0,Virelles point 1,Fagne,BE32036,Lisière vraie (milieu ouvert/milieux forestier),Haie,SM2-A,L. Pontet et C. Brabant,Life Prairies Bocagères
F:/Life Prairies Bocagères/SM2E/WAV/,E-LPB_20180619_225711_661.wav,Myosp,Myosp,C. Brabant,Principal,Myosp,7,Myonat,3,2018,6,19,22,57,19/06/2018,22:57,19/06/2018,E-LPB,19,39,74,4,0,0,Réserve du fil Maillet,Fagne,BE35030,Forêt feuillue,Bande boisée et alignement d'arbres,SM2-E,L. Pontet,Life Prairies Bocagères
F:/Life Prairies Bocagères/Nouveau dossier/SM2A/WAV/,A-LPB_20180815_224512_289.wav,ChiroSp,Myosp,C. Brabant,Principal,Myosp,3,Myonat,3,2018,8,15,22,45,15/08/2018,22:45,15/08/2018,A-LPB,19,28,110,5,3,0,La Prée/sous le polonais,Fagne,BE35027,Prairie,Haie,SM2-A,O. Kints,Life Prairies Bocagères
F:/Life Prairies Bocagères/SM2E/WAV/,E-LPB_20180616_042955_637.wav,ChiroSp,Myosp,C. Brabant,Principal,Myosp,2,Myoema,1,2018,6,16,4,29,16/06/2018,4:29,15/06/2018,E-LPB,19,51,90,5,0,0,Réserve du fil Maillet,Fagne,BE35030,Forêt feuillue,Bande boisée et alignement d'arbres,SM2-E,L. Pontet,Life Prairies Bocagères
G:/Life Prairies Bocagères/Reserve d'Aye/SM2C/WAV/,C-LPB_20180807_234753_377.wav,ChiroSp,Myomyo,P. Nyssen,Principal,Myosp,4,Myomyo,2,2018,8,7,23,47,7/08/2018,23:47,7/08/2018,C-LPB,19,35,129,7,1,0,Réserve d'Aye,Famenne,hors sites,Forêt feuillue,,SM2-C,C. Brabant et P. Lighezzolo,Life Prairies Bocagères
G:/Life Prairies Bocagères/Reserve d'Aye/SM2C/WAV/,C-LPB_20180809_044633_360.wav,Myosp,Myomys,C. Brabant,Principal,Myosp,9,Myomys,1,2018,8,9,4,46,9/08/2018,4:46,8/08/2018,C-LPB,19,47,91,6,1,0,Réserve d'Aye,Famenne,hors sites,Forêt feuillue,,SM2-C,C. Brabant et P. Lighezzolo,Life Prairies Bocagères
F:/Life Prairies Bocagères/SM2A/WAV/,A-LPB_20180608_231455_062.wav,ChiroSp,PippiT,C. Brabant,Principal,Myosp,3,Myoalc,3,2018,6,8,23,14,8/06/2018,23:14,8/06/2018,A-LPB,18,52,83,6,0,0,Virelles point 1,Fagne,BE32036,Lisière vraie (milieu ouvert/milieux forestier),Haie,SM2-A,L. Pontet et C. Brabant,Life Prairies Bocagères
F:/Life Prairies Bocagères/SM2A/WAV/,A-LPB_20180609_025158_639.wav,ChiroSp,Myosp,C. Brabant,Principal,Myosp,4,Myoalc,2,2018,6,9,2,51,9/06/2018,2:51,8/06/2018,A-LPB,18,48,99,6,0,0,Virelles point 1,Fagne,BE32036,Lisière vraie (milieu ouvert/milieux forestier),Haie,SM2-A,L. Pontet et C. Brabant,Life Prairies Bocagères
G:/Life Prairies Bocagères/Reserve d'Aye/SM2A/WAV/,A-LPB_20180808_221114_000.wav,ChiroSp,Myosp,C. Brabant,Principal,Myosp,3,Myobra,3,2018,8,8,22,11,8/08/2018,22:11,8/08/2018,A-LPB,18,43,0,5,1,0,Réserve d'Aye,Famenne,hors sites,Prairie,Bande boisée et alignement d'arbres,SM2-A,C. Brabant et P. Lighezzolo,Life Prairies Bocagères
F:/Life Prairies Bocagères/Nouveau dossier/SM2D/WAV/,D-LPB_20180816_040550_726.wav,Myosp,Myosp,C. Brabant,Principal,Myosp,8,Myobra,2,2018,8,16,4,5,16/08/2018,4:05,15/08/2018,D-LPB,18,45,90,5,0,0,layon fil maillet,Fagne,BE35030,Forêt feuillue,Layons,SM2-D,O. Kints,Life Prairies Bocagères
F:/Life Prairies Bocagères/Nouveau dossier/SM2C/WAV/,C-LPB_20180815_222440_646.wav,Myosp,Myosp,C. Brabant,Principal,Myosp,6,Myoema,1,2018,8,15,22,24,15/08/2018,22:24,15/08/2018,C-LPB,18,50,0,3,1,0,verger aux roches baudoux,Fagne,BE35027,Prairie,Bande boisée et alignement d'arbres,SM2-C,O. Kints,Life Prairies Bocagères
F:/Life Prairies Bocagères/SM2A/WAV/,A-LPB_20180611_020309_548.wav,Myosp,Myodau,C. Brabant,Principal,Myosp,9,Myobra,3,2018,6,11,2,3,11/06/2018,2:03,10/06/2018,A-LPB,17,44,82,4,0,0,Virelles point 1,Fagne,BE32036,Lisière vraie (milieu ouvert/milieux forestier),Haie,SM2-A,L. Pontet et C. Brabant,Life Prairies Bocagères
G:/Life Prairies Bocagères/Reserve d'Aye/SM2D/WAV/,D-LPB_20180712_001009_000.wav,ChiroSp,Myoalc,C. Brabant,Principal,Myosp,4,Myobra,4,2018,8,9,0,10,9/08/2018,0:10,8/08/2018,D-LPB,17,47,86,2,1,0,Réserve d'Aye,Famenne,hors sites,Prairie,Arbre isolé,SM2-D,C. Brabant et P. Lighezzolo,Life Prairies Bocagères
F:/Life Prairies Bocagères/Nouveau dossier/SM2D/WAV/,D-LPB_20180816_215205_988.wav,ChiroSp,Myosp,C. Brabant,Principal,Myosp,3,Myoema,1,2018,8,16,21,52,16/08/2018,21:52,16/08/2018,D-LPB,17,49,48,3,0,0,verger olivier kints,Condroz,hors sites,Prairie,Bande boisée et alignement d'arbres,SM2-D,O. Kints,Life Prairies Bocagères
F:/Life Prairies Bocagères/Nouveau dossier/SM2D/WAV/,D-LPB_20180814_222027_301.wav,ChiroSp,Myomyo,C. Brabant,Principal,Myosp,4,Myomyo,4,2018,8,14,22,20,14/08/2018,22:20,14/08/2018,D-LPB,17,33,124,6,4,0,layon fil maillet,Fagne,BE35030,Forêt feuillue,Layons,SM2-D,O. Kints,Life Prairies Bocagères
F:/Life Prairies Bocagères/SM2E/WAV/,E-LPB_20180629_033855_225.wav,ChiroSp,ChiroSp,C. Brabant,Principal,Myosp,2,Myoalc,2,2018,6,29,3,38,29/06/2018,3:38,28/06/2018,E-LPB,16,50,96,5,0,0,Behotte point 1,Famenne,BE35025,Prairie,"Route (induré, circulation véhicule rapide)",SM2-E,L. Pontet et D.Grison,Life Prairies Bocagères
F:/Life Prairies Bocagères/Nouveau dossier/SM2C/WAV/,C-LPB_20180815_004047_447.wav,Myosp,Myosp,C. Brabant,Principal,Myosp,7,Myobra,2,2018,8,15,0,40,15/08/2018,0:40,14/08/2018,C-LPB,16,47,0,3,0,0,verger aux roches baudoux,Fagne,BE35027,Prairie,Bande boisée et alignement d'arbres,SM2-C,O. Kints,Life Prairies Bocagères
G:/Life Prairies Bocagères/Reserve d'Aye/SM2A/WAV/,A-LPB_20180808_220204_000.wav,ChiroSp,Myosp,C. Brabant,Principal,Myosp,4,Myobra,4,2018,8,8,22,2,8/08/2018,22:02,8/08/2018,A-LPB,16,43,0,4,1,0,Réserve d'Aye,Famenne,hors sites,Prairie,Bande boisée et alignement d'arbres,SM2-A,C. Brabant et P. Lighezzolo,Life Prairies Bocagères
F:/Life Prairies Bocagères/SM2A/WAV/,A-LPB_20180627_230804_000.wav,Myosp,Myosp,C. Brabant,Principal,Myosp,8,Myonat,4,2018,6,27,23,8,27/06/2018,23:08,27/06/2018,A-LPB,16,43,103,5,0,0,Verger Marie Quoilin,Famenne,hors sites,Lisière vraie (milieu ouvert/milieux forestier),Bande boisée et alignement d'arbres,SM2-A,L. Pontet,Life Prairies Bocagères
F:/Life Prairies Bocagères/Nouveau dossier/SM2A/WAV/,A-LPB_20180815_021952_754.wav,Myonat,Myonat,C. Brabant,Principal,Myosp,10,Myonat,10,2018,8,15,2,19,15/08/2018,2:19,14/08/2018,A-LPB,16,36,54,1,0,0,La Prée/sous le polonais,Fagne,BE35027,Prairie,Haie,SM2-A,O. Kints,Life Prairies Bocagères
F:/Life Prairies Bocagères/SM2D/WAV/,D-LPB_20180701_001207_527.wav,Myosp,Myomys,C. Brabant,Principal,Myosp,9,Myobec,3,2018,7,1,0,12,1/07/2018,0:12,30/06/2018,D-LPB,15,40,99,4,1,0,Basse Wimbe point 3,Famenne,BE35038,Prairie,"Chemin (induré, circulation véhicule lents)",SM2-D,L. Pontet et D.Grison,Life Prairies Bocagères
F:/Life Prairies Bocagères/SM2D/WAV/,D-LPB_20180617_034358_122.wav,Myosp,Myosp,C. Brabant,Principal,Myosp,6,Myobra,3,2018,6,17,3,43,17/06/2018,3:43,16/06/2018,D-LPB,15,47,66,4,0,0,Réserve Naturelle du Couputienne point 1,Fagne,BE35030,Lisière vraie (milieu ouvert/milieux forestier),Haie,SM2-D,L. Pontet,Life Prairies Bocagères
G:/Life Prairies Bocagères/Reserve d'Aye/SM2A/WAV/,A-LPB_20180807_221109_000.wav,Myosp,Myosp,C. Brabant,Principal,Myosp,6,Myobra,3,2018,8,7,22,11,7/08/2018,22:11,7/08/2018,A-LPB,15,43,82,4,0,0,Réserve d'Aye,Famenne,hors sites,Prairie,Bande boisée et alignement d'arbres,SM2-A,C. Brabant et P. Lighezzolo,Life Prairies Bocagères
G:/Life Prairies Bocagères/Reserve d'Aye/SM2A/WAV/,A-LPB_20180808_221449_000.wav,ChiroSp,Myosp,P. Nyssen,Principal,Myosp,4,Myonat,4,2018,8,8,22,14,8/08/2018,22:14,8/08/2018,A-LPB,15,33,120,4,0,0,Réserve d'Aye,Famenne,hors sites,Prairie,Bande boisée et alignement d'arbres,SM2-A,C. Brabant et P. Lighezzolo,Life Prairies Bocagères
F:/Life Prairies Bocagères/SM2E/WAV/,E-LPB_20180628_041751_463.wav,Myosp,Myoema,C. Brabant,Principal,Myosp,9,Myoema,4,2018,6,28,4,17,28/06/2018,4:17,27/06/2018,E-LPB,15,56,89,5,0,0,Château Lavaux,Famenne,BE35037,Prairie,Bande boisée et alignement d'arbres,SM2-E,L. Pontet,Life Prairies Bocagères
F:/Life Prairies Bocagères/SM2A/WAV/,A-LPB_20180609_010417_667.wav,Myosp,Myosp,P. Nyssen,Principal,Myosp,10,Myoema,1,2018,6,9,1,4,9/06/2018,1:04,8/06/2018,A-LPB,14,56,96,4,0,0,Virelles point 1,Fagne,BE32036,Lisière vraie (milieu ouvert/milieux forestier),Haie,SM2-A,L. Pontet et C. Brabant,Life Prairies Bocagères
F:/Life Prairies Bocagères/Nouveau dossier/SM2E/WAV/,E-LPB_20180814_020402_241.wav,ChiroSp,Myosp,C. Brabant,Principal,Myosp,5,Myobra,3,2018,8,14,2,4,14/08/2018,2:04,13/08/2018,E-LPB,14,49,77,4,0,0,verger petigny jp jardin,Fagne,BE35027,Prairie,Bande boisée et alignement d'arbres,SM2-E,O. Kints,Life Prairies Bocagères
F:/Life Prairies Bocagères/Nouveau dossier/SM2E/WAV/,E-LPB_20180816_220549_850.wav,Myosp,Myosp,C. Brabant,Principal,Myosp,6,Myobra,3,2018,8,16,22,5,16/08/2018,22:05,16/08/2018,E-LPB,14,44,90,4,0,0,Baquet grande fagne,Fagne,BE35019,Plan d'eau - mare (< 50m²),Haie,SM2-E,O. Kints,Life Prairies Bocagères
F:/Life Prairies Bocagères/SM2D/WAV/,D-LPB_20180627_231528_693.wav,Myosp,Myosp,C. Brabant,Principal,Myosp,9,Myoema,1,2018,6,27,23,15,27/06/2018,23:15,27/06/2018,D-LPB,14,52,65,3,0,0,Basse Wimbe point 4,Famenne,BE35037,Prairie,Haie,SM2-D,L. Pontet,Life Prairies Bocagères
F:/Life Prairies Bocagères/Nouveau dossier/SM2C/WAV/,C-LPB_20180815_041609_929.wav,Myosp,Myoema,C. Brabant - P. Nyssen,Principal,Myosp,7,Myoema,3,2018,8,15,4,16,15/08/2018,4:16,14/08/2018,C-LPB,14,50,54,2,0,0,verger aux roches baudoux,Fagne,BE35027,Prairie,Bande boisée et alignement d'arbres,SM2-C,O. Kints,Life Prairies Bocagères
F:/Life Prairies Bocagères/Nouveau dossier/SM2D/WAV/,D-LPB_20180814_021027_649.wav,Myosp,Myosp,C. Brabant,Principal,Myosp,6,Myoema,1,2018,8,14,2,10,14/08/2018,2:10,13/08/2018,D-LPB,14,50,100,6,0,0,layon fil maillet,Fagne,BE35030,Forêt feuillue,Layons,SM2-D,O. Kints,Life Prairies Bocagères
F:/Life Prairies Bocagères/SM2D/WAV/,D-LPB_20180614_000143_269.wav,Myosp,Myomyo,C. Brabant,Principal,Myosp,6,Myobec,3,2018,6,14,0,1,14/06/2018,0:01,13/06/2018,D-LPB,13,35,117,6,0,0,La prée point 4,Fagne,BE35027,Lisière vraie (milieu ouvert/milieux forestier),Bande boisée et alignement d'arbres,SM2-D,L. Pontet et C. Brabant,Life Prairies Bocagères
F:/Life Prairies Bocagères/SM2A/WAV/,A-LPB_20180608_025608_049.wav,ChiroSp,Myosp,C. Brabant,Principal,Myosp,4,Myobra,3,2018,6,8,2,56,8/06/2018,2:56,7/06/2018,A-LPB,13,41,85,4,0,0,Virelles point 1,Fagne,BE32036,Lisière vraie (milieu ouvert/milieux forestier),Haie,SM2-A,L. Pontet et C. Brabant,Life Prairies Bocagères
F:/Life Prairies Bocagères/SM2A/WAV/,A-LPB_20180610_230045_309.wav,Myosp,Myosp,C. Brabant,Principal,Myosp,9,Myobra,2,2018,6,10,23,0,10/06/2018,23:00,10/06/2018,A-LPB,13,42,83,6,0,0,Virelles point 1,Fagne,BE32036,Lisière vraie (milieu ouvert/milieux forestier),Haie,SM2-A,L. Pontet et C. Brabant,Life Prairies Bocagères
F:/Life Prairies Bocagères/Nouveau dossier/SM2E/WAV/,E-LPB_20180813_213048_273.wav,Myosp,Myosp,C. Brabant,Principal,Myosp,6,Myobra,3,2018,8,13,21,30,13/08/2018,21:30,13/08/2018,E-LPB,13,45,103,3,0,0,verger petigny jp jardin,Fagne,BE35027,Prairie,Bande boisée et alignement d'arbres,SM2-E,O. Kints,Life Prairies Bocagères
F:/Life Prairies Bocagères/Nouveau dossier/SM2C/WAV/,C-LPB_20180815_004608_291.wav,Myosp,Myosp,C. Brabant,Principal,Myosp,8,Myobra,3,2018,8,15,0,46,15/08/2018,0:46,14/08/2018,C-LPB,13,47,93,4,0,0,verger aux roches baudoux,Fagne,BE35027,Prairie,Bande boisée et alignement d'arbres,SM2-C,O. Kints,Life Prairies Bocagères
F:/Life Prairies Bocagères/Nouveau dossier/SM2D/WAV/,D-LPB_20180814_222032_301.wav,ChiroSp,Myomyo,C. Brabant,Principal,Myosp,4,Myomyo,4,2018,8,14,22,20,14/08/2018,22:20,14/08/2018,D-LPB,13,32,124,5,2,0,layon fil maillet,Fagne,BE35030,Forêt feuillue,Layons,SM2-D,O. Kints,Life Prairies Bocagères
F:/Life Prairies Bocagères/Nouveau dossier/SM4/WAV/,S4U00311_20180815_051516_000.wav,ChiroSp,Myomyo,C. Brabant,Principal,Myosp,4,Myomyo,4,2018,8,15,5,15,15/08/2018,5:15,14/08/2018,S4U00311,13,32,143,5,2,0,prés de virelles ug02,Fagne,BE32036,Prairie,Bande boisée et alignement d'arbres,SM24,O. Kints,Life Prairies Bocagères
G:/Life Prairies Bocagères/Reserve d'Aye/SM2C/WAV/,C-LPB_20180809_042854_128.wav,ChiroSp,PippiT,P. Nyssen,Principal,Myosp,2,Myoalc,1,2018,8,9,4,28,9/08/2018,4:28,8/08/2018,C-LPB,12,47,97,8,0,0,Réserve d'Aye,Famenne,hors sites,Forêt feuillue,,SM2-C,C. Brabant et P. Lighezzolo,Life Prairies Bocagères
F:/Life Prairies Bocagères/Nouveau dossier/SM2D/WAV/,D-LPB_20180816_033038_081.wav,Myosp,Myosp,C. Brabant,Principal,Myosp,6,Myobec,2,2018,8,16,3,30,16/08/2018,3:30,15/08/2018,D-LPB,12,37,137,7,0,0,layon fil maillet,Fagne,BE35030,Forêt feuillue,Layons,SM2-D,O. Kints,Life Prairies Bocagères
F:/Life Prairies Bocagères/SM2E/WAV/,E-LPB_20180619_024556_734.wav,ChiroSp,Myosp,C. Brabant,Principal,Myosp,5,Myobra,4,2018,6,19,2,45,19/06/2018,2:45,18/06/2018,E-LPB,12,46,93,3,0,0,Réserve du fil Maillet,Fagne,BE35030,Forêt feuillue,Bande boisée et alignement d'arbres,SM2-E,L. Pontet,Life Prairies Bocagères
F:/Life Prairies Bocagères/SM2B/WAV/,B-LPB_20180625_224617_763.wav,ChiroSp,Myonat,C. Brabant,Principal,Myosp,5,Myonat,5,2018,6,25,22,46,25/06/2018,22:46,25/06/2018,B-LPB,12,40,61,1,0,0,Froidlieu point 3,Famenne,BE35037,Prairie,Haie,SM2-B,L. Pontet,Life Prairies Bocagères
G:/Life Prairies Bocagères/Reserve d'Aye/SM2C/WAV/,C-LPB_20180808_221808_813.wav,ChiroSp,ChiroSp,P. Nyssen,Principal,Myosp,3,Myoema,3,2018,8,8,22,18,8/08/2018,22:18,8/08/2018,C-LPB,12,56,0,4,1,2,Réserve d'Aye,Famenne,hors sites,Forêt feuillue,,SM2-C,C. Brabant et P. Lighezzolo,Life Prairies Bocagères
G:/Life Prairies Bocagères/Reserve d'Aye/SM2C/WAV/,C-LPB_20180809_050421_694.wav,ChiroSp,ChiroSp,P. Nyssen,Principal,Myosp,3,Myoema,3,2018,8,9,5,4,9/08/2018,5:04,8/08/2018,C-LPB,12,84,51,0,0,0,Réserve d'Aye,Famenne,hors sites,Forêt feuillue,,SM2-C,C. Brabant et P. Lighezzolo,Life Prairies Bocagères
G:/Life Prairies Bocagères/Reserve d'Aye/SM2C/WAV/,C-LPB_20180808_220519_469.wav,Myosp,Myomys,C. Brabant,Principal,Myosp,10,Myomys,1,2018,8,8,22,5,8/08/2018,22:05,8/08/2018,C-LPB,12,48,77,6,0,0,Réserve d'Aye,Famenne,hors sites,Forêt feuillue,,SM2-C,C. Brabant et P. Lighezzolo,Life Prairies Bocagères
G:/Life Prairies Bocagères/Reserve d'Aye/SM2C/WAV/,C-LPB_20180809_021106_631.wav,Myosp,Myomys,C. Brabant,Principal,Myosp,9,Myomys,2,2018,8,9,2,11,9/08/2018,2:11,8/08/2018,C-LPB,12,47,83,6,0,0,Réserve d'Aye,Famenne,hors sites,Forêt feuillue,,SM2-C,C. Brabant et P. Lighezzolo,Life Prairies Bocagères
F:/Life Prairies Bocagères/SM2B/WAV/,B-LPB_20180618_034851_969.wav,Myosp,Myodau,C. Brabant,Principal,Myosp,6,Myobra,3,2018,6,18,3,48,18/06/2018,3:48,17/06/2018,B-LPB,11,44,0,3,0,0,Feschaux point 3,Famenne,BE35034,Prairie,Haie,SM2-B,L. Pontet ,Life Prairies Bocagères
F:/Life Prairies Bocagères/SM2E/WAV/,E-LPB_20180616_010026_345.wav,ChiroSp,Myosp,C. Brabant,Principal,Myosp,4,Myobra,4,2018,6,16,1,0,16/06/2018,1:00,15/06/2018,E-LPB,11,45,86,3,0,0,Réserve du fil Maillet,Fagne,BE35030,Forêt feuillue,Bande boisée et alignement d'arbres,SM2-E,L. Pontet,Life Prairies Bocagères
F:/Life Prairies Bocagères/SM2B/WAV/,B-LPB_20180611_034250_801.wav,ChiroSp,Myosp,C. Brabant,Principal,Myosp,4,Myoema,3,2018,6,11,3,42,11/06/2018,3:42,10/06/2018,B-LPB,11,45,54,1,0,0,Virelles point 2,Fagne,BE32036,Prairie,Haie,SM2-B,L. Pontet et C. Brabant,Life Prairies Bocagères
F:/Life Prairies Bocagères/Nouveau dossier/SM2E/WAV/,E-LPB_20180813_213226_727.wav,Myosp,Myosp,C. Brabant,Secondaire,Myosp,8,Myobra,2,2018,8,13,21,32,13/08/2018,21:32,13/08/2018,E-LPB,10,41,0,5,1,0,verger petigny jp jardin,Fagne,BE35027,Prairie,Bande boisée et alignement d'arbres,SM2-E,O. Kints,Life Prairies Bocagères
G:/Life Prairies Bocagères/Reserve d'Aye/SM2A/WAV/,A-LPB_20180808_221049_000.wav,Myosp,Myosp,C. Brabant,Principal,Myosp,6,Myobra,4,2018,8,8,22,10,8/08/2018,22:10,8/08/2018,A-LPB,10,44,0,4,1,0,Réserve d'Aye,Famenne,hors sites,Prairie,Bande boisée et alignement d'arbres,SM2-A,C. Brabant et P. Lighezzolo,Life Prairies Bocagères
F:/Life Prairies Bocagères/Nouveau dossier/SM2D/WAV/,D-LPB_20180815_224739_000.wav,Myosp,Myosp,C. Brabant,Principal,Myosp,7,Myobra,2,2018,8,15,22,47,15/08/2018,22:47,15/08/2018,D-LPB,10,46,172,5,0,0,layon fil maillet,Fagne,BE35030,Forêt feuillue,Layons,SM2-D,O. Kints,Life Prairies Bocagères
F:/Life Prairies Bocagères/Nouveau dossier/SM2E/WAV/,E-LPB_20180816_220529_850.wav,ChiroSp,Myosp,C. Brabant,Principal,Myosp,5,Myobra,3,2018,8,16,22,5,16/08/2018,22:05,16/08/2018,E-LPB,10,48,0,4,0,0,Baquet grande fagne,Fagne,BE35019,Plan d'eau - mare (< 50m²),Haie,SM2-E,O. Kints,Life Prairies Bocagères
F:/Life Prairies Bocagères/Nouveau dossier/SM2E/WAV/,E-LPB_20180817_024730_000.wav,ChiroSp,Myosp,C. Brabant,Principal,Myosp,4,Myobra,4,2018,8,17,2,47,17/08/2018,2:47,16/08/2018,E-LPB,10,45,0,3,0,0,Baquet grande fagne,Fagne,BE35019,Plan d'eau - mare (< 50m²),Haie,SM2-E,O. Kints,Life Prairies Bocagères
F:/Life Prairies Bocagères/SM2B/WAV/,B-LPB_20180620_031445_362.wav,Myosp,Myoema,C. Brabant - P. Nyssen,Principal,Myosp,7,Myoema,4,2018,6,20,3,14,20/06/2018,3:14,19/06/2018,B-LPB,10,54,0,2,2,0,Feschaux point 3,Famenne,BE35034,Prairie,Haie,SM2-B,L. Pontet ,Life Prairies Bocagères
G:/Life Prairies Bocagères/Reserve d'Aye/SM2C/WAV/,C-LPB_20180809_002645_338.wav,Myosp,Myoema,P. Nyssen,Principal,Myosp,10,Myoema,0,2018,8,9,0,26,9/08/2018,0:26,8/08/2018,C-LPB,10,50,0,6,0,0,Réserve d'Aye,Famenne,hors sites,Forêt feuillue,,SM2-C,C. Brabant et P. Lighezzolo,Life Prairies Bocagères
F:/Life Prairies Bocagères/Nouveau dossier/SM2E/WAV/,E-LPB_20180813_213226_727.wav,Myosp,Plesp,C. Brabant,Principal,Myosp,8,Myobra,2,2018,8,13,21,32,13/08/2018,21:32,13/08/2018,E-LPB,10,41,0,5,1,0,verger petigny jp jardin,Fagne,BE35027,Prairie,Bande boisée et alignement d'arbres,SM2-E,O. Kints,Life Prairies Bocagères
F:/Life Prairies Bocagères/Nouveau dossier/SM2E/WAV/,E-LPB_20180814_033109_495.wav,Myosp,Myosp,C. Brabant,Principal,Myosp,7,Myoema,3,2018,8,14,3,31,14/08/2018,3:31,13/08/2018,E-LPB,10,56,118,4,0,0,verger petigny jp jardin,Fagne,BE35027,Prairie,Bande boisée et alignement d'arbres,SM2-E,O. Kints,Life Prairies Bocagères
F:/Life Prairies Bocagères/SM2E/WAV/,E-LPB_20180701_225851_510.wav,Myosp,Myoema,C. Brabant - P. Nyssen,Principal,Myosp,10,Myoema,2,2018,7,1,22,58,1/07/2018,22:58,1/07/2018,E-LPB,10,63,46,3,0,0,Behotte point 2,Famenne,BE35025,Prairie,Haie,SM2-E,L. Pontet,Life Prairies Bocagères
F:/Life Prairies Bocagères/Nouveau dossier/SM2C/WAV/,C-LPB_20180816_012029_497.wav,Myosp,Myonat,C. Brabant,Principal,Myosp,6,Myonat,2,2018,8,16,1,20,16/08/2018,1:20,15/08/2018,C-LPB,10,90,55,0,2,0,verger aux roches baudoux,Fagne,BE35027,Prairie,Bande boisée et alignement d'arbres,SM2-C,O. Kints,Life Prairies Bocagères
F:/Life Prairies Bocagères/Nouveau dossier/SM2A/WAV/,A-LPB_20180813_232454_029.wav,Myosp,Myosp,C. Brabant,Principal,Myosp,9,Myonat,4,2018,8,13,23,24,13/08/2018,23:24,13/08/2018,A-LPB,10,38,87,3,0,0,La Prée/sous le polonais,Fagne,BE35027,Prairie,Haie,SM2-A,O. Kints,Life Prairies Bocagères
F:/Life Prairies Bocagères/SM2B/WAV/,B-LPB_20180610_025817_109.wav,Myosp,Myonat,C. Brabant,Principal,Myosp,6,Myonat,5,2018,6,10,2,58,10/06/2018,2:58,9/06/2018,B-LPB,10,62,54,0,0,0,Virelles point 2,Fagne,BE32036,Prairie,Haie,SM2-B,L. Pontet et C. Brabant,Life Prairies Bocagères
F:/Life Prairies Bocagères/SM2C/WAV/,C-LPB_20180701_010945_811.wav,Myonat,Myonat,C. Brabant,Principal,Myosp,8,Myonat,8,2018,7,1,1,9,1/07/2018,1:09,30/06/2018,C-LPB,10,47,34,0,4,1,Basse Wimbe point 2,Famenne,BE35038,Prairie,Bande boisée et alignement d'arbres,SM2-C,L. Pontet et D.Grison,Life Prairies Bocagères
F:/Life Prairies Bocagères/Nouveau dossier/SM2E/WAV/,E-LPB_20180813_213102_014.wav,ChiroSp,Myosp,C. Brabant,Principal,Myosp,5,Myobra,3,2018,8,13,21,31,13/08/2018,21:31,13/08/2018,E-LPB,9,46,53,4,0,0,verger petigny jp jardin,Fagne,BE35027,Prairie,Bande boisée et alignement d'arbres,SM2-E,O. Kints,Life Prairies Bocagères
F:/Life Prairies Bocagères/Nouveau dossier/SM2E/WAV/,E-LPB_20180813_215042_625.wav,ChiroSp,Myosp,C. Brabant,Principal,Myosp,5,Myobra,3,2018,8,13,21,50,13/08/2018,21:50,13/08/2018,E-LPB,9,46,0,4,0,0,verger petigny jp jardin,Fagne,BE35027,Prairie,Bande boisée et alignement d'arbres,SM2-E,O. Kints,Life Prairies Bocagères
F:/Life Prairies Bocagères/SM2B/WAV/,B-LPB_20180620_031427_281.wav,Myosp,Myosp,C. Brabant,Principal,Myosp,9,Myoema,1,2018,6,20,3,14,20/06/2018,3:14,19/06/2018,B-LPB,9,53,63,3,0,0,Feschaux point 3,Famenne,BE35034,Prairie,Haie,SM2-B,L. Pontet ,Life Prairies Bocagères
F:/Life Prairies Bocagères/Nouveau dossier/SM2C/WAV/,C-LPB_20180815_214634_044.wav,Myosp,Myoema,P. Nyssen,Principal,Myosp,9,Myoema,1,2018,8,15,21,46,15/08/2018,21:46,15/08/2018,C-LPB,9,59,44,2,0,0,verger aux roches baudoux,Fagne,BE35027,Prairie,Bande boisée et alignement d'arbres,SM2-C,O. Kints,Life Prairies Bocagères
F:/Life Prairies Bocagères/SM2A/WAV/,A-LPB_20180610_025311_574.wav,ChiroSp,Myosp,C. Brabant,Principal,Myosp,4,Myoalc,1,2018,6,10,2,53,10/06/2018,2:53,9/06/2018,A-LPB,8,47,81,5,0,0,Virelles point 1,Fagne,BE32036,Lisière vraie (milieu ouvert/milieux forestier),Haie,SM2-A,L. Pontet et C. Brabant,Life Prairies Bocagères
G:/Life Prairies Bocagères/Reserve d'Aye/SM2A/WAV/,A-LPB_20180807_225339_000.wav,Myosp,Myosp,C. Brabant,Principal,Myosp,7,Myobra,1,2018,8,7,22,53,7/08/2018,22:53,7/08/2018,A-LPB,8,47,167,4,0,0,Réserve d'Aye,Famenne,hors sites,Prairie,Bande boisée et alignement d'arbres,SM2-A,C. Brabant et P. Lighezzolo,Life Prairies Bocagères
F:/Life Prairies Bocagères/Nouveau dossier/SM2E/WAV/,E-LPB_20180814_215854_665.wav,ChiroSp,Myosp,C. Brabant,Principal,Myosp,3,Myobra,3,2018,8,14,21,58,14/08/2018,21:58,14/08/2018,E-LPB,8,45,0,4,0,0,verger petigny jp jardin,Fagne,BE35027,Prairie,Bande boisée et alignement d'arbres,SM2-E,O. Kints,Life Prairies Bocagères
G:/Life Prairies Bocagères/Reserve d'Aye/SM2C/WAV/,C-LPB_20180808_222215_805.wav,ChiroSp,Myosp,P. Nyssen,Principal,Myosp,3,Myoema,2,2018,8,8,22,22,8/08/2018,22:22,8/08/2018,C-LPB,8,57,41,2,0,0,Réserve d'Aye,Famenne,hors sites,Forêt feuillue,,SM2-C,C. Brabant et P. Lighezzolo,Life Prairies Bocagères
F:/Life Prairies Bocagères/SM2D/WAV/,D-LPB_20180706_005307_739.wav,Myonat,Myonat,C. Brabant,Principal,Myosp,7,Myonat,6,2018,7,6,0,53,6/07/2018,0:53,5/07/2018,D-LPB,8,51,80,0,0,0,Ry d'Howisse point 2,Famenne,BE35038,Prairie/culture,Haie,SM2-D,L. Pontet,Life Prairies Bocagères
F:/Life Prairies Bocagères/SM2D/WAV/,D-LPB_20180608_021755_782.wav,ChiroSp,Myomyo,C. Brabant,Principal,Myosp,5,Myobec,3,2018,6,8,2,17,8/06/2018,2:17,7/06/2018,D-LPB,7,35,224,5,0,0,La prée point 1,Fagne,BE35027,Prairie,Haie,SM2-D,L. Pontet et C. Brabant,Life Prairies Bocagères
F:/Life Prairies Bocagères/Nouveau dossier/SM2E/WAV/,E-LPB_20180816_220534_850.wav,Myosp,Myosp,C. Brabant,Principal,Myosp,6,Myobra,3,2018,8,16,22,5,16/08/2018,22:05,16/08/2018,E-LPB,7,48,83,2,0,0,Baquet grande fagne,Fagne,BE35019,Plan d'eau - mare (< 50m²),Haie,SM2-E,O. Kints,Life Prairies Bocagères
F:/Life Prairies Bocagères/SM2A/WAV/,A-LPB_20180608_231755_890.wav,Myosp,Myosp,C. Brabant,Principal,Myosp,6,Myoema,4,2018,6,8,23,17,8/06/2018,23:17,8/06/2018,A-LPB,7,50,75,5,0,0,Virelles point 1,Fagne,BE32036,Lisière vraie (milieu ouvert/milieux forestier),Haie,SM2-A,L. Pontet et C. Brabant,Life Prairies Bocagères
F:/Life Prairies Bocagères/SM2E/WAV/,E-LPB_20180617_035617_611.wav,Myosp,Myoema,C. Brabant - P. Nyssen,Principal,Myosp,9,Myoema,3,2018,6,17,3,56,17/06/2018,3:56,16/06/2018,E-LPB,7,58,103,3,0,0,Réserve du fil Maillet,Fagne,BE35030,Forêt feuillue,Bande boisée et alignement d'arbres,SM2-E,L. Pontet,Life Prairies Bocagères
F:/Life Prairies Bocagères/SM2B/WAV/,B-LPB_20180610_232841_928.wav,ChiroSp,Myomys,C. Brabant,Principal,Myosp,4,Myoema,4,2018,6,10,23,28,10/06/2018,23:28,10/06/2018,B-LPB,7,50,0,1,0,0,Virelles point 2,Fagne,BE32036,Prairie,Haie,SM2-B,L. Pontet et C. Brabant,Life Prairies Bocagères
F:/Life Prairies Bocagères/Nouveau dossier/SM2C/WAV/,C-LPB_20180816_031400_980.wav,Myosp,Myomys,C. Brabant,Principal,Myosp,9,Myonat,4,2018,8,16,3,14,16/08/2018,3:14,15/08/2018,C-LPB,7,38,0,4,1,0,verger aux roches baudoux,Fagne,BE35027,Prairie,Bande boisée et alignement d'arbres,SM2-C,O. Kints,Life Prairies Bocagères
F:/Life Prairies Bocagères/Nouveau dossier/SM2E/WAV/,E-LPB_20180813_214705_000.wav,Myosp,Plesp,C. Brabant,Secondaire,Myosp,7,Myobra,3,2018,8,13,21,47,13/08/2018,21:47,13/08/2018,E-LPB,7,46,52,3,0,0,verger petigny jp jardin,Fagne,BE35027,Prairie,Bande boisée et alignement d'arbres,SM2-E,O. Kints,Life Prairies Bocagères
F:/Life Prairies Bocagères/SM2A/WAV/,A-LPB_20180608_024031_811.wav,ChiroSp,Myosp,C. Brabant,Principal,Myosp,4,Myobra,3,2018,6,8,2,40,8/06/2018,2:40,7/06/2018,A-LPB,6,41,82,5,0,0,Virelles point 1,Fagne,BE32036,Lisière vraie (milieu ouvert/milieux forestier),Haie,SM2-A,L. Pontet et C. Brabant,Life Prairies Bocagères
G:/Life Prairies Bocagères/Reserve d'Aye/SM2C/WAV/,C-LPB_20180808_221845_581.wav,ChiroSp,Myosp,P. Nyssen,Principal,Myosp,4,Myoema,3,2018,8,8,22,18,8/08/2018,22:18,8/08/2018,C-LPB,6,59,47,2,0,0,Réserve d'Aye,Famenne,hors sites,Forêt feuillue,,SM2-C,C. Brabant et P. Lighezzolo,Life Prairies Bocagères
F:/Life Prairies Bocagères/SM2D/WAV/,D-LPB_20180620_004311_031.wav,ChiroSp,Myosp,C. Brabant,Principal,Myosp,3,Myoema,3,2018,6,20,0,43,20/06/2018,0:43,19/06/2018,D-LPB,6,52,0,1,2,0,Réserve Naturelle du Couputienne point 1,Fagne,BE35030,Lisière vraie (milieu ouvert/milieux forestier),Haie,SM2-D,L. Pontet,Life Prairies Bocagères
F:/Life Prairies Bocagères/SM2A/WAV/,A-LPB_20180611_011155_188.wav,Myosp,Myosp,C. Brabant,Principal,Myosp,8,Myobec,3,2018,6,11,1,11,11/06/2018,1:11,10/06/2018,A-LPB,5,38,0,6,0,0,Virelles point 1,Fagne,BE32036,Lisière vraie (milieu ouvert/milieux forestier),Haie,SM2-A,L. Pontet et C. Brabant,Life Prairies Bocagères
F:/Life Prairies Bocagères/SM2A/WAV/,A-LPB_20180611_011155_188.wav,Myosp,Myobec,C. Brabant,Principal,Myosp,8,Myobec,3,2018,6,11,1,11,11/06/2018,1:11,10/06/2018,A-LPB,5,38,0,6,0,0,Virelles point 1,Fagne,BE32036,Lisière vraie (milieu ouvert/milieux forestier),Haie,SM2-A,L. Pontet et C. Brabant,Life Prairies Bocagères
F:/Life Prairies Bocagères/SM2A/WAV/,A-LPB_20180611_033153_780.wav,ChiroSp,Myosp,C. Brabant,Principal,Myosp,4,Myobra,4,2018,6,11,3,31,11/06/2018,3:31,10/06/2018,A-LPB,5,43,0,4,0,0,Virelles point 1,Fagne,BE32036,Lisière vraie (milieu ouvert/milieux forestier),Haie,SM2-A,L. Pontet et C. Brabant,Life Prairies Bocagères
F:/Life Prairies Bocagères/SM2B/WAV/,B-LPB_20180625_033447_044.wav,ChiroSp,Myosp,C. Brabant,Principal,Myosp,4,Myobra,4,2018,6,25,3,34,25/06/2018,3:34,24/06/2018,B-LPB,5,41,63,3,0,0,Froidlieu point 3,Famenne,BE35037,Prairie,Haie,SM2-B,L. Pontet,Life Prairies Bocagères
F:/Life Prairies Bocagères/Nouveau dossier/SM2E/WAV/,E-LPB_20180813_213037_241.wav,Myosp,Myosp,C. Brabant,Principal,Myosp,6,Myobra,3,2018,8,13,21,30,13/08/2018,21:30,13/08/2018,E-LPB,5,45,49,3,0,0,verger petigny jp jardin,Fagne,BE35027,Prairie,Bande boisée et alignement d'arbres,SM2-E,O. Kints,Life Prairies Bocagères
G:/Life Prairies Bocagères/Reserve d'Aye/SM2A/WAV/,A-LPB_20180808_230154_000.wav,ChiroSp,Myosp,C. Brabant,Principal,Myosp,4,Myobra,4,2018,8,8,23,1,8/08/2018,23:01,8/08/2018,A-LPB,5,44,73,4,0,0,Réserve d'Aye,Famenne,hors sites,Prairie,Bande boisée et alignement d'arbres,SM2-A,C. Brabant et P. Lighezzolo,Life Prairies Bocagères
F:/Life Prairies Bocagères/SM2B/WAV/,B-LPB_20180611_015203_294.wav,ChiroSp,ChiroSp,C. Brabant,Secondaire,Myosp,5,Myodas,5,2018,6,11,1,52,11/06/2018,1:52,10/06/2018,B-LPB,5,33,32,6,6,0,Virelles point 2,Fagne,BE32036,Prairie,Haie,SM2-B,L. Pontet et C. Brabant,Life Prairies Bocagères
F:/Life Prairies Bocagères/SM2A/WAV/,A-LPB_20180608_231800_387.wav,ChiroSp,ChiroSp,C. Brabant,Principal,Myosp,5,Myoema,1,2018,6,8,23,18,8/06/2018,23:18,8/06/2018,A-LPB,5,50,0,5,0,0,Virelles point 1,Fagne,BE32036,Lisière vraie (milieu ouvert/milieux forestier),Haie,SM2-A,L. Pontet et C. Brabant,Life Prairies Bocagères
F:/Life Prairies Bocagères/SM2C/WAV/,C-LPB_20180701_225815_000.wav,ChiroSp,Myoema,C. Brabant - P. Nyssen,Principal,Myosp,5,Myoema,5,2018,7,1,22,58,1/07/2018,22:58,1/07/2018,C-LPB,5,56,0,1,0,0,Behotte point 4,Famenne,BE35025,Prairie,"Chemin (induré, circulation véhicule lents)",SM2-C,L. Pontet,Life Prairies Bocagères
F:/Life Prairies Bocagères/SM2D/WAV/,D-LPB_20180613_013544_921.wav,Myosp,Myosp,P. Nyssen,Principal,Myosp,9,Myoema,3,2018,6,13,1,35,13/06/2018,1:35,12/06/2018,D-LPB,5,59,58,2,0,0,La prée point 4,Fagne,BE35027,Lisière vraie (milieu ouvert/milieux forestier),Bande boisée et alignement d'arbres,SM2-D,L. Pontet et C. Brabant,Life Prairies Bocagères
F:/Life Prairies Bocagères/SM2B/WAV/,B-LPB_20180619_224223_131.wav,ChiroSp,Myosp,C. Brabant,Principal,Myosp,2,Myoema,2,2018,6,19,22,42,19/06/2018,22:42,19/06/2018,B-LPB,5,44,62,3,0,0,Feschaux point 3,Famenne,BE35034,Prairie,Haie,SM2-B,L. Pontet ,Life Prairies Bocagères
F:/Life Prairies Bocagères/SM2A/WAV/,A-LPB_20180609_042507_392.wav,ChiroSp,Myosp,C. Brabant,Principal,Myosp,2,Myoalc,2,2018,6,9,4,25,9/06/2018,4:25,8/06/2018,A-LPB,4,54,88,6,0,0,Virelles point 1,Fagne,BE32036,Lisière vraie (milieu ouvert/milieux forestier),Haie,SM2-A,L. Pontet et C. Brabant,Life Prairies Bocagères
F:/Life Prairies Bocagères/SM2A/WAV/,A-LPB_20180608_025601_793.wav,ChiroSp,Myosp,C. Brabant,Principal,Myosp,5,Myobra,5,2018,6,8,2,56,8/06/2018,2:56,7/06/2018,A-LPB,4,43,180,4,0,0,Virelles point 1,Fagne,BE32036,Lisière vraie (milieu ouvert/milieux forestier),Haie,SM2-A,L. Pontet et C. Brabant,Life Prairies Bocagères
F:/Life Prairies Bocagères/SM2B/WAV/,B-LPB_20180618_030149_495.wav,ChiroSp,Myosp,C. Brabant,Principal,Myosp,4,Myobra,4,2018,6,18,3,1,18/06/2018,3:01,17/06/2018,B-LPB,4,44,95,3,0,0,Feschaux point 3,Famenne,BE35034,Prairie,Haie,SM2-B,L. Pontet ,Life Prairies Bocagères
F:/Life Prairies Bocagères/SM2E/WAV/,E-LPB_20180618_040730_418.wav,Myosp,Myomys,C. Brabant,Principal,Myosp,7,Myobra,4,2018,6,18,4,7,18/06/2018,4:07,17/06/2018,E-LPB,4,49,0,3,0,0,Réserve du fil Maillet,Fagne,BE35030,Forêt feuillue,Bande boisée et alignement d'arbres,SM2-E,L. Pontet,Life Prairies Bocagères
G:/Life Prairies Bocagères/Reserve d'Aye/SM2C/WAV/,C-LPB_20180807_224600_951.wav,ChiroSp,Myosp,C. Brabant,Principal,Myosp,2,Myoema,1,2018,8,7,22,46,7/08/2018,22:46,7/08/2018,C-LPB,4,49,81,5,0,0,Réserve d'Aye,Famenne,hors sites,Forêt feuillue,,SM2-C,C. Brabant et P. Lighezzolo,Life Prairies Bocagères
F:/Life Prairies Bocagères/Nouveau dossier/SM2D/WAV/,D-LPB_20180815_044801_521.wav,Myosp,Myomys,C. Brabant,Principal,Myosp,10,Myomys,2,2018,8,15,4,48,15/08/2018,4:48,14/08/2018,D-LPB,4,62,0,4,0,0,layon fil maillet,Fagne,BE35030,Forêt feuillue,Layons,SM2-D,O. Kints,Life Prairies Bocagères
F:/Life Prairies Bocagères/Nouveau dossier/SM2A/WAV/,A-LPB_20180816_011733_849.wav,Myonat,Myosp,C. Brabant,Principal,Myosp,7,Myonat,7,2018,8,16,1,17,16/08/2018,1:17,15/08/2018,A-LPB,4,46,95,0,0,0,La Prée/sous le polonais,Fagne,BE35027,Prairie,Haie,SM2-A,O. Kints,Life Prairies Bocagères
F:/Life Prairies Bocagères/SM2D/WAV/,D-LPB_20180616_040606_807.wav,Rhifer,Rhifer,L. Pontet et C. Brabant,Principal,Rhisp,10,Rhifer,10,2018,6,16,4,6,16/06/2018,4:06,15/06/2018,D-LPB,23,80,0,6,0,0,Réserve Naturelle du Couputienne point 1,Fagne,BE35030,Lisière vraie (milieu ouvert/milieux forestier),Haie,SM2-D,L. Pontet,Life Prairies Bocagères
F:/Life Prairies Bocagères/SM2A/WAV/,A-LPB_20180609_011302_702.wav,ChiroSp,Myosp,C. Brabant,Principal,Myosp,2,Myoalc,1,2018,6,9,1,13,9/06/2018,1:13,8/06/2018,A-LPB,3,55,0,4,0,0,Virelles point 1,Fagne,BE32036,Lisière vraie (milieu ouvert/milieux forestier),Haie,SM2-A,L. Pontet et C. Brabant,Life Prairies Bocagères
F:/Life Prairies Bocagères/SM2E/WAV/,E-LPB_20180616_042953_241.wav,ChiroSp,ChiroSp,C. Brabant,Principal,Myosp,3,Myoalc,1,2018,6,16,4,29,16/06/2018,4:29,15/06/2018,E-LPB,3,49,0,4,0,0,Réserve du fil Maillet,Fagne,BE35030,Forêt feuillue,Bande boisée et alignement d'arbres,SM2-E,L. Pontet,Life Prairies Bocagères
F:/Life Prairies Bocagères/Nouveau dossier/SM2E/WAV/,E-LPB_20180817_004153_490.wav,ChiroSp,Myomys,C. Brabant,Principal,Myosp,2,Myoalc,2,2018,8,17,0,41,17/08/2018,0:41,16/08/2018,E-LPB,3,49,113,4,0,0,Baquet grande fagne,Fagne,BE35019,Plan d'eau - mare (< 50m²),Haie,SM2-E,O. Kints,Life Prairies Bocagères
F:/Life Prairies Bocagères/SM2B/WAV/,B-LPB_20180623_224244_697.wav,Rhihip,Rhihip,L. Pontet et C. Brabant,Principal,Rhisp,10,Rhihip,10,2018,6,23,22,42,23/06/2018,22:42,23/06/2018,B-LPB,14,103,0,7,0,0,Froidlieu point 3,Famenne,BE35037,Prairie,Haie,SM2-B,L. Pontet,Life Prairies Bocagères
F:/Life Prairies Bocagères/SM2E/WAV/,E-LPB_20180617_025500_194.wav,ChiroSp,Myosp,C. Brabant,Principal,Myosp,4,Myobra,4,2018,6,17,2,55,17/06/2018,2:55,16/06/2018,E-LPB,3,49,0,3,0,0,Réserve du fil Maillet,Fagne,BE35030,Forêt feuillue,Bande boisée et alignement d'arbres,SM2-E,L. Pontet,Life Prairies Bocagères
F:/Life Prairies Bocagères/Nouveau dossier/SM2E/WAV/,E-LPB_20180813_213134_497.wav,ChiroSp,Myosp,C. Brabant,Principal,Myosp,4,Myobra,4,2018,8,13,21,31,13/08/2018,21:31,13/08/2018,E-LPB,3,42,0,3,0,0,verger petigny jp jardin,Fagne,BE35027,Prairie,Bande boisée et alignement d'arbres,SM2-E,O. Kints,Life Prairies Bocagères
F:/Life Prairies Bocagères/Nouveau dossier/SM2E/WAV/,E-LPB_20180813_214421_169.wav,ChiroSp,Myosp,C. Brabant,Principal,Myosp,5,Myobra,5,2018,8,13,21,44,13/08/2018,21:44,13/08/2018,E-LPB,3,42,0,3,0,0,verger petigny jp jardin,Fagne,BE35027,Prairie,Bande boisée et alignement d'arbres,SM2-E,O. Kints,Life Prairies Bocagères
F:/Life Prairies Bocagères/SM2E/WAV/,E-LPB_20180617_043124_551.wav,ChiroSp,Myosp,C. Brabant,Principal,Myosp,3,Myoema,1,2018,6,17,4,31,17/06/2018,4:31,16/06/2018,E-LPB,3,48,0,3,0,0,Réserve du fil Maillet,Fagne,BE35030,Forêt feuillue,Bande boisée et alignement d'arbres,SM2-E,L. Pontet,Life Prairies Bocagères
F:/Life Prairies Bocagères/Nouveau dossier/SM2E/WAV/,E-LPB_20180816_231640_000.wav,Myosp,Myosp,C. Brabant,Principal,Myosp,6,Myoema,1,2018,8,16,23,16,16/08/2018,23:16,16/08/2018,E-LPB,3,47,0,3,0,0,Baquet grande fagne,Fagne,BE35019,Plan d'eau - mare (< 50m²),Haie,SM2-E,O. Kints,Life Prairies Bocagères
F:/Life Prairies Bocagères/SM2E/WAV/,E-LPB_20180618_024353_237.wav,Myosp,Myosp,C. Brabant,Principal,Myosp,7,Myoema,2,2018,6,18,2,43,18/06/2018,2:43,17/06/2018,E-LPB,3,54,0,1,0,0,Réserve du fil Maillet,Fagne,BE35030,Forêt feuillue,Bande boisée et alignement d'arbres,SM2-E,L. Pontet,Life Prairies Bocagères
F:/Life Prairies Bocagères/Nouveau dossier/SM2E/WAV/,E-LPB_20180814_020954_932.wav,Myosp,Myoema,C. Brabant - P. Nyssen,Principal,Myosp,10,Myoema,3,2018,8,14,2,9,14/08/2018,2:09,13/08/2018,E-LPB,3,58,0,4,0,0,verger petigny jp jardin,Fagne,BE35027,Prairie,Bande boisée et alignement d'arbres,SM2-E,O. Kints,Life Prairies Bocagères
F:/Life Prairies Bocagères/Nouveau dossier/SM2E/WAV/,E-LPB_20180813_213134_497.wav,ChiroSp,Rhifer,C. Brabant,Principal,Myosp,4,Myobra,4,2018,8,13,21,31,13/08/2018,21:31,13/08/2018,E-LPB,3,42,0,3,0,0,verger petigny jp jardin,Fagne,BE35027,Prairie,Bande boisée et alignement d'arbres,SM2-E,O. Kints,Life Prairies Bocagères
F:/Life Prairies Bocagères/Nouveau dossier/SM2E/WAV/,E-LPB_20180817_004113_490.wav,Myosp,Myosp,C. Brabant,Principal,Myosp,7,Myobra,2,2018,8,17,0,41,17/08/2018,0:41,16/08/2018,E-LPB,2,49,0,2,0,0,Baquet grande fagne,Fagne,BE35019,Plan d'eau - mare (< 50m²),Haie,SM2-E,O. Kints,Life Prairies Bocagères
F:/Life Prairies Bocagères/SM2A/WAV/,A-LPB_20180609_011300_016.wav,Myosp,Myosp,C. Brabant,Principal,Myosp,6,Myoema,2,2018,6,9,1,13,9/06/2018,1:13,8/06/2018,A-LPB,2,56,0,3,0,0,Virelles point 1,Fagne,BE32036,Lisière vraie (milieu ouvert/milieux forestier),Haie,SM2-A,L. Pontet et C. Brabant,Life Prairies Bocagères
G:/Life Prairies Bocagères/Reserve d'Aye/SM2C/WAV/,C-LPB_20180808_222229_484.wav,ChiroSp,Myosp,P. Nyssen,Principal,Myosp,3,Myoema,2,2018,8,8,22,22,8/08/2018,22:22,8/08/2018,C-LPB,2,58,0,1,0,0,Réserve d'Aye,Famenne,hors sites,Forêt feuillue,,SM2-C,C. Brabant et P. Lighezzolo,Life Prairies Bocagères
F:/Life Prairies Bocagères/SM2E/WAV/,E-LPB_20180627_230010_723.wav,Myosp,Myosp,C. Brabant,Principal,Myosp,7,Myoema,2,2018,6,27,23,0,27/06/2018,23:00,27/06/2018,E-LPB,2,53,0,2,0,0,Château Lavaux,Famenne,BE35037,Prairie,Bande boisée et alignement d'arbres,SM2-E,L. Pontet,Life Prairies Bocagères
F:/Life Prairies Bocagères/Nouveau dossier/SM2A/WAV/,A-LPB_20180813_230058_541.wav,ChiroSp,Myosp,C. Brabant,Principal,Myosp,5,Myonat,5,2018,8,13,23,0,13/08/2018,23:00,13/08/2018,A-LPB,2,33,0,3,1,0,La Prée/sous le polonais,Fagne,BE35027,Prairie,Haie,SM2-A,O. Kints,Life Prairies Bocagères
F:/Life Prairies Bocagères/SM2A/WAV/,A-LPB_20180627_000116_017.wav,Eptnil,Nyclei,C. Brabant,Principal,ENVsp,7,Eptnil,7,2018,6,27,0,1,27/06/2018,0:01,26/06/2018,A-LPB,15,27,0,8,2,0,Verger Marie Quoilin,Famenne,hors sites,Lisière vraie (milieu ouvert/milieux forestier),Bande boisée et alignement d'arbres,SM2-A,L. Pontet,Life Prairies Bocagères
F:/Life Prairies Bocagères/SM2B/WAV/,B-LPB_20180609_051457_364.wav,Nyclas,Nycnoc,C. Brabant,Principal,ENVsp,7,Nyclas,7,2018,6,9,5,14,9/06/2018,5:14,8/06/2018,B-LPB,18,17,0,10,5,0,Virelles point 2,Fagne,BE32036,Prairie,Haie,SM2-B,L. Pontet et C. Brabant,Life Prairies Bocagères
F:/Life Prairies Bocagères/SM2B/WAV/,B-LPB_20180620_224745_502.wav,Nyclei,Nyclei,C. Brabant,Principal,ENVsp,7,Nyclei,7,2018,6,20,22,47,20/06/2018,22:47,20/06/2018,B-LPB,18,23,0,9,4,0,Tienne du Grand Sart,Famenne,BE35035,Prairie/culture,Haie,SM2-B,L. Pontet,Life Prairies Bocagères
G:/Life Prairies Bocagères/Reserve d'Aye/SM2A/WAV/,A-LPB_20180808_220149_000.wav,Myosp,Myosp,C. Brabant - P. Nyssen,Principal,Myosp,7,Myobra,5,2018,8,8,22,1,8/08/2018,22:01,8/08/2018,A-LPB,1,44,4340,4,0,0,Réserve d'Aye,Famenne,hors sites,Prairie,Bande boisée et alignement d'arbres,SM2-A,C. Brabant et P. Lighezzolo,Life Prairies Bocagères
G:/Life Prairies Bocagères/Reserve d'Aye/SM2D/WAV/,D-LPB_20180711_021738_763.wav,Pip35,Pipnat,P. Nyssen,Principal,Pip35,6,Pipnat,1,2018,8,8,2,17,8/08/2018,2:17,7/08/2018,D-LPB,15,42,165,5,1,0,Réserve d'Aye,Famenne,hors sites,Prairie,Arbre isolé,SM2-D,C. Brabant et P. Lighezzolo,Life Prairies Bocagères
F:/Life Prairies Bocagères/Nouveau dossier/SM2E/WAV/,E-LPB_20180816_223725_341.wav,Myosp,Myosp,C. Brabant,Principal,Myosp,6,Myobra,3,2018,8,16,22,37,16/08/2018,22:37,16/08/2018,E-LPB,1,42,0,3,0,0,Baquet grande fagne,Fagne,BE35019,Plan d'eau - mare (< 50m²),Haie,SM2-E,O. Kints,Life Prairies Bocagères
F:/Life Prairies Bocagères/SM2E/WAV/,E-LPB_20180627_035622_987.wav,Pleaus,Pleaus,C. Brabant,Principal,Plesp,10,Pleaus,9,2018,6,27,3,56,27/06/2018,3:56,26/06/2018,E-LPB,24,29,103,7,2,0,Château Lavaux,Famenne,BE35037,Prairie,Bande boisée et alignement d'arbres,SM2-E,L. Pontet,Life Prairies Bocagères
F:/Life Prairies Bocagères/SM2E/WAV/,E-LPB_20180628_025650_836.wav,Pleaus,Pleaus,C. Brabant,Principal,Plesp,10,Pleaus,9,2018,6,28,2,56,28/06/2018,2:56,27/06/2018,E-LPB,22,29,0,7,5,0,Château Lavaux,Famenne,BE35037,Prairie,Bande boisée et alignement d'arbres,SM2-E,L. Pontet,Life Prairies Bocagères
F:/Life Prairies Bocagères/Nouveau dossier/SM2E/WAV/,E-LPB_20180813_214820_788.wav,Pleaus,Pleaus,C. Brabant,Principal,Plesp,10,Pleaus,9,2018,8,13,21,48,13/08/2018,21:48,13/08/2018,E-LPB,7,26,100,7,0,0,verger petigny jp jardin,Fagne,BE35027,Prairie,Bande boisée et alignement d'arbres,SM2-E,O. Kints,Life Prairies Bocagères
F:/Life Prairies Bocagères/Nouveau dossier/SM2A/WAV/,A-LPB_20180815_011153_077.wav,Pleaur,Pleaur,C. Brabant,Principal,Plesp,8,Pleaur,6,2018,8,15,1,11,15/08/2018,1:11,14/08/2018,A-LPB,25,25,182,6,4,0,La Prée/sous le polonais,Fagne,BE35027,Prairie,Haie,SM2-A,O. Kints,Life Prairies Bocagères
F:/Life Prairies Bocagères/Nouveau dossier/SM4/WAV/,S4U00311_20180815_220826_000.wav,Pleaur,Plesp,C. Brabant,Principal,Plesp,10,Pleaur,6,2018,8,15,22,8,15/08/2018,22:08,15/08/2018,S4U00311,18,24,215,6,1,0,prés de virelles ug02,Fagne,BE32036,Prairie,Bande boisée et alignement d'arbres,SM24,O. Kints,Life Prairies Bocagères
G:/Life Prairies Bocagères/Reserve d'Aye/SM2C/WAV/,C-LPB_20180808_040308_350.wav,Plesp,Pleaur,C. Brabant,Principal,Plesp,8,Pleaus,0,2018,8,8,4,3,8/08/2018,4:03,7/08/2018,C-LPB,6,27,0,6,7,0,Réserve d'Aye,Famenne,hors sites,Forêt feuillue,,SM2-C,C. Brabant et P. Lighezzolo,Life Prairies Bocagères
F:/Life Prairies Bocagères/Nouveau dossier/SM2E/WAV/,E-LPB_20180813_213205_000.wav,ChiroSp,ChiroSp,C. Brabant,Principal,Myosp,2,Myobra,2,2018,8,13,21,32,13/08/2018,21:32,13/08/2018,E-LPB,1,44,0,4,0,0,verger petigny jp jardin,Fagne,BE35027,Prairie,Bande boisée et alignement d'arbres,SM2-E,O. Kints,Life Prairies Bocagères
F:/Life Prairies Bocagères/Nouveau dossier/SM2C/WAV/,C-LPB_20180814_224228_065.wav,ChiroSp,ChiroSp,C. Brabant,Principal,Myosp,5,Myodas,5,2018,8,14,22,42,14/08/2018,22:42,14/08/2018,C-LPB,1,38,0,1,3,0,verger aux roches baudoux,Fagne,BE35027,Prairie,Bande boisée et alignement d'arbres,SM2-C,O. Kints,Life Prairies Bocagères
F:/Life Prairies Bocagères/SM2B/WAV/,B-LPB_20180618_024458_956.wav,Myosp,Myosp,C. Brabant,Principal,Myosp,6,Myoema,1,2018,6,18,2,44,18/06/2018,2:44,17/06/2018,B-LPB,1,53,0,2,0,0,Feschaux point 3,Famenne,BE35034,Prairie,Haie,SM2-B,L. Pontet ,Life Prairies Bocagères
F:/Life Prairies Bocagères/Nouveau dossier/SM2E/WAV/,E-LPB_20180813_215515_175.wav,ChiroSp,ChiroSp,C. Brabant,Principal,Myosp,2,Myoema,2,2018,8,13,21,55,13/08/2018,21:55,13/08/2018,E-LPB,1,53,0,1,0,0,verger petigny jp jardin,Fagne,BE35027,Prairie,Bande boisée et alignement d'arbres,SM2-E,O. Kints,Life Prairies Bocagères
F:/Life Prairies Bocagères/SM2B/WAV/,B-LPB_20180621_222719_159.wav,ENVsp,Nyclei,C. Brabant,Principal,ENVsp,9,Nyclei,5,2018,6,21,22,27,21/06/2018,22:27,21/06/2018,B-LPB,10,25,236,6,2,0,Tienne du Grand Sart,Famenne,BE35035,Prairie/culture,Haie,SM2-B,L. Pontet,Life Prairies Bocagères
F:/Life Prairies Bocagères/SM2B/WAV/,B-LPB_20180620_224521_334.wav,ChiroSp,Nycnoc,C. Brabant,Principal,ENVsp,4,Nycnoc,4,2018,6,20,22,45,20/06/2018,22:45,20/06/2018,B-LPB,23,21,0,10,6,0,Tienne du Grand Sart,Famenne,BE35035,Prairie/culture,Haie,SM2-B,L. Pontet,Life Prairies Bocagères
G:/Life Prairies Bocagères/Reserve d'Aye/SM2C/WAV/,C-LPB_20180808_005502_775.wav,ENVsp,ENVsp,C. Brabant,Secondaire,ENVsp,9,Nyclei,3,2018,8,8,0,55,8/08/2018,0:55,7/08/2018,C-LPB,2,27,31,6,5,0,Réserve d'Aye,Famenne,hors sites,Forêt feuillue,,SM2-C,C. Brabant et P. Lighezzolo,Life Prairies Bocagères
F:/Life Prairies Bocagères/SM2B/WAV/,B-LPB_20180620_224521_334.wav,ChiroSp,Nynoc,C. Brabant,Principal,ENVsp,4,Nycnoc,4,2018,6,20,22,45,20/06/2018,22:45,20/06/2018,B-LPB,23,21,0,10,6,0,Tienne du Grand Sart,Famenne,BE35035,Prairie/culture,Haie,SM2-B,L. Pontet,Life Prairies Bocagères
F:/Life Prairies Bocagères/SM2B/WAV/,B-LPB_20180620_234512_407.wav,ENVsp,Nyclei,C. Brabant,Principal,ENVsp,10,Nyclei,0,2018,6,20,23,45,20/06/2018,23:45,20/06/2018,B-LPB,14,26,166,7,0,0,Tienne du Grand Sart,Famenne,BE35035,Prairie/culture,Haie,SM2-B,L. Pontet,Life Prairies Bocagères
F:/Life Prairies Bocagères/SM2D/WAV/,D-LPB_20180621_224021_677.wav,PippiT,PippiT,L. Pontet,Principal,Pip50,8,PippiT,8,2018,6,21,22,40,21/06/2018,22:40,21/06/2018,D-LPB,34,47,45,4,2,0,Carrière Malakoff,Famenne,BE35036,Prairie,Haie,SM2-D,L. Pontet,Life Prairies Bocagères
F:/Life Prairies Bocagères/SM2B/WAV/,B-LPB_20180620_224851_345.wav,PippiT,PippiT,C. Brabant,Principal,Pip50,8,PippiT,6,2018,6,20,22,48,20/06/2018,22:48,20/06/2018,B-LPB,1,45,0,6,0,0,Tienne du Grand Sart,Famenne,BE35035,Prairie/culture,Haie,SM2-B,L. Pontet,Life Prairies Bocagères
F:/Life Prairies Bocagères/SM2B/WAV/,B-LPB_20180621_225424_696.wav,PippiT,PippiT,C. Brabant,Principal,Pip50,10,PippiT,10,2018,6,21,22,54,21/06/2018,22:54,21/06/2018,B-LPB,9,46,0,5,1,0,Tienne du Grand Sart,Famenne,BE35035,Prairie/culture,Haie,SM2-B,L. Pontet,Life Prairies Bocagères
G:/Life Prairies Bocagères/Reserve d'Aye/SM2A/WAV/,A-LPB_20180807_212809_000.wav,PippiT,PippiT,C. Brabant,Principal,Pip50,10,PippiT,10,2018,8,7,21,28,7/08/2018,21:28,7/08/2018,A-LPB,26,48,83,5,0,0,Réserve d'Aye,Famenne,hors sites,Prairie,Bande boisée et alignement d'arbres,SM2-A,C. Brabant et P. Lighezzolo,Life Prairies Bocagères
G:/Life Prairies Bocagères/Reserve d'Aye/SM2A/WAV/,A-LPB_20180808_212957_265.wav,PippiT,PippiT,C. Brabant,Principal,Pip50,10,PippiT,10,2018,8,8,21,29,8/08/2018,21:29,8/08/2018,A-LPB,35,46,75,8,0,0,Réserve d'Aye,Famenne,hors sites,Prairie,Bande boisée et alignement d'arbres,SM2-A,C. Brabant et P. Lighezzolo,Life Prairies Bocagères
G:/Life Prairies Bocagères/Reserve d'Aye/SM2C/WAV/,C-LPB_20180807_213318_527.wav,PippiT,PippiT,C. Brabant,Principal,Pip50,10,PippiT,10,2018,8,7,21,33,7/08/2018,21:33,7/08/2018,C-LPB,28,51,84,7,2,0,Réserve d'Aye,Famenne,hors sites,Forêt feuillue,,SM2-C,C. Brabant et P. Lighezzolo,Life Prairies Bocagères
G:/Life Prairies Bocagères/Reserve d'Aye/SM2C/WAV/,C-LPB_20180808_213028_297.wav,PippiT,PippiT,C. Brabant,Principal,Pip50,10,PippiT,10,2018,8,8,21,30,8/08/2018,21:30,8/08/2018,C-LPB,16,48,0,7,0,0,Réserve d'Aye,Famenne,hors sites,Forêt feuillue,,SM2-C,C. Brabant et P. Lighezzolo,Life Prairies Bocagères
G:/Life Prairies Bocagères/Reserve d'Aye/SM2D/WAV/,D-LPB_20180711_015927_123.wav,PippiT,PippiT,C. Brabant,Principal,Pip50,10,PippiT,10,2018,8,8,1,59,8/08/2018,1:59,7/08/2018,D-LPB,42,47,72,4,1,0,Réserve d'Aye,Famenne,hors sites,Prairie,Arbre isolé,SM2-D,C. Brabant et P. Lighezzolo,Life Prairies Bocagères
G:/Life Prairies Bocagères/Reserve d'Aye/SM2D/WAV/,D-LPB_20180711_224312_786.wav,PippiT,PippiT,C. Brabant,Principal,Pip50,10,PippiT,10,2018,8,8,22,43,8/08/2018,22:43,8/08/2018,D-LPB,29,48,78,4,0,0,Réserve d'Aye,Famenne,hors sites,Prairie,Arbre isolé,SM2-D,C. Brabant et P. Lighezzolo,Life Prairies Bocagères
G:/Life Prairies Bocagères/Reserve d'Aye/SM2A/WAV/,A-LPB_20180807_224634_000.wav,Pip50,Pippyg,P. Nyssen,Principal,Pip50,10,Pippyg,3,2018,8,7,22,46,7/08/2018,22:46,7/08/2018,A-LPB,22,50,182,7,2,0,Réserve d'Aye,Famenne,hors sites,Prairie,Bande boisée et alignement d'arbres,SM2-A,C. Brabant et P. Lighezzolo,Life Prairies Bocagères
G:/Life Prairies Bocagères/Reserve d'Aye/SM2A/WAV/,A-LPB_20180808_023124_000.wav,ChiroSp,Myosp,P. Nyssen,Principal,Plesp,0,Pleaur,0,2018,8,8,2,31,8/08/2018,2:31,7/08/2018,A-LPB,3,35,0,3,0,0,Réserve d'Aye,Famenne,hors sites,Prairie,Bande boisée et alignement d'arbres,SM2-A,C. Brabant et P. Lighezzolo,Life Prairies Bocagères
F:/Life Prairies Bocagères/SM2B/WAV/,B-LPB_20180622_011145_399.wav,ChiroSp,ChiroSp,C. Brabant,Principal,Plesp,4,Pleaus,0,2018,6,22,1,11,22/06/2018,1:11,21/06/2018,B-LPB,2,26,0,4,3,0,Tienne du Grand Sart,Famenne,BE35035,Prairie/culture,Haie,SM2-B,L. Pontet,Life Prairies Bocagères
G:/Life Prairies Bocagères/Reserve d'Aye/SM2A/WAV/,A-LPB_20180808_220159_000.wav,ChiroSp,Plesp,P. Nyssen,Principal,Plesp,0,Pleaur,0,2018,8,8,22,1,8/08/2018,22:01,8/08/2018,A-LPB,3,26,0,4,0,0,Réserve d'Aye,Famenne,hors sites,Prairie,Bande boisée et alignement d'arbres,SM2-A,C. Brabant et P. Lighezzolo,Life Prairies Bocagères
G:/Life Prairies Bocagères/Reserve d'Aye/SM2D/WAV/,D-LPB_20180711_232734_000.wav,ChiroSp,Pleaus,P. Nyssen,Principal,Plesp,5,Pleaus,3,2018,8,8,23,27,8/08/2018,23:27,8/08/2018,D-LPB,6,24,216,4,3,0,Réserve d'Aye,Famenne,hors sites,Prairie,Arbre isolé,SM2-D,C. Brabant et P. Lighezzolo,Life Prairies Bocagères
F:/Life Prairies Bocagères/SM2B/WAV/,B-LPB_20180618_034002_961.wav,Rhifer,Rhifer,L. Pontet et C. Brabant,Principal,Rhisp,10,Rhifer,10,2018,6,18,3,40,18/06/2018,3:40,17/06/2018,B-LPB,13,81,0,7,0,0,Feschaux point 3,Famenne,BE35034,Prairie,Haie,SM2-B,L. Pontet ,Life Prairies Bocagères
F:/Life Prairies Bocagères/SM2B/WAV/,B-LPB_20180624_222804_325.wav,Rhihip,Rhihip,L. Pontet et C. Brabant,Principal,Rhisp,10,Rhihip,10,2018,6,24,22,28,24/06/2018,22:28,24/06/2018,B-LPB,13,104,0,7,1,0,Froidlieu point 3,Famenne,BE35037,Prairie,Haie,SM2-B,L. Pontet,Life Prairies Bocagères
F:/Life Prairies Bocagères/SM2B/WAV/,B-LPB_20180626_044358_951.wav,Rhihip,Rhihip,L. Pontet et C. Brabant,Principal,Rhisp,10,Rhihip,10,2018,6,26,4,43,26/06/2018,4:43,25/06/2018,B-LPB,13,103,7,7,0,0,Froidlieu point 3,Famenne,BE35037,Prairie,Haie,SM2-B,L. Pontet,Life Prairies Bocagères
F:/Life Prairies Bocagères/SM2D/WAV/,D-LPB_20180621_224021_677.wav,Rhifer,Rhifer,L. Pontet et C. Brabant,Secondaire,Rhisp,10,Rhifer,10,2018,6,21,22,40,21/06/2018,22:40,21/06/2018,D-LPB,12,78,0,6,0,0,Carrière Malakoff,Famenne,BE35036,Prairie,Haie,SM2-D,L. Pontet,Life Prairies Bocagères
F:/Life Prairies Bocagères/SM2D/WAV/,D-LPB_20180702_030536_247.wav,Rhifer,Rhifer,L. Pontet et C. Brabant,Principal,Rhisp,10,Rhifer,10,2018,7,2,3,5,2/07/2018,3:05,1/07/2018,D-LPB,12,80,0,7,0,0,Behotte point 6,Famenne,BE35025,Prairie,Bande boisée et alignement d'arbres,SM2-D,L. Pontet,Life Prairies Bocagères
F:/Life Prairies Bocagères/SM2B/WAV/,B-LPB_20180624_045209_000.wav,Rhihip,Rhihip,L. Pontet et C. Brabant,Principal,Rhisp,10,Rhihip,10,2018,6,24,4,52,24/06/2018,4:52,23/06/2018,B-LPB,12,104,0,7,0,0,Froidlieu point 3,Famenne,BE35037,Prairie,Haie,SM2-B,L. Pontet,Life Prairies Bocagères
F:/Life Prairies Bocagères/SM2A/WAV/,A-LPB_20180624_041852_955.wav,Rhihip,Rhihip,L. Pontet et C. Brabant,Principal,Rhisp,10,Rhihip,10,2018,6,24,4,18,24/06/2018,4:18,23/06/2018,A-LPB,10,109,0,8,0,0,Froidlieu point 2,Famenne,BE35037,Prairie,Haie,SM2-A,L. Pontet,Life Prairies Bocagères
F:/Life Prairies Bocagères/SM2D/WAV/,D-LPB_20180616_025528_226.wav,Rhifer,Rhifer,L. Pontet et C. Brabant,Principal,Rhisp,10,Rhifer,10,2018,6,16,2,55,16/06/2018,2:55,15/06/2018,D-LPB,8,80,0,6,0,0,Réserve Naturelle du Couputienne point 1,Fagne,BE35030,Lisière vraie (milieu ouvert/milieux forestier),Haie,SM2-D,L. Pontet,Life Prairies Bocagères
F:/Life Prairies Bocagères/SM2D/WAV/,D-LPB_20180625_230210_025.wav,Rhifer,Rhifer,L. Pontet et C. Brabant,Principal,Rhisp,10,Rhifer,10,2018,6,25,23,2,25/06/2018,23:02,25/06/2018,D-LPB,6,77,0,6,0,0,Revogne point 2,Famenne,BE35037,Prairie,Haie,SM2-D,L. Pontet,Life Prairies Bocagères
F:/Life Prairies Bocagères/SM2A/WAV/,A-LPB_20180701_000022_657.wav,Rhifer,Rhifer,L. Pontet et C. Brabant,Principal,Rhisp,10,Rhifer,10,2018,7,1,0,0,1/07/2018,0:00,30/06/2018,A-LPB,6,82,0,8,0,0,Basse Wimbe point 6,Famenne,BE35037,Prairie,Haie,SM2-A,L. Pontet et D.Grison,Life Prairies Bocagères
F:/Life Prairies Bocagères/SM2A/WAV/,A-LPB_20180624_041226_956.wav,Rhihip,Rhihip,L. Pontet et C. Brabant,Principal,Rhisp,10,Rhihip,10,2018,6,24,4,12,24/06/2018,4:12,23/06/2018,A-LPB,5,109,8,8,0,0,Froidlieu point 2,Famenne,BE35037,Prairie,Haie,SM2-A,L. Pontet,Life Prairies Bocagères
F:/Life Prairies Bocagères/SM2D/WAV/,D-LPB_20180616_023928_734.wav,Rhifer,Rhifer,L. Pontet et C. Brabant,Principal,Rhisp,10,Rhifer,9,2018,6,16,2,39,16/06/2018,2:39,15/06/2018,D-LPB,4,80,0,5,0,0,Réserve Naturelle du Couputienne point 1,Fagne,BE35030,Lisière vraie (milieu ouvert/milieux forestier),Haie,SM2-D,L. Pontet,Life Prairies Bocagères
F:/Life Prairies Bocagères/Nouveau dossier/SM4/WAV/,S4U00311_20180815_004254_000.wav,ChiroSp,Rhifer,C. Brabant,Principal,Rhisp,2,Rhifer,2,2018,8,15,0,42,15/08/2018,0:42,14/08/2018,S4U00311,4,80,0,5,1,0,prés de virelles ug02,Fagne,BE32036,Prairie,Bande boisée et alignement d'arbres,SM24,O. Kints,Life Prairies Bocagères
F:/Life Prairies Bocagères/SM2A/WAV/,A-LPB_20180624_042449_323.wav,Rhihip,Rhihip,L. Pontet et C. Brabant,Principal,Rhisp,10,Rhihip,10,2018,6,24,4,24,24/06/2018,4:24,23/06/2018,A-LPB,4,109,0,8,0,0,Froidlieu point 2,Famenne,BE35037,Prairie,Haie,SM2-A,L. Pontet,Life Prairies Bocagères
F:/Life Prairies Bocagères/SM2B/WAV/,B-LPB_20180617_020509_536.wav,Rhifer,Rhifer,L. Pontet et C. Brabant,Principal,Rhisp,10,Rhifer,10,2018,6,17,2,5,17/06/2018,2:05,16/06/2018,B-LPB,2,81,0,6,0,0,Feschaux point 3,Famenne,BE35034,Prairie,Haie,SM2-B,L. Pontet ,Life Prairies Bocagères
F:/Life Prairies Bocagères/SM2A/WAV/,A-LPB_20180624_232053_889.wav,Rhihip,Rhihip,L. Pontet et C. Brabant,Principal,Rhisp,10,Rhihip,10,2018,6,24,23,20,24/06/2018,23:20,24/06/2018,A-LPB,2,110,0,7,0,0,Froidlieu point 2,Famenne,BE35037,Prairie,Haie,SM2-A,L. Pontet,Life Prairies Bocagères
F:/Life Prairies Bocagères/Nouveau dossier/SM2E/WAV/,E-LPB_20180813_213205_000.wav,ChiroSp,Rhifer,C. Brabant,Principal,Myosp,2,Myobra,2,2018,8,13,21,32,13/08/2018,21:32,13/08/2018,E-LPB,1,44,0,4,0,0,verger petigny jp jardin,Fagne,BE35027,Prairie,Bande boisée et alignement d'arbres,SM2-E,O. Kints,Life Prairies Bocagères
F:/Life Prairies Bocagères/Nouveau dossier/SM4/WAV/,S4U00311_20180813_220220_000.wav,Rhihip,Myosp,C. Brabant,Principal,Rhisp,6,Rhihip,6,2018,8,13,22,2,13/08/2018,22:02,13/08/2018,S4U00311,7,45,65,6,0,0,prés de virelles ug02,Fagne,BE32036,Prairie,Bande boisée et alignement d'arbres,SM24,O. Kints,Life Prairies Bocagères
F:/Life Prairies Bocagères/SM2B/WAV/,B-LPB_20180621_223214_794.wav,ChiroSp,ENVsp,C. Brabant,Principal,ENVsp,5,Vesmur,0,2018,6,21,22,32,21/06/2018,22:32,21/06/2018,B-LPB,3,28,0,6,0,0,Tienne du Grand Sart,Famenne,BE35035,Prairie/culture,Haie,SM2-B,L. Pontet,Life Prairies Bocagères
