Directory,File,Validation,Id,Contact,Group,IGp,Species,ISp,Year,Month,Day,Hour,Minute,Date,Time,Night_Date,Place,NbCalls,MedFreq,MedInt,Iqual,Isc,Ibuz,Site,Opérateur,Habitat1,Habitat2,Machine,Projet
G:/SM2 Hautes Fagnes/wav/,SM2-1_0_20140603_225236_948.wav,P. Nyssen,PippiT,Main,Myosp,0,Myobra,0,2014,6,3,22,52,3/06/2014,22:52,3/06/2014,SM2-1,7,46,79,4,0,0,Mare C551 Geitzbusch,P. Rousselle,Plan d'eau - mare (< 50m²),buissons isolés,SM2-1,Plecotus Natura 2000
G:/SM2 Hautes Fagnes/wav/,SM2-1_0_20140603_230224_131.wav,P. Nyssen,PippiT,Main,Myosp,0,Myoalc,0,2014,6,3,23,2,3/06/2014,23:02,3/06/2014,SM2-1,5,57,60,4,0,0,Mare C551 Geitzbusch,P. Rousselle,Plan d'eau - mare (< 50m²),buissons isolés,SM2-1,Plecotus Natura 2000
G:/SM2 Hautes Fagnes/wav/,SM2-1_0_20140606_033843_049.wav,P. Nyssen,Nyclei,Main,ENVsp,10,Nyclei,3,2014,6,6,3,38,6/06/2014,3:38,5/06/2014,SM2-1,6,24,459,10,2,0,Mare C551 Geitzbusch,P. Rousselle,Plan d'eau - mare (< 50m²),buissons isolés,SM2-1,Plecotus Natura 2000
G:/SM2 Hautes Fagnes/wav/,SM2-1_0_20140606_040925_290.wav,P. Nyssen,PippiT,Main,Myosp,1,Myobra,1,2014,6,6,4,9,6/06/2014,4:09,5/06/2014,SM2-1,6,44,0,4,1,0,Mare C551 Geitzbusch,P. Rousselle,Plan d'eau - mare (< 50m²),buissons isolés,SM2-1,Plecotus Natura 2000
G:/SM2 Hautes Fagnes/wav/,SM2-1_0_20140606_223951_884.wav,P. Nyssen,PippiT,Main,Myosp,0,Myoalc,0,2014,6,6,22,39,6/06/2014,22:39,6/06/2014,SM2-1,43,57,43,3,0,0,Mare C551 Geitzbusch,P. Rousselle,Plan d'eau - mare (< 50m²),buissons isolés,SM2-1,Plecotus Natura 2000
G:/SM2 Hautes Fagnes/wav/,SM2-1_0_20140606_223959_130.wav,P. Nyssen,PippiT,Main,Myosp,3,Myoalc,3,2014,6,6,22,39,6/06/2014,22:39,6/06/2014,SM2-1,54,53,0,2,0,1,Mare C551 Geitzbusch,P. Rousselle,Plan d'eau - mare (< 50m²),buissons isolés,SM2-1,Plecotus Natura 2000
G:/SM2 Hautes Fagnes/wav/,SM2-1_0_20140607_001806_167.wav,P. Nyssen,Pipnat,Main,Pip35,10,Pipnat,10,2014,6,7,0,18,7/06/2014,0:18,6/06/2014,SM2-1,12,41,176,6,1,0,Mare C551 Geitzbusch,P. Rousselle,Plan d'eau - mare (< 50m²),buissons isolés,SM2-1,Plecotus Natura 2000
G:/SM2 Hautes Fagnes/wav/,SM2-1_0_20140607_002554_154.wav,P. Nyssen,PippiT,Main,Myosp,0,Myobra,0,2014,6,7,0,25,7/06/2014,0:25,6/06/2014,SM2-1,13,47,0,3,2,3,Mare C551 Geitzbusch,P. Rousselle,Plan d'eau - mare (< 50m²),buissons isolés,SM2-1,Plecotus Natura 2000
G:/SM2 Hautes Fagnes/wav/,SM2-1_0_20140607_005739_686.wav,P. Nyssen,Pipnat,Main,Pip35,8,Pipnat,8,2014,6,7,0,57,7/06/2014,0:57,6/06/2014,SM2-1,30,42,158,10,0,0,Mare C551 Geitzbusch,P. Rousselle,Plan d'eau - mare (< 50m²),buissons isolés,SM2-1,Plecotus Natura 2000
G:/SM2 Hautes Fagnes/wav/,SM2-1_0_20140607_010958_909.wav,P. Nyssen,Pipnat,Main,Pip35,5,Pipkuh,0,2014,6,7,1,9,7/06/2014,1:09,6/06/2014,SM2-1,11,43,0,6,0,0,Mare C551 Geitzbusch,P. Rousselle,Plan d'eau - mare (< 50m²),buissons isolés,SM2-1,Plecotus Natura 2000
G:/SM2 Hautes Fagnes/wav/,SM2-1_0_20140607_020404_244.wav,P. Nyssen,Myosp,Main,Myosp,7,Myonat,7,2014,6,7,2,4,7/06/2014,2:04,6/06/2014,SM2-1,6,27,104,0,0,0,Mare C551 Geitzbusch,P. Rousselle,Plan d'eau - mare (< 50m²),buissons isolés,SM2-1,Plecotus Natura 2000
G:/SM2 Hautes Fagnes/wav/,SM2-1_0_20140607_032650_817.wav,P. Nyssen,PippiT,Main,Myosp,0,Myobra,0,2014,6,7,3,26,7/06/2014,3:26,6/06/2014,SM2-1,6,45,0,3,1,0,Mare C551 Geitzbusch,P. Rousselle,Plan d'eau - mare (< 50m²),buissons isolés,SM2-1,Plecotus Natura 2000
G:/SM2 Hautes Fagnes/wav/,SM2-1_0_20140607_033013_858.wav,P. Nyssen,ChiroSp,Main,Myosp,0,Myobra,0,2014,6,7,3,30,7/06/2014,3:30,6/06/2014,SM2-1,11,43,0,4,2,0,Mare C551 Geitzbusch,P. Rousselle,Plan d'eau - mare (< 50m²),buissons isolés,SM2-1,Plecotus Natura 2000
G:/SM2 Hautes Fagnes/wav/,SM2-1_0_20140607_033907_332.wav,P. Nyssen,Myomyo,Main,Myosp,7,Myonat,2,2014,6,7,3,39,7/06/2014,3:39,6/06/2014,SM2-1,72,35,0,6,4,0,Mare C551 Geitzbusch,P. Rousselle,Plan d'eau - mare (< 50m²),buissons isolés,SM2-1,Plecotus Natura 2000
G:/SM2 Hautes Fagnes/wav/,SM2-1_0_20140607_231704_250.wav,P. Nyssen,PippiT,Main,Pip50,10,PippiT,10,2014,6,7,23,17,7/06/2014,23:17,7/06/2014,SM2-1,36,44,85,7,5,0,Mare C551 Geitzbusch,P. Rousselle,Plan d'eau - mare (< 50m²),buissons isolés,SM2-1,Plecotus Natura 2000
G:/SM2 Hautes Fagnes/wav/,SM2-1_0_20140607_231704_250.wav,P. Nyssen,Eptser,Secondary,ENVsp,2,Eptser,0,2014,6,7,23,17,7/06/2014,23:17,7/06/2014,SM2-1,12,26,0,7,7,0,Mare C551 Geitzbusch,P. Rousselle,Plan d'eau - mare (< 50m²),buissons isolés,SM2-1,Plecotus Natura 2000
G:/SM2 Hautes Fagnes/wav/,SM2-1_0_20140607_231717_002.wav,P. Nyssen,Eptser,Main,ENVsp,3,Eptser,1,2014,6,7,23,17,7/06/2014,23:17,7/06/2014,SM2-1,32,30,120,8,2,0,Mare C551 Geitzbusch,P. Rousselle,Plan d'eau - mare (< 50m²),buissons isolés,SM2-1,Plecotus Natura 2000
G:/SM2 Hautes Fagnes/wav/,SM2-1_0_20140607_234054_706.wav,P. Nyssen,ChiroSp,Main,Myosp,0,Myoalc,0,2014,6,7,23,40,7/06/2014,23:40,7/06/2014,SM2-1,4,50,56,3,0,0,Mare C551 Geitzbusch,P. Rousselle,Plan d'eau - mare (< 50m²),buissons isolés,SM2-1,Plecotus Natura 2000
G:/SM2 Hautes Fagnes/wav/,SM2-1_0_20140607_234733_553.wav,P. Nyssen,ChiroSp,Main,Myosp,2,Myoalc,2,2014,6,7,23,47,7/06/2014,23:47,7/06/2014,SM2-1,2,51,0,2,0,1,Mare C551 Geitzbusch,P. Rousselle,Plan d'eau - mare (< 50m²),buissons isolés,SM2-1,Plecotus Natura 2000
G:/SM2 Hautes Fagnes/wav/,SM2-1_0_20140608_000937_312.wav,P. Nyssen,Pipnat,Main,Pip35,5,Pipkuh,0,2014,6,8,0,9,8/06/2014,0:09,7/06/2014,SM2-1,55,43,0,6,4,0,Mare C551 Geitzbusch,P. Rousselle,Plan d'eau - mare (< 50m²),buissons isolés,SM2-1,Plecotus Natura 2000
G:/SM2 Hautes Fagnes/wav/,SM2-1_0_20140608_001029_068.wav,P. Nyssen,ChiroSp,Main,Pip35,0,Pipkuh,0,2014,6,8,0,10,8/06/2014,0:10,7/06/2014,SM2-1,2,47,0,3,0,0,Mare C551 Geitzbusch,P. Rousselle,Plan d'eau - mare (< 50m²),buissons isolés,SM2-1,Plecotus Natura 2000
G:/SM2 Hautes Fagnes/wav/,SM2-1_0_20140608_003917_241.wav,P. Nyssen,Pipnat,Main,Pip35,0,Pipkuh,0,2014,6,8,0,39,8/06/2014,0:39,7/06/2014,SM2-1,76,43,0,5,4,0,Mare C551 Geitzbusch,P. Rousselle,Plan d'eau - mare (< 50m²),buissons isolés,SM2-1,Plecotus Natura 2000
G:/SM2 Hautes Fagnes/wav/,SM2-1_0_20140608_014432_808.wav,P. Nyssen,PippiT,Main,Pip35,0,Pipkuh,0,2014,6,8,1,44,8/06/2014,1:44,7/06/2014,SM2-1,41,46,0,4,1,0,Mare C551 Geitzbusch,P. Rousselle,Plan d'eau - mare (< 50m²),buissons isolés,SM2-1,Plecotus Natura 2000
G:/SM2 Hautes Fagnes/wav/,SM2-1_0_20140608_031705_208.wav,P. Nyssen,Myosp,Main,Myosp,9,Myodau,0,2014,6,8,3,17,8/06/2014,3:17,7/06/2014,SM2-1,10,46,0,3,1,0,Mare C551 Geitzbusch,P. Rousselle,Plan d'eau - mare (< 50m²),buissons isolés,SM2-1,Plecotus Natura 2000
G:/SM2 Hautes Fagnes/wav/,SM2-1_0_20140608_031707_506.wav,P. Nyssen,Myosp,Main,Myosp,7,Myobra,1,2014,6,8,3,17,8/06/2014,3:17,7/06/2014,SM2-1,16,47,85,3,0,0,Mare C551 Geitzbusch,P. Rousselle,Plan d'eau - mare (< 50m²),buissons isolés,SM2-1,Plecotus Natura 2000
G:/SM2 Hautes Fagnes/wav/,SM2-1_0_20140608_033109_861.wav,P. Nyssen,PippiT,Main,Myosp,1,Myobra,1,2014,6,8,3,31,8/06/2014,3:31,7/06/2014,SM2-1,6,44,0,3,1,0,Mare C551 Geitzbusch,P. Rousselle,Plan d'eau - mare (< 50m²),buissons isolés,SM2-1,Plecotus Natura 2000
G:/SM2 Hautes Fagnes/wav/,SM2-1_0_20140608_040404_000.wav,P. Nyssen,PippiT,Main,Myosp,2,Myobra,1,2014,6,8,4,4,8/06/2014,4:04,7/06/2014,SM2-1,20,47,0,4,1,0,Mare C551 Geitzbusch,P. Rousselle,Plan d'eau - mare (< 50m²),buissons isolés,SM2-1,Plecotus Natura 2000
G:/SM2 Hautes Fagnes/wav/,SM2-1_0_20140608_041404_000.wav,P. Nyssen,PippiT,Main,Myosp,0,Myoema,0,2014,6,8,4,14,8/06/2014,4:14,7/06/2014,SM2-1,19,53,0,3,0,0,Mare C551 Geitzbusch,P. Rousselle,Plan d'eau - mare (< 50m²),buissons isolés,SM2-1,Plecotus Natura 2000
G:/SM2 Hautes Fagnes/wav/,SM2-1_0_20140608_231504_000.wav,P. Nyssen,PippiT,Main,parasi,1,parasi,1,2014,6,8,23,15,8/06/2014,23:15,8/06/2014,SM2-1,12,44,0,4,3,0,Mare C551 Geitzbusch,P. Rousselle,Plan d'eau - mare (< 50m²),buissons isolés,SM2-1,Plecotus Natura 2000
G:/SM2 Hautes Fagnes/wav/,SM2-1_0_20140608_231650_128.wav,P. Nyssen,Eptser,Secondary,ENVsp,10,Eptser,2,2014,6,8,23,16,8/06/2014,23:16,8/06/2014,SM2-1,13,25,23,10,6,0,Mare C551 Geitzbusch,P. Rousselle,Plan d'eau - mare (< 50m²),buissons isolés,SM2-1,Plecotus Natura 2000
G:/SM2 Hautes Fagnes/wav/,SM2-1_0_20140608_231655_129.wav,P. Nyssen,Eptser,Secondary,ENVsp,8,Eptser,0,2014,6,8,23,16,8/06/2014,23:16,8/06/2014,SM2-1,18,25,13,9,7,0,Mare C551 Geitzbusch,P. Rousselle,Plan d'eau - mare (< 50m²),buissons isolés,SM2-1,Plecotus Natura 2000
G:/SM2 Hautes Fagnes/wav/,SM2-1_0_20140608_231700_130.wav,P. Nyssen,Eptser,Main,ENVsp,10,Eptser,4,2014,6,8,23,17,8/06/2014,23:17,8/06/2014,SM2-1,22,25,165,10,1,0,Mare C551 Geitzbusch,P. Rousselle,Plan d'eau - mare (< 50m²),buissons isolés,SM2-1,Plecotus Natura 2000
G:/SM2 Hautes Fagnes/wav/,SM2-1_0_20140608_232004_000.wav,P. Nyssen,ChiroSp,Main,Myosp,0,Myoalc,0,2014,6,8,23,20,8/06/2014,23:20,8/06/2014,SM2-1,4,48,0,2,0,0,Mare C551 Geitzbusch,P. Rousselle,Plan d'eau - mare (< 50m²),buissons isolés,SM2-1,Plecotus Natura 2000
G:/SM2 Hautes Fagnes/wav/,SM2-1_0_20140608_234504_000.wav,P. Nyssen,PippiT,Main,Pip35,0,Pipkuh,0,2014,6,8,23,45,8/06/2014,23:45,8/06/2014,SM2-1,84,44,0,5,2,0,Mare C551 Geitzbusch,P. Rousselle,Plan d'eau - mare (< 50m²),buissons isolés,SM2-1,Plecotus Natura 2000
G:/SM2 Hautes Fagnes/wav/,SM2-1_0_20140610_035004_000.wav,P. Nyssen,ChiroSp,Main,ENVsp,0,Eptser,0,2014,6,10,3,50,10/06/2014,3:50,9/06/2014,SM2-1,5,29,183,6,0,0,Mare C551 Geitzbusch,P. Rousselle,Plan d'eau - mare (< 50m²),buissons isolés,SM2-1,Plecotus Natura 2000
G:/SM2 Hautes Fagnes/wav/,SM2-1_0_20140610_230123_124.wav,P. Nyssen,Pipnat,Main,Pip35,1,Pipkuh,0,2014,6,10,23,1,10/06/2014,23:01,10/06/2014,SM2-1,92,43,0,6,3,3,Mare C551 Geitzbusch,P. Rousselle,Plan d'eau - mare (< 50m²),buissons isolés,SM2-1,Plecotus Natura 2000
G:/SM2 Hautes Fagnes/wav/,SM2-1_0_20140610_230820_534.wav,P. Nyssen,PippiT,Main,Pip50,10,PippiT,10,2014,6,10,23,8,10/06/2014,23:08,10/06/2014,SM2-1,55,46,52,7,6,0,Mare C551 Geitzbusch,P. Rousselle,Plan d'eau - mare (< 50m²),buissons isolés,SM2-1,Plecotus Natura 2000
G:/SM2 Hautes Fagnes/wav/,SM2-1_0_20140610_230820_534.wav,P. Nyssen,Eptser,Secondary,ENVsp,0,Eptser,0,2014,6,10,23,8,10/06/2014,23:08,10/06/2014,SM2-1,14,30,0,6,8,0,Mare C551 Geitzbusch,P. Rousselle,Plan d'eau - mare (< 50m²),buissons isolés,SM2-1,Plecotus Natura 2000
G:/SM2 Hautes Fagnes/wav/,SM2-1_0_20140610_230825_534.wav,P. Nyssen,PippiT,Main,Pip50,10,PippiT,10,2014,6,10,23,8,10/06/2014,23:08,10/06/2014,SM2-1,18,32,68,7,3,0,Mare C551 Geitzbusch,P. Rousselle,Plan d'eau - mare (< 50m²),buissons isolés,SM2-1,Plecotus Natura 2000
G:/SM2 Hautes Fagnes/wav/,SM2-1_0_20140610_230825_534.wav,P. Nyssen,Eptser,Secondary,ENVsp,3,Eptser,2,2014,6,10,23,8,10/06/2014,23:08,10/06/2014,SM2-1,14,29,100,8,4,0,Mare C551 Geitzbusch,P. Rousselle,Plan d'eau - mare (< 50m²),buissons isolés,SM2-1,Plecotus Natura 2000
G:/SM2 Hautes Fagnes/wav/,SM2-1_0_20140611_000231_348.wav,P. Nyssen,Myosp,Main,Myosp,7,Myodau,3,2014,6,11,0,2,11/06/2014,0:02,10/06/2014,SM2-1,96,52,0,5,3,0,Mare C551 Geitzbusch,P. Rousselle,Plan d'eau - mare (< 50m²),buissons isolés,SM2-1,Plecotus Natura 2000
G:/SM2 Hautes Fagnes/wav/,SM2-1_0_20140611_000445_798.wav,P. Nyssen,Pipnat,Main,Pip35,8,Pipnat,8,2014,6,11,0,4,11/06/2014,0:04,10/06/2014,SM2-1,19,41,49,7,2,0,Mare C551 Geitzbusch,P. Rousselle,Plan d'eau - mare (< 50m²),buissons isolés,SM2-1,Plecotus Natura 2000
G:/SM2 Hautes Fagnes/wav/,SM2-1_0_20140611_000445_798.wav,P. Nyssen,ChiroSp,Secondary,Myosp,1,Myodau,0,2014,6,11,0,4,11/06/2014,0:04,10/06/2014,SM2-1,3,34,28,2,2,0,Mare C551 Geitzbusch,P. Rousselle,Plan d'eau - mare (< 50m²),buissons isolés,SM2-1,Plecotus Natura 2000
G:/SM2 Hautes Fagnes/wav/,SM2-1_0_20140611_000448_590.wav,P. Nyssen,Myodau,Main,Myosp,8,Myodau,0,2014,6,11,0,4,11/06/2014,0:04,10/06/2014,SM2-1,22,50,0,4,2,0,Mare C551 Geitzbusch,P. Rousselle,Plan d'eau - mare (< 50m²),buissons isolés,SM2-1,Plecotus Natura 2000
G:/SM2 Hautes Fagnes/wav/,SM2-1_0_20140611_025111_434.wav,P. Nyssen,Eptser,Main,ENVsp,10,Eptser,0,2014,6,11,2,51,11/06/2014,2:51,10/06/2014,SM2-1,20,28,130,8,3,0,Mare C551 Geitzbusch,P. Rousselle,Plan d'eau - mare (< 50m²),buissons isolés,SM2-1,Plecotus Natura 2000
G:/SM2 Hautes Fagnes/wav-PART2/,SM2-1_0_20140611_232346_437.wav,P. Nyssen,ChiroSp,Main,Pip50,4,Pippyg,4,2014,6,11,23,23,11/06/2014,23:23,11/06/2014,SM2-1,18,58,0,6,0,0,Mare C551 Geitzbusch,P. Rousselle,Plan d'eau - mare (< 50m²),buissons isolés,SM2-1,Plecotus Natura 2000
G:/SM2 Hautes Fagnes/wav-PART2/,SM2-1_0_20140611_233704_000.wav,P. Nyssen,PippiT,Main,Myosp,0,Myobra,0,2014,6,11,23,37,11/06/2014,23:37,11/06/2014,SM2-1,21,45,0,4,4,0,Mare C551 Geitzbusch,P. Rousselle,Plan d'eau - mare (< 50m²),buissons isolés,SM2-1,Plecotus Natura 2000
G:/SM2 Hautes Fagnes/wav-PART2/,SM2-1_0_20140611_234204_000.wav,P. Nyssen,PippiT,Main,Myosp,0,Myobra,0,2014,6,11,23,42,11/06/2014,23:42,11/06/2014,SM2-1,25,46,0,5,2,0,Mare C551 Geitzbusch,P. Rousselle,Plan d'eau - mare (< 50m²),buissons isolés,SM2-1,Plecotus Natura 2000
G:/SM2 Hautes Fagnes/wav-PART2/,SM2-1_0_20140612_031042_276.wav,P. Nyssen,Myodau,Main,Myosp,8,Myodau,0,2014,6,12,3,10,12/06/2014,3:10,11/06/2014,SM2-1,40,40,0,7,4,0,Mare C551 Geitzbusch,P. Rousselle,Plan d'eau - mare (< 50m²),buissons isolés,SM2-1,Plecotus Natura 2000
G:/SM2 Hautes Fagnes/wav-PART2/,SM2-1_0_20140612_230918_448.wav,P. Nyssen,Nyclei,Main,ENVsp,7,Nyclei,3,2014,6,12,23,9,12/06/2014,23:09,12/06/2014,SM2-1,7,23,0,6,3,0,Lisière Gagnage C563,Y. Pieper,Lisière vraie (milieu ouvert/milieux forestier),Arbre isolé,SM2-1,Plecotus Natura 2000
G:/SM2 Hautes Fagnes/wav-PART2/,SM2-1_0_20140613_004139_586.wav,P. Nyssen,Pipnat,Main,Pip35,9,Pipnat,9,2014,6,13,0,41,13/06/2014,0:41,12/06/2014,SM2-1,11,41,158,6,0,0,Lisière Gagnage C563,Y. Pieper,Lisière vraie (milieu ouvert/milieux forestier),Arbre isolé,SM2-1,Plecotus Natura 2000
G:/SM2 Hautes Fagnes/wav-PART2/,SM2-1_0_20140613_004508_186.wav,P. Nyssen,Myosp,Main,Myosp,3,Myobec,1,2014,6,13,0,45,13/06/2014,0:45,12/06/2014,SM2-1,5,34,221,6,0,0,Lisière Gagnage C563,Y. Pieper,Lisière vraie (milieu ouvert/milieux forestier),Arbre isolé,SM2-1,Plecotus Natura 2000
G:/SM2 Hautes Fagnes/wav-PART2/,SM2-1_0_20140622_222701_199.wav,P. Nyssen,Myobec,Main,Myosp,10,Myobec,3,2014,6,22,22,27,22/06/2014,22:27,22/06/2014,SM2-1,47,38,86,6,1,0,Ruisseau Petit Bonheur,Y. Pieper,Cours d'eau - rivière (3m< L< 10m),Bande boisée et alignement d'arbres,SM2-1,Plecotus Natura 2000
G:/SM2 Hautes Fagnes/wav-PART2/,SM2-1_0_20140624_023552_242.wav,P. Nyssen,Pipnat,Main,Pip35,6,Pipnat,6,2014,6,24,2,35,24/06/2014,2:35,23/06/2014,SM2-1,17,41,159,7,3,0,Ruisseau Petit Bonheur,Y. Pieper,Cours d'eau - rivière (3m< L< 10m),Bande boisée et alignement d'arbres,SM2-1,Plecotus Natura 2000
G:/SM2 Hautes Fagnes/wav-PART2/,SM2-1_0_20140625_000248_028.wav,P. Nyssen,Myobra,Main,Myosp,9,Myobra,1,2014,6,25,0,2,25/06/2014,0:02,24/06/2014,SM2-1,48,47,65,3,1,0,Lisière Gagnage C563,P. Rousselle,Lisière vraie (milieu ouvert/milieux forestier),Arbre isolé,SM2-1,Plecotus Natura 2000
G:/SM2 Hautes Fagnes/wav-PART2/,SM2-1_0_20140625_010421_304.wav,P. Nyssen,Myosp,Main,Myosp,10,Myobra,1,2014,6,25,1,4,25/06/2014,1:04,24/06/2014,SM2-1,13,51,91,3,0,0,Lisière Gagnage C563,P. Rousselle,Lisière vraie (milieu ouvert/milieux forestier),Arbre isolé,SM2-1,Plecotus Natura 2000
G:/SM2 Hautes Fagnes/wav-PART2/,SM2-1_0_20140625_032912_805.wav,P. Nyssen,Pleaus,Main,Plesp,10,Pleaus,5,2014,6,25,3,29,25/06/2014,3:29,24/06/2014,SM2-1,9,26,186,6,1,0,Lisière Gagnage C563,P. Rousselle,Lisière vraie (milieu ouvert/milieux forestier),Arbre isolé,SM2-1,Plecotus Natura 2000
G:/SM2 Hautes Fagnes/wav-PART2/,SM2-1_0_20140625_040149_974.wav,P. Nyssen,Myosp,Main,Myosp,5,Myobec,2,2014,6,25,4,1,25/06/2014,4:01,24/06/2014,SM2-1,19,37,95,6,0,0,Lisière Gagnage C563,P. Rousselle,Lisière vraie (milieu ouvert/milieux forestier),Arbre isolé,SM2-1,Plecotus Natura 2000
G:/SM2 Hautes Fagnes/wav-PART2/,SM2-1_0_20140625_231010_298.wav,P. Nyssen,Pleaus,Main,Plesp,9,Pleaur,1,2014,6,25,23,10,25/06/2014,23:10,25/06/2014,SM2-1,9,23,216,6,5,0,Lisière Gagnage C563,P. Rousselle,Lisière vraie (milieu ouvert/milieux forestier),Arbre isolé,SM2-1,Plecotus Natura 2000
G:/SM2 Hautes Fagnes/wav-PART2/,SM2-1_0_20140626_014749_757.wav,P. Nyssen,Myomyo,Main,Myosp,5,Myomyo,1,2014,6,26,1,47,26/06/2014,1:47,25/06/2014,SM2-1,12,29,141,5,0,0,Lisière Gagnage C563,P. Rousselle,Lisière vraie (milieu ouvert/milieux forestier),Arbre isolé,SM2-1,Plecotus Natura 2000
G:/SM2 Hautes Fagnes/wav-PART2/,SM2-1_0_20140626_023304_489.wav,P. Nyssen,Pleaus,Main,Plesp,10,Pleaus,3,2014,6,26,2,33,26/06/2014,2:33,25/06/2014,SM2-1,7,27,186,5,0,0,Lisière Gagnage C563,P. Rousselle,Lisière vraie (milieu ouvert/milieux forestier),Arbre isolé,SM2-1,Plecotus Natura 2000
G:/SM2 Hautes Fagnes/wav-PART2/,SM2-1_0_20140626_024646_285.wav,P. Nyssen,Myomyo,Main,Myosp,3,Myomyo,3,2014,6,26,2,46,26/06/2014,2:46,25/06/2014,SM2-1,13,30,171,7,0,0,Lisière Gagnage C563,P. Rousselle,Lisière vraie (milieu ouvert/milieux forestier),Arbre isolé,SM2-1,Plecotus Natura 2000
G:/SM2 Hautes Fagnes/wav-PART2/,SM2-1_0_20140626_230313_096.wav,P. Nyssen,Myosp,Main,Myosp,7,Myobra,0,2014,6,26,23,3,26/06/2014,23:03,26/06/2014,SM2-1,21,43,89,4,0,0,Lisière Gagnage C563,P. Rousselle,Lisière vraie (milieu ouvert/milieux forestier),Arbre isolé,SM2-1,Plecotus Natura 2000
G:/SM2 Hautes Fagnes/wav-PART2/,SM2-1_0_20140627_005347_120.wav,P. Nyssen,Myomyo,Main,Myosp,2,Myomyo,2,2014,6,27,0,53,27/06/2014,0:53,26/06/2014,SM2-1,14,32,133,5,0,0,Lisière Gagnage C563,P. Rousselle,Lisière vraie (milieu ouvert/milieux forestier),Arbre isolé,SM2-1,Plecotus Natura 2000
G:/SM2 Hautes Fagnes/wav-PART2/,SM2-1_0_20140627_021757_509.wav,P. Nyssen,Pipnat,Main,Pip35,10,Pipnat,9,2014,6,27,2,17,27/06/2014,2:17,26/06/2014,SM2-1,14,41,159,8,1,0,Lisière Gagnage C563,P. Rousselle,Lisière vraie (milieu ouvert/milieux forestier),Arbre isolé,SM2-1,Plecotus Natura 2000
G:/SM2 Hautes Fagnes/wav-PART2/,SM2-1_0_20140627_022013_610.wav,P. Nyssen,Myodau,Main,Myosp,10,Myodau,0,2014,6,27,2,20,27/06/2014,2:20,26/06/2014,SM2-1,14,42,0,5,1,0,Lisière Gagnage C563,P. Rousselle,Lisière vraie (milieu ouvert/milieux forestier),Arbre isolé,SM2-1,Plecotus Natura 2000
G:/SM2 Hautes Fagnes/wav-PART2/,SM2-1_0_20140627_022551_226.wav,P. Nyssen,Myonat,Main,Myosp,9,Myonat,9,2014,6,27,2,25,27/06/2014,2:25,26/06/2014,SM2-1,8,32,32,0,0,0,Lisière Gagnage C563,P. Rousselle,Lisière vraie (milieu ouvert/milieux forestier),Arbre isolé,SM2-1,Plecotus Natura 2000
G:/SM2 Hautes Fagnes/wav-PART2/,SM2-1_0_20140627_032437_715.wav,P. Nyssen,Myodau,Main,Myosp,0,Myodau,0,2014,6,27,3,24,27/06/2014,3:24,26/06/2014,SM2-1,50,47,73,4,1,0,Lisière Gagnage C563,P. Rousselle,Lisière vraie (milieu ouvert/milieux forestier),Arbre isolé,SM2-1,Plecotus Natura 2000
G:/SM2 Hautes Fagnes/wav-PART2/,SM2-1_0_20140627_032630_333.wav,P. Nyssen,Myonat,Main,Myosp,9,Myonat,9,2014,6,27,3,26,27/06/2014,3:26,26/06/2014,SM2-1,8,29,41,0,1,0,Lisière Gagnage C563,P. Rousselle,Lisière vraie (milieu ouvert/milieux forestier),Arbre isolé,SM2-1,Plecotus Natura 2000
G:/SM2 Hautes Fagnes/wav-PART2/,SM2-1_0_20140628_005352_077.wav,P. Nyssen,Myodau,Main,Myosp,6,Myobec,1,2014,6,28,0,53,28/06/2014,0:53,27/06/2014,SM2-1,62,38,70,5,3,0,Trouée forêt C563,P. Rousselle,Forêt mixte,Sentier (non induré - circulation piétonne),SM2-1,Plecotus Natura 2000
G:/SM2 Hautes Fagnes/wav-PART2/,SM2-1_0_20140629_011723_574.wav,P. Nyssen,Plesp,Main,Plesp,3,Pleaur,3,2014,6,29,1,17,29/06/2014,1:17,28/06/2014,SM2-1,26,28,0,6,10,1,Trouée forêt C563,P. Rousselle,Forêt mixte,Sentier (non induré - circulation piétonne),SM2-1,Plecotus Natura 2000
G:/SM2 Hautes Fagnes/wav-PART2/,SM2-1_0_20140630_020928_906.wav,P. Nyssen,Plesp,Main,Plesp,0,Pleaur,0,2014,6,30,2,9,30/06/2014,2:09,29/06/2014,SM2-1,2,35,0,2,1,0,Trouée forêt C563,P. Rousselle,Forêt mixte,Sentier (non induré - circulation piétonne),SM2-1,Plecotus Natura 2000
G:/SM2 Hautes Fagnes/wav-PART2/,SM2-1_0_20140704_224408_476.wav,P. Nyssen,PippiT,Main,Pip35,0,Pipkuh,0,2014,7,4,22,44,4/07/2014,22:44,4/07/2014,SM2-1,42,45,0,5,4,0,Mare C537 Geitzbusch,P. Rousselle,Plan d'eau - mare (< 50m²),Bande boisée et alignement d'arbres,SM2-1,Plecotus Natura 2000
G:/SM2 Hautes Fagnes/wav-PART2/,SM2-1_0_20140704_230124_480.wav,P. Nyssen,Pipnat,Main,Pip35,7,Pipnat,7,2014,7,4,23,1,4/07/2014,23:01,4/07/2014,SM2-1,49,43,88,7,0,0,Mare C537 Geitzbusch,P. Rousselle,Plan d'eau - mare (< 50m²),Bande boisée et alignement d'arbres,SM2-1,Plecotus Natura 2000
G:/SM2 Hautes Fagnes/wav-PART2/,SM2-1_0_20140704_232914_938.wav,P. Nyssen,Pipnat,Main,Pip35,3,Pipkuh,0,2014,7,4,23,29,4/07/2014,23:29,4/07/2014,SM2-1,11,42,90,5,1,0,Mare C537 Geitzbusch,P. Rousselle,Plan d'eau - mare (< 50m²),Bande boisée et alignement d'arbres,SM2-1,Plecotus Natura 2000
G:/SM2 Hautes Fagnes/wav-PART2/,SM2-1_0_20140704_233504_000.wav,P. Nyssen,PippiT,Main,Myosp,0,Myobra,0,2014,7,4,23,35,4/07/2014,23:35,4/07/2014,SM2-1,34,43,0,4,4,1,Mare C537 Geitzbusch,P. Rousselle,Plan d'eau - mare (< 50m²),Bande boisée et alignement d'arbres,SM2-1,Plecotus Natura 2000
G:/SM2 Hautes Fagnes/wav-PART2/,SM2-1_0_20140704_234047_364.wav,P. Nyssen,ChiroSp,Main,parasi,1,parasi,1,2014,7,4,23,40,4/07/2014,23:40,4/07/2014,SM2-1,5,43,0,4,6,0,Mare C537 Geitzbusch,P. Rousselle,Plan d'eau - mare (< 50m²),Bande boisée et alignement d'arbres,SM2-1,Plecotus Natura 2000
G:/SM2 Hautes Fagnes/wav-PART2/,SM2-1_0_20140705_022504_000.wav,P. Nyssen,ChiroSp,Main,Myosp,2,Myobra,2,2014,7,5,2,25,5/07/2014,2:25,4/07/2014,SM2-1,5,45,0,4,0,0,Mare C537 Geitzbusch,P. Rousselle,Plan d'eau - mare (< 50m²),Bande boisée et alignement d'arbres,SM2-1,Plecotus Natura 2000
G:/SM2 Hautes Fagnes/wav-PART2/,SM2-1_0_20140705_223201_855.wav,P. Nyssen,Pipnat,Main,Pip35,1,Pipkuh,0,2014,7,5,22,32,5/07/2014,22:32,5/07/2014,SM2-1,54,41,0,6,4,0,Mare C537 Geitzbusch,P. Rousselle,Plan d'eau - mare (< 50m²),Bande boisée et alignement d'arbres,SM2-1,Plecotus Natura 2000
G:/SM2 Hautes Fagnes/wav-PART2/,SM2-1_0_20140705_235136_382.wav,P. Nyssen,PippiT,Main,Myosp,1,Myobra,1,2014,7,5,23,51,5/07/2014,23:51,5/07/2014,SM2-1,29,43,0,4,3,0,Mare C537 Geitzbusch,P. Rousselle,Plan d'eau - mare (< 50m²),Bande boisée et alignement d'arbres,SM2-1,Plecotus Natura 2000
G:/SM2 Hautes Fagnes/wav-PART2/,SM2-1_0_20140706_001658_028.wav,P. Nyssen,PippiT,Main,Myosp,0,Myobra,0,2014,7,6,0,16,6/07/2014,0:16,5/07/2014,SM2-1,37,45,0,4,2,0,Mare C537 Geitzbusch,P. Rousselle,Plan d'eau - mare (< 50m²),Bande boisée et alignement d'arbres,SM2-1,Plecotus Natura 2000
G:/SM2 Hautes Fagnes/wav-PART2/,SM2-1_0_20140707_002611_620.wav,P. Nyssen,Myosp,Main,Myosp,7,Myodau,0,2014,7,7,0,26,7/07/2014,0:26,6/07/2014,SM2-1,11,43,0,3,1,0,Mare C537 Geitzbusch,P. Rousselle,Plan d'eau - mare (< 50m²),Bande boisée et alignement d'arbres,SM2-1,Plecotus Natura 2000
G:/SM2 Hautes Fagnes/wav-PART2/,SM2-1_0_20140707_031733_456.wav,P. Nyssen,Myosp,Main,Myosp,4,Myonat,3,2014,7,7,3,17,7/07/2014,3:17,6/07/2014,SM2-1,22,50,44,3,3,0,Mare C537 Geitzbusch,P. Rousselle,Plan d'eau - mare (< 50m²),Bande boisée et alignement d'arbres,SM2-1,Plecotus Natura 2000
G:/SM2 Hautes Fagnes/wav-PART2/,SM2-1_0_20140707_222832_296.wav,P. Nyssen,PippiT,Main,Myosp,0,Myobra,0,2014,7,7,22,28,7/07/2014,22:28,7/07/2014,SM2-1,73,44,0,5,4,0,Mare C537 Geitzbusch,P. Rousselle,Plan d'eau - mare (< 50m²),Bande boisée et alignement d'arbres,SM2-1,Plecotus Natura 2000
G:/SM2 Hautes Fagnes/wav-PART2/,SM2-1_0_20140707_225304_000.wav,P. Nyssen,ChiroSp,Main,parasi,1,parasi,1,2014,7,7,22,53,7/07/2014,22:53,7/07/2014,SM2-1,11,45,49,3,1,0,Mare C537 Geitzbusch,P. Rousselle,Plan d'eau - mare (< 50m²),Bande boisée et alignement d'arbres,SM2-1,Plecotus Natura 2000
G:/SM2 Hautes Fagnes/wav-PART2/,SM2-1_0_20140707_230304_000.wav,P. Nyssen,PippiT,Main,Myosp,0,Myobra,0,2014,7,7,23,3,7/07/2014,23:03,7/07/2014,SM2-1,45,44,0,4,2,0,Mare C537 Geitzbusch,P. Rousselle,Plan d'eau - mare (< 50m²),Bande boisée et alignement d'arbres,SM2-1,Plecotus Natura 2000
G:/SM2 Hautes Fagnes/wav-PART2/,SM2-1_0_20140707_230314_936.wav,P. Nyssen,PippiT,Main,Pip50,1,PippiT,1,2014,7,7,23,3,7/07/2014,23:03,7/07/2014,SM2-1,9,43,49,5,5,0,Mare C537 Geitzbusch,P. Rousselle,Plan d'eau - mare (< 50m²),Bande boisée et alignement d'arbres,SM2-1,Plecotus Natura 2000
G:/SM2 Hautes Fagnes/wav-PART2/,SM2-1_0_20140707_230804_000.wav,P. Nyssen,PippiT,Main,Myosp,0,Myomys,0,2014,7,7,23,8,7/07/2014,23:08,7/07/2014,SM2-1,29,47,0,3,5,0,Mare C537 Geitzbusch,P. Rousselle,Plan d'eau - mare (< 50m²),Bande boisée et alignement d'arbres,SM2-1,Plecotus Natura 2000
G:/SM2 Hautes Fagnes/wav-PART2/,SM2-1_0_20140707_231304_000.wav,P. Nyssen,PippiT,Main,Myosp,1,Myobra,1,2014,7,7,23,13,7/07/2014,23:13,7/07/2014,SM2-1,28,46,0,4,2,0,Mare C537 Geitzbusch,P. Rousselle,Plan d'eau - mare (< 50m²),Bande boisée et alignement d'arbres,SM2-1,Plecotus Natura 2000
G:/SM2 Hautes Fagnes/wav-PART2/,SM2-1_0_20140707_232035_665.wav,P. Nyssen,PippiT,Main,Pip50,6,PippiT,6,2014,7,7,23,20,7/07/2014,23:20,7/07/2014,SM2-1,100,44,40,5,5,0,Mare C537 Geitzbusch,P. Rousselle,Plan d'eau - mare (< 50m²),Bande boisée et alignement d'arbres,SM2-1,Plecotus Natura 2000
G:/SM2 Hautes Fagnes/wav-PART2/,SM2-1_0_20140707_232035_665.wav,P. Nyssen,Pipnat,Secondary,Pip50,6,PippiT,6,2014,7,7,23,20,7/07/2014,23:20,7/07/2014,SM2-1,100,44,40,5,5,0,Mare C537 Geitzbusch,P. Rousselle,Plan d'eau - mare (< 50m²),Bande boisée et alignement d'arbres,SM2-1,Plecotus Natura 2000
G:/SM2 Hautes Fagnes/wav-PART2/,SM2-1_0_20140707_232042_659.wav,P. Nyssen,Pipnat,Main,Pip35,4,Pipkuh,1,2014,7,7,23,20,7/07/2014,23:20,7/07/2014,SM2-1,78,42,51,5,3,0,Mare C537 Geitzbusch,P. Rousselle,Plan d'eau - mare (< 50m²),Bande boisée et alignement d'arbres,SM2-1,Plecotus Natura 2000
G:/SM2 Hautes Fagnes/wav-PART2/,SM2-1_0_20140707_232055_218.wav,P. Nyssen,PippiT,Main,Pip50,9,PippiT,9,2014,7,7,23,20,7/07/2014,23:20,7/07/2014,SM2-1,29,47,77,4,0,0,Mare C537 Geitzbusch,P. Rousselle,Plan d'eau - mare (< 50m²),Bande boisée et alignement d'arbres,SM2-1,Plecotus Natura 2000
G:/SM2 Hautes Fagnes/wav-PART2/,SM2-1_0_20140707_232304_000.wav,P. Nyssen,PippiT,Main,Myosp,0,Myobra,0,2014,7,7,23,23,7/07/2014,23:23,7/07/2014,SM2-1,12,46,0,2,1,0,Mare C537 Geitzbusch,P. Rousselle,Plan d'eau - mare (< 50m²),Bande boisée et alignement d'arbres,SM2-1,Plecotus Natura 2000
G:/SM2 Hautes Fagnes/wav-PART2/,SM2-1_0_20140707_233804_000.wav,P. Nyssen,PippiT,Main,Myosp,0,Myobra,0,2014,7,7,23,38,7/07/2014,23:38,7/07/2014,SM2-1,25,46,0,2,5,0,Mare C537 Geitzbusch,P. Rousselle,Plan d'eau - mare (< 50m²),Bande boisée et alignement d'arbres,SM2-1,Plecotus Natura 2000
G:/SM2 Hautes Fagnes/wav-PART2/,SM2-1_0_20140707_234317_632.wav,P. Nyssen,PippiT,Main,Myosp,0,Myobra,0,2014,7,7,23,43,7/07/2014,23:43,7/07/2014,SM2-1,18,46,0,4,2,0,Mare C537 Geitzbusch,P. Rousselle,Plan d'eau - mare (< 50m²),Bande boisée et alignement d'arbres,SM2-1,Plecotus Natura 2000
G:/SM2 Hautes Fagnes/wav-PART2/,SM2-1_0_20140708_031716_281.wav,P. Nyssen,Myosp,Main,Myosp,7,Myonat,1,2014,7,8,3,17,8/07/2014,3:17,7/07/2014,SM2-1,29,38,84,3,1,0,Mare C537 Geitzbusch,P. Rousselle,Plan d'eau - mare (< 50m²),Bande boisée et alignement d'arbres,SM2-1,Plecotus Natura 2000
G:/SM2 Hautes Fagnes/20140720 au 20140922/wav/,SM2-1_0_20140724_010835_838.wav,P. Nyssen,Myobra,Main,Myosp,8,Myobra,0,2014,7,24,1,8,24/07/2014,1:08,23/07/2014,SM2-1,13,42,78,3,1,0,C561,P. Rousselle,Forêt mixte,Sentier (non induré - circulation piétonne),SM2-1,Plecotus Natura 2000
G:/SM2 Hautes Fagnes/20140720 au 20140922/wav/,SM2-1_0_20140725_005727_653.wav,P. Nyssen,Myobra,Main,Myosp,8,Myobra,1,2014,7,25,0,57,25/07/2014,0:57,24/07/2014,SM2-1,13,41,67,3,0,0,C561,P. Rousselle,Forêt mixte,Sentier (non induré - circulation piétonne),SM2-1,Plecotus Natura 2000
G:/SM2 Hautes Fagnes/20140720 au 20140922/wav/,SM2-1_0_20140802_003004_000.wav,P. Nyssen,PippiT,Main,Pip50,0,PippiT,0,2014,8,2,0,30,2/08/2014,0:30,1/08/2014,SM2-1,5,47,77,3,0,0,Lisière Gagnage C563,P. Rousselle,Lisière vraie (milieu ouvert/milieux forestier),Arbre isolé,SM2-1,Plecotus Natura 2000
G:/SM2 Hautes Fagnes/20140720 au 20140922/wav/,SM2-1_0_20140814_005239_674.wav,P. Nyssen,ChiroSp,Main,Myosp,0,Myomyo,0,2014,8,14,0,52,14/08/2014,0:52,13/08/2014,SM2-1,3,29,0,3,1,0,Trouée forêt C563,P. Rousselle,Forêt mixte,Sentier (non induré - circulation piétonne),SM2-1,Plecotus Natura 2000
G:/SM2 Hautes Fagnes/20140720 au 20140922/wav/,SM2-1_0_20140814_231012_314.wav,P. Nyssen,Myosp,Main,Myosp,8,Myobra,1,2014,8,14,23,10,14/08/2014,23:10,14/08/2014,SM2-1,5,38,83,4,0,0,Trouée forêt C563,P. Rousselle,Forêt mixte,Sentier (non induré - circulation piétonne),SM2-1,Plecotus Natura 2000
G:/SM2 Hautes Fagnes/20140720 au 20140922/wav/,SM2-1_0_20140826_213904_000.wav,P. Nyssen,ChiroSp,Main,Myosp,0,Myoalc,0,2014,8,26,21,39,26/08/2014,21:39,26/08/2014,SM2-1,1,51,0,2,0,0,Rond Buisson C 549 ,P. Rousselle,"Pelouse, Lande",buissons isolés,SM2-1,Plecotus Natura 2000
G:/SM2 Hautes Fagnes/20140720 au 20140922/wav/,SM2-1_0_20140913_200852_910.wav,P. Nyssen,ChiroSp,Main,Myosp,4,Myoalc,1,2014,9,13,20,8,13/09/2014,20:08,13/09/2014,SM2-1,1,58,0,2,0,0,Mare C551 Geitzbusch,P. Rousselle,Plan d'eau - mare (< 50m²),buissons isolés,SM2-1,Plecotus Natura 2000
G:/SM2 Hautes Fagnes/20140720 au 20140922/wav/,SM2-1_0_20140913_201059_409.wav,P. Nyssen,ChiroSp,Main,Myosp,1,Myoema,1,2014,9,13,20,10,13/09/2014,20:10,13/09/2014,SM2-1,11,53,0,2,0,0,Mare C551 Geitzbusch,P. Rousselle,Plan d'eau - mare (< 50m²),buissons isolés,SM2-1,Plecotus Natura 2000
G:/SM2 Hautes Fagnes/20140720 au 20140922/wav/,SM2-1_0_20140914_201249_810.wav,P. Nyssen,ChiroSp,Main,Myosp,0,Myomys,0,2014,9,14,20,12,14/09/2014,20:12,14/09/2014,SM2-1,11,49,0,3,1,0,Mare C551 Geitzbusch,P. Rousselle,Plan d'eau - mare (< 50m²),buissons isolés,SM2-1,Plecotus Natura 2000
