Directory,File,File2,Validation,Id,Id_avant validation,Contact,Group,IGp,Species,ISp,Year,Month,Day,Hour,Minute,Date,Time,Night_Date,Place,NbCalls,MedFreq,MedInt,Iqual,Isc,Ibuz,Site,Opérateur,Habitat1,Habitat2,Machine,Projet
D:/documents Pierrette/SM2 Vesdre/20140610_dreve-lisiere etang Foret/,LIFEA_0_20140608_222454_802.wav,LIFEA_20140608_222454_802.wav,A. Flipo,ChiroSp,ChiroSp,Main,Pip35,5,Pipkuh,1,2014,6,8,22,24,8/06/2014,22:24,8/06/2014,LIFEA,31,43,33,5,4,1,Forêt_étang,"S. Pirotte, J. Thonnard, P. Cao",Plan d'eau - étang (>50m²),Bande boisée et alignement d'arbres,SM2-A,Plecotus Natura 2000
D:/documents Pierrette/SM2 Vesdre/20140610_dreve-lisiere etang Foret/,LIFEA_0_20140609_225535_792.wav,LIFEA_20140609_225535_792.wav,T. Kinet,Nyclei,ENVsp,Main,ENVsp,8,Nyclei,0,2014,6,9,22,55,9/06/2014,22:55,9/06/2014,LIFEA,27,27,118,10,4,0,Forêt_étang,"S. Pirotte, J. Thonnard, P. Cao",Plan d'eau - étang (>50m²),Bande boisée et alignement d'arbres,SM2-A,Plecotus Natura 2000
D:/documents Pierrette/SM2 Vesdre/20140610_dreve-lisiere etang Foret/,LIFEA_0_20140609_225751_952.wav,LIFEA_20140609_225751_952.wav,T. Kinet,Nyclei,ChiroSp,Main,ENVsp,5,Nyclei,3,2014,6,9,22,57,9/06/2014,22:57,9/06/2014,LIFEA,27,26,0,10,5,0,Forêt_étang,"S. Pirotte, J. Thonnard, P. Cao",Plan d'eau - étang (>50m²),Bande boisée et alignement d'arbres,SM2-A,Plecotus Natura 2000
D:/documents Pierrette/SM2 Vesdre/20140610_dreve-lisiere etang Foret/,LIFEA_0_20140610_041144_862.wav,LIFEA_20140610_041144_862.wav,A. Flipo,ChiroSp,ChiroSp,Main,Rhisp,1,Rhifer,1,2014,6,10,4,11,10/06/2014,4:11,9/06/2014,LIFEA,226,79,0,2,3,0,Forêt_étang,"S. Pirotte, J. Thonnard, P. Cao",Plan d'eau - étang (>50m²),Bande boisée et alignement d'arbres,SM2-A,Plecotus Natura 2000
D:/documents Pierrette/SM2 Vesdre/20140610_dreve-lisiere etang Foret/,LIFEA_0_20140610_041533_483.wav,LIFEA_20140610_041533_483.wav,A. Flipo,ChiroSp,ChiroSp,Main,Rhisp,2,Rhifer,2,2014,6,10,4,15,10/06/2014,4:15,9/06/2014,LIFEA,205,75,0,2,4,0,Forêt_étang,"S. Pirotte, J. Thonnard, P. Cao",Plan d'eau - étang (>50m²),Bande boisée et alignement d'arbres,SM2-A,Plecotus Natura 2000
D:/documents Pierrette/SM2 Vesdre/20140603_dreve chateau foret/,LIFEA_0_20140605_224216_771.wav,LIFEA_20140605_224216_771.wav,A. Flipo,Pipnat,Pip35,Main,Pip35,10,Pipkuh,5,2014,6,5,22,42,5/06/2014,22:42,5/06/2014,LIFEA,35,40,0,7,2,0,Forêt_chateau,"P. Nyssen, S. Pirotte, J. Thonnard, P. Cao",Prairie,Bande boisée et alignement d'arbres,SM2-A,Plecotus Natura 2000
D:/documents Pierrette/SM2 Vesdre/20140603_dreve chateau foret/,LIFEA_0_20140605_225305_728.wav,LIFEA_20140605_225305_728.wav,T. Kinet,Nyclei,ChiroSp,Main,ENVsp,2,Nyclei,2,2014,6,5,22,53,5/06/2014,22:53,5/06/2014,LIFEA,4,25,0,10,5,0,Forêt_chateau,"P. Nyssen, S. Pirotte, J. Thonnard, P. Cao",Prairie,Bande boisée et alignement d'arbres,SM2-A,Plecotus Natura 2000
D:/documents Pierrette/SM2 Vesdre/20140619_La Rochette_station 2/wav/,LIFEA_0_20140618_224600_324.wav,LIFEA_20140618_224600_324.wav,T. Kinet,Nyclei,ChiroSp,Secondary,ENVsp,5,Nyclei,5,2014,6,18,22,46,18/06/2014,22:46,18/06/2014,LIFEA,6,24,0,8,3,0,La Rochette_station2,S. Pirotte,Lisière vraie (milieu ouvert/milieux forestier),Arbre isolé,SM2-A,Plecotus Natura 2000
D:/documents Pierrette/SM2 Vesdre/20140619_La Rochette_station 2/wav/,LIFEA_0_20140618_224603_510.wav,LIFEA_20140618_224603_510.wav,T. Kinet,Nyclei,ENVsp,Secondary,ENVsp,6,Nyclei,4,2014,6,18,22,46,18/06/2014,22:46,18/06/2014,LIFEA,15,24,44,10,4,0,La Rochette_station2,S. Pirotte,Lisière vraie (milieu ouvert/milieux forestier),Arbre isolé,SM2-A,Plecotus Natura 2000
D:/documents Pierrette/SM2 Vesdre/20140621_bois au dessus tunnel ferroviaire/wav/,LIFEA_0_20140620_050320_329.wav,LIFEA_20140620_050320_329.wav,A. Flipo,Pip35,Pip35,Main,Pip35,8,Pipkuh,3,2014,6,20,5,3,20/06/2014,5:03,19/06/2014,LIFEA,1,42,0,4,1,0,Bois au dessus tunnel ferroviaire ,S. Pirotte,Forêt feuillue,"Route (induré, circulation véhicule rapide)",SM2-A,Plecotus Natura 2000
D:/documents Pierrette/SM2 Vesdre/20140621_bois au dessus tunnel ferroviaire/wav/,LIFEA_0_20140621_005603_884.wav,LIFEA_20140621_005603_884.wav,T. Kinet,Nyclei,ChiroSp,Main,ENVsp,5,Nyclei,5,2014,6,21,0,56,21/06/2014,0:56,20/06/2014,LIFEA,1,26,0,7,2,0,Bois au dessus tunnel ferroviaire ,S. Pirotte,Forêt feuillue,"Route (induré, circulation véhicule rapide)",SM2-A,Plecotus Natura 2000
D:/documents Pierrette/SM2 Vesdre/20140624_grottesFondForet/wav/,LIFEA_0_20140621_222952_182.wav,LIFEA_20140621_222952_182.wav,A. Flipo,Rhifer,Rhifer,Main,Rhisp,10,Rhifer,10,2014,6,21,22,29,21/06/2014,22:29,21/06/2014,LIFEA,11,79,0,8,0,0,Grottes fond de Foret ,S. Pirotte,"Cavité - carrière, mine et grotte",Bande boisée et alignement d'arbres,SM2-A,Plecotus Natura 2000
D:/documents Pierrette/SM2 Vesdre/20140624_grottesFondForet/wav/,LIFEA_0_20140622_003558_808.wav,LIFEA_20140622_003558_808.wav,A. Flipo,Rhifer,Rhifer,Main,Rhisp,10,Rhifer,10,2014,6,22,0,35,22/06/2014,0:35,21/06/2014,LIFEA,20,79,42,10,0,0,Grottes fond de Foret ,S. Pirotte,"Cavité - carrière, mine et grotte",Bande boisée et alignement d'arbres,SM2-A,Plecotus Natura 2000
D:/documents Pierrette/SM2 Vesdre/20140624_grottesFondForet/wav/,LIFEA_0_20140622_011544_327.wav,LIFEA_20140622_011544_327.wav,A. Flipo,ChiroSp,ChiroSp,Main,Barbar,1,Barbar,1,2014,6,22,1,15,22/06/2014,1:15,21/06/2014,LIFEA,2,33,0,4,0,0,Grottes fond de Foret ,S. Pirotte,"Cavité - carrière, mine et grotte",Bande boisée et alignement d'arbres,SM2-A,Plecotus Natura 2000
D:/documents Pierrette/SM2 Vesdre/20140624_grottesFondForet/wav/,LIFEA_0_20140622_011645_305.wav,LIFEA_20140622_011645_305.wav,A. Flipo,Pipnat,ChiroSp,Main,Pip35,3,Pipkuh,3,2014,6,22,1,16,22/06/2014,1:16,21/06/2014,LIFEA,52,38,70,6,1,0,Grottes fond de Foret ,S. Pirotte,"Cavité - carrière, mine et grotte",Bande boisée et alignement d'arbres,SM2-A,Plecotus Natura 2000
D:/documents Pierrette/SM2 Vesdre/20140624_grottesFondForet/wav/,LIFEA_0_20140622_024351_100.wav,LIFEA_20140622_024351_100.wav,A. Flipo,Rhifer,Rhifer,Main,Rhisp,10,Rhifer,10,2014,6,22,2,43,22/06/2014,2:43,21/06/2014,LIFEA,10,79,8,10,4,0,Grottes fond de Foret ,S. Pirotte,"Cavité - carrière, mine et grotte",Bande boisée et alignement d'arbres,SM2-A,Plecotus Natura 2000
D:/documents Pierrette/SM2 Vesdre/20140624_grottesFondForet/wav/,LIFEA_0_20140622_034438_464.wav,LIFEA_20140622_034438_464.wav,A. Flipo,Rhifer,Rhifer,Main,Rhisp,10,Rhifer,10,2014,6,22,3,44,22/06/2014,3:44,21/06/2014,LIFEA,9,81,0,9,0,0,Grottes fond de Foret ,S. Pirotte,"Cavité - carrière, mine et grotte",Bande boisée et alignement d'arbres,SM2-A,Plecotus Natura 2000
D:/documents Pierrette/SM2 Vesdre/20140624_grottesFondForet/wav/,LIFEA_0_20140622_034443_511.wav,LIFEA_20140622_034443_511.wav,A. Flipo,Rhifer,Rhifer,Main,Rhisp,10,Rhifer,10,2014,6,22,3,44,22/06/2014,3:44,21/06/2014,LIFEA,11,80,42,10,0,0,Grottes fond de Foret ,S. Pirotte,"Cavité - carrière, mine et grotte",Bande boisée et alignement d'arbres,SM2-A,Plecotus Natura 2000
D:/documents Pierrette/SM2 Vesdre/20140624_grottesFondForet/wav/,LIFEA_0_20140622_034449_805.wav,LIFEA_20140622_034449_805.wav,A. Flipo,Rhifer,Rhifer,Main,Rhisp,10,Rhifer,10,2014,6,22,3,44,22/06/2014,3:44,21/06/2014,LIFEA,47,80,0,6,1,0,Grottes fond de Foret ,S. Pirotte,"Cavité - carrière, mine et grotte",Bande boisée et alignement d'arbres,SM2-A,Plecotus Natura 2000
D:/documents Pierrette/SM2 Vesdre/20140624_grottesFondForet/wav/,LIFEA_0_20140622_034502_997.wav,LIFEA_20140622_034502_997.wav,A. Flipo,Rhifer,Rhifer,Main,Rhisp,10,Rhifer,10,2014,6,22,3,45,22/06/2014,3:45,21/06/2014,LIFEA,6,81,45,7,0,0,Grottes fond de Foret ,S. Pirotte,"Cavité - carrière, mine et grotte",Bande boisée et alignement d'arbres,SM2-A,Plecotus Natura 2000
D:/documents Pierrette/SM2 Vesdre/20140624_grottesFondForet/wav/,LIFEA_0_20140622_034820_806.wav,LIFEA_20140622_034820_806.wav,A. Flipo,Rhifer,Rhifer,Main,Rhisp,10,Rhifer,10,2014,6,22,3,48,22/06/2014,3:48,21/06/2014,LIFEA,6,81,0,7,1,0,Grottes fond de Foret ,S. Pirotte,"Cavité - carrière, mine et grotte",Bande boisée et alignement d'arbres,SM2-A,Plecotus Natura 2000
D:/documents Pierrette/SM2 Vesdre/20140624_grottesFondForet/wav/,LIFEA_0_20140622_034827_954.wav,LIFEA_20140622_034827_954.wav,A. Flipo,Rhifer,Rhifer,Main,Rhisp,10,Rhifer,10,2014,6,22,3,48,22/06/2014,3:48,21/06/2014,LIFEA,13,80,47,10,0,0,Grottes fond de Foret ,S. Pirotte,"Cavité - carrière, mine et grotte",Bande boisée et alignement d'arbres,SM2-A,Plecotus Natura 2000
D:/documents Pierrette/SM2 Vesdre/20140624_grottesFondForet/wav/,LIFEA_0_20140622_035006_223.wav,LIFEA_20140622_035006_223.wav,A. Flipo,Rhifer,Rhifer,Main,Rhisp,10,Rhifer,10,2014,6,22,3,50,22/06/2014,3:50,21/06/2014,LIFEA,15,72,50,10,1,0,Grottes fond de Foret ,S. Pirotte,"Cavité - carrière, mine et grotte",Bande boisée et alignement d'arbres,SM2-A,Plecotus Natura 2000
D:/documents Pierrette/SM2 Vesdre/20140624_grottesFondForet/wav/,LIFEA_0_20140622_232452_687.wav,LIFEA_20140622_232452_687.wav,A. Flipo,Rhifer,Rhifer,Main,Rhisp,10,Rhifer,10,2014,6,22,23,24,22/06/2014,23:24,22/06/2014,LIFEA,17,80,0,8,0,0,Grottes fond de Foret ,S. Pirotte,"Cavité - carrière, mine et grotte",Bande boisée et alignement d'arbres,SM2-A,Plecotus Natura 2000
D:/documents Pierrette/SM2 Vesdre/20140624_grottesFondForet/wav/,LIFEA_0_20140622_232456_519.wav,LIFEA_20140622_232456_519.wav,A. Flipo,Rhifer,Rhifer,Main,Rhisp,10,Rhifer,10,2014,6,22,23,24,22/06/2014,23:24,22/06/2014,LIFEA,17,80,0,8,1,0,Grottes fond de Foret ,S. Pirotte,"Cavité - carrière, mine et grotte",Bande boisée et alignement d'arbres,SM2-A,Plecotus Natura 2000
D:/documents Pierrette/SM2 Vesdre/20140624_grottesFondForet/wav/,LIFEA_0_20140622_232838_098.wav,LIFEA_20140622_232838_098.wav,A. Flipo,Rhifer,Rhifer,Main,Rhisp,10,Rhifer,10,2014,6,22,23,28,22/06/2014,23:28,22/06/2014,LIFEA,35,80,0,8,2,0,Grottes fond de Foret ,S. Pirotte,"Cavité - carrière, mine et grotte",Bande boisée et alignement d'arbres,SM2-A,Plecotus Natura 2000
D:/documents Pierrette/SM2 Vesdre/20140624_grottesFondForet/wav/,LIFEA_0_20140622_235113_500.wav,LIFEA_20140622_235113_500.wav,A. Flipo,Rhifer,Rhifer,Main,Rhisp,9,Rhifer,9,2014,6,22,23,51,22/06/2014,23:51,22/06/2014,LIFEA,4,68,0,7,0,0,Grottes fond de Foret ,S. Pirotte,"Cavité - carrière, mine et grotte",Bande boisée et alignement d'arbres,SM2-A,Plecotus Natura 2000
D:/documents Pierrette/SM2 Vesdre/20140624_grottesFondForet/wav/,LIFEA_0_20140622_235955_732.wav,LIFEA_20140622_235955_732.wav,A. Flipo,Rhifer,Rhifer,Main,Rhisp,10,Rhifer,10,2014,6,22,23,59,22/06/2014,23:59,22/06/2014,LIFEA,4,72,0,6,1,0,Grottes fond de Foret ,S. Pirotte,"Cavité - carrière, mine et grotte",Bande boisée et alignement d'arbres,SM2-A,Plecotus Natura 2000
D:/documents Pierrette/SM2 Vesdre/20140624_grottesFondForet/wav/,LIFEA_0_20140623_000643_361.wav,LIFEA_20140623_000643_361.wav,A. Flipo,Rhifer,Rhifer,Main,Rhisp,10,Rhifer,9,2014,6,23,0,6,23/06/2014,0:06,22/06/2014,LIFEA,4,68,62,7,1,0,Grottes fond de Foret ,S. Pirotte,"Cavité - carrière, mine et grotte",Bande boisée et alignement d'arbres,SM2-A,Plecotus Natura 2000
D:/documents Pierrette/SM2 Vesdre/20140624_grottesFondForet/wav/,LIFEA_0_20140623_000748_507.wav,LIFEA_20140623_000748_507.wav,A. Flipo,Rhifer,Rhifer,Main,Rhisp,10,Rhifer,10,2014,6,23,0,7,23/06/2014,0:07,22/06/2014,LIFEA,17,80,50,10,0,0,Grottes fond de Foret ,S. Pirotte,"Cavité - carrière, mine et grotte",Bande boisée et alignement d'arbres,SM2-A,Plecotus Natura 2000
D:/documents Pierrette/SM2 Vesdre/20140624_grottesFondForet/wav/,LIFEA_0_20140623_001056_526.wav,LIFEA_20140623_001056_526.wav,A. Flipo,Rhifer,Rhifer,Main,Rhisp,9,Rhifer,9,2014,6,23,0,10,23/06/2014,0:10,22/06/2014,LIFEA,18,72,0,6,4,0,Grottes fond de Foret ,S. Pirotte,"Cavité - carrière, mine et grotte",Bande boisée et alignement d'arbres,SM2-A,Plecotus Natura 2000
D:/documents Pierrette/SM2 Vesdre/20140624_grottesFondForet/wav/,LIFEA_0_20140623_001111_732.wav,LIFEA_20140623_001111_732.wav,A. Flipo,Rhifer,Rhifer,Main,Rhisp,10,Rhifer,10,2014,6,23,0,11,23/06/2014,0:11,22/06/2014,LIFEA,15,80,34,9,0,0,Grottes fond de Foret ,S. Pirotte,"Cavité - carrière, mine et grotte",Bande boisée et alignement d'arbres,SM2-A,Plecotus Natura 2000
D:/documents Pierrette/SM2 Vesdre/20140624_grottesFondForet/wav/,LIFEA_0_20140623_001144_216.wav,LIFEA_20140623_001144_216.wav,A. Flipo,Rhifer,Rhifer,Main,Rhisp,10,Rhifer,10,2014,6,23,0,11,23/06/2014,0:11,22/06/2014,LIFEA,4,71,34,9,1,0,Grottes fond de Foret ,S. Pirotte,"Cavité - carrière, mine et grotte",Bande boisée et alignement d'arbres,SM2-A,Plecotus Natura 2000
D:/documents Pierrette/SM2 Vesdre/20140624_grottesFondForet/wav/,LIFEA_0_20140623_001152_225.wav,LIFEA_20140623_001152_225.wav,A. Flipo,Rhifer,Rhifer,Main,Rhisp,10,Rhifer,10,2014,6,23,0,11,23/06/2014,0:11,22/06/2014,LIFEA,3,67,0,7,0,0,Grottes fond de Foret ,S. Pirotte,"Cavité - carrière, mine et grotte",Bande boisée et alignement d'arbres,SM2-A,Plecotus Natura 2000
D:/documents Pierrette/SM2 Vesdre/20140624_grottesFondForet/wav/,LIFEA_0_20140623_002804_636.wav,LIFEA_20140623_002804_636.wav,A. Flipo,Rhifer,Rhifer,Main,Rhisp,10,Rhifer,10,2014,6,23,0,28,23/06/2014,0:28,22/06/2014,LIFEA,4,70,0,8,1,0,Grottes fond de Foret ,S. Pirotte,"Cavité - carrière, mine et grotte",Bande boisée et alignement d'arbres,SM2-A,Plecotus Natura 2000
D:/documents Pierrette/SM2 Vesdre/20140624_grottesFondForet/wav/,LIFEA_0_20140623_012627_310.wav,LIFEA_20140623_012627_310.wav,A. Flipo,ChiroSp,Barbar,Secondary,Barbar,7,Barbar,7,2014,6,23,1,26,23/06/2014,1:26,22/06/2014,LIFEA,4,31,49,7,3,0,Grottes fond de Foret ,S. Pirotte,"Cavité - carrière, mine et grotte",Bande boisée et alignement d'arbres,SM2-A,Plecotus Natura 2000
D:/documents Pierrette/SM2 Vesdre/20140624_grottesFondForet/wav/,LIFEA_0_20140623_012706_266.wav,LIFEA_20140623_012706_266.wav,A. Flipo,ChiroSp,ChiroSp,Main,Barbar,0,Barbar,0,2014,6,23,1,27,23/06/2014,1:27,22/06/2014,LIFEA,3,33,0,3,6,4,Grottes fond de Foret ,S. Pirotte,"Cavité - carrière, mine et grotte",Bande boisée et alignement d'arbres,SM2-A,Plecotus Natura 2000
D:/documents Pierrette/SM2 Vesdre/20140624_grottesFondForet/wav/,LIFEA_0_20140623_012847_402.wav,LIFEA_20140623_012847_402.wav,A. Flipo,ChiroSp,ChiroSp,Secondary,Barbar,0,Barbar,0,2014,6,23,1,28,23/06/2014,1:28,22/06/2014,LIFEA,2,33,0,3,2,0,Grottes fond de Foret ,S. Pirotte,"Cavité - carrière, mine et grotte",Bande boisée et alignement d'arbres,SM2-A,Plecotus Natura 2000
D:/documents Pierrette/SM2 Vesdre/20140624_grottesFondForet/wav/,LIFEA_0_20140623_013632_451.wav,LIFEA_20140623_013632_451.wav,A. Flipo,ChiroSp,ChiroSp,Main,Barbar,0,Barbar,0,2014,6,23,1,36,23/06/2014,1:36,22/06/2014,LIFEA,3,32,0,5,0,0,Grottes fond de Foret ,S. Pirotte,"Cavité - carrière, mine et grotte",Bande boisée et alignement d'arbres,SM2-A,Plecotus Natura 2000
D:/documents Pierrette/SM2 Vesdre/20140624_grottesFondForet/wav/,LIFEA_0_20140623_013652_428.wav,LIFEA_20140623_013652_428.wav,A. Flipo,ChiroSp,ChiroSp,Main,Barbar,0,Barbar,0,2014,6,23,1,36,23/06/2014,1:36,22/06/2014,LIFEA,71,32,20,6,9,7,Grottes fond de Foret ,S. Pirotte,"Cavité - carrière, mine et grotte",Bande boisée et alignement d'arbres,SM2-A,Plecotus Natura 2000
D:/documents Pierrette/SM2 Vesdre/20140624_grottesFondForet/wav/,LIFEA_0_20140623_014024_396.wav,LIFEA_20140623_014024_396.wav,A. Flipo,Rhifer,Rhifer,Tertiary,Rhisp,6,Rhifer,6,2014,6,23,1,40,23/06/2014,1:40,22/06/2014,LIFEA,4,29,0,7,3,0,Grottes fond de Foret ,S. Pirotte,"Cavité - carrière, mine et grotte",Bande boisée et alignement d'arbres,SM2-A,Plecotus Natura 2000
D:/documents Pierrette/SM2 Vesdre/20140624_grottesFondForet/wav/,LIFEA_0_20140623_014220_444.wav,LIFEA_20140623_014220_444.wav,A. Flipo,Rhifer,Rhifer,Main,Rhisp,10,Rhifer,8,2014,6,23,1,42,23/06/2014,1:42,22/06/2014,LIFEA,38,82,0,8,3,0,Grottes fond de Foret ,S. Pirotte,"Cavité - carrière, mine et grotte",Bande boisée et alignement d'arbres,SM2-A,Plecotus Natura 2000
D:/documents Pierrette/SM2 Vesdre/20140624_grottesFondForet/wav/,LIFEA_0_20140623_014238_874.wav,LIFEA_20140623_014238_874.wav,A. Flipo,Rhifer,Rhifer,Secondary,Rhisp,10,Rhifer,10,2014,6,23,1,42,23/06/2014,1:42,22/06/2014,LIFEA,40,80,0,7,0,0,Grottes fond de Foret ,S. Pirotte,"Cavité - carrière, mine et grotte",Bande boisée et alignement d'arbres,SM2-A,Plecotus Natura 2000
D:/documents Pierrette/SM2 Vesdre/20140624_grottesFondForet/wav/,LIFEA_0_20140623_014425_964.wav,LIFEA_20140623_014425_964.wav,A. Flipo,Rhifer,Rhifer,Main,Rhisp,10,Rhifer,10,2014,6,23,1,44,23/06/2014,1:44,22/06/2014,LIFEA,14,35,0,6,1,0,Grottes fond de Foret ,S. Pirotte,"Cavité - carrière, mine et grotte",Bande boisée et alignement d'arbres,SM2-A,Plecotus Natura 2000
D:/documents Pierrette/SM2 Vesdre/20140624_grottesFondForet/wav/,LIFEA_0_20140623_020344_364.wav,LIFEA_20140623_020344_364.wav,A. Flipo,Rhifer,Rhifer,Main,Rhisp,10,Rhifer,10,2014,6,23,2,3,23/06/2014,2:03,22/06/2014,LIFEA,25,79,0,6,4,0,Grottes fond de Foret ,S. Pirotte,"Cavité - carrière, mine et grotte",Bande boisée et alignement d'arbres,SM2-A,Plecotus Natura 2000
D:/documents Pierrette/SM2 Vesdre/20140624_grottesFondForet/wav/,LIFEA_0_20140623_024430_928.wav,LIFEA_20140623_024430_928.wav,A. Flipo,ChiroSp,ChiroSp,Main,Barbar,1,Barbar,1,2014,6,23,2,44,23/06/2014,2:44,22/06/2014,LIFEA,6,34,207,7,0,0,Grottes fond de Foret ,S. Pirotte,"Cavité - carrière, mine et grotte",Bande boisée et alignement d'arbres,SM2-A,Plecotus Natura 2000
D:/documents Pierrette/SM2 Vesdre/20140624_grottesFondForet/wav/,LIFEA_0_20140623_033456_058.wav,LIFEA_20140623_033456_058.wav,A. Flipo,Rhifer,Rhifer,Main,Rhisp,10,Rhifer,10,2014,6,23,3,34,23/06/2014,3:34,22/06/2014,LIFEA,3,80,0,10,0,0,Grottes fond de Foret ,S. Pirotte,"Cavité - carrière, mine et grotte",Bande boisée et alignement d'arbres,SM2-A,Plecotus Natura 2000
D:/documents Pierrette/SM2 Vesdre/20140624_grottesFondForet/wav/,LIFEA_0_20140623_041516_641.wav,LIFEA_20140623_041516_641.wav,A. Flipo,Rhifer,Rhifer,Main,Rhisp,10,Rhifer,10,2014,6,23,4,15,23/06/2014,4:15,22/06/2014,LIFEA,3,79,0,6,0,0,Grottes fond de Foret ,S. Pirotte,"Cavité - carrière, mine et grotte",Bande boisée et alignement d'arbres,SM2-A,Plecotus Natura 2000
D:/documents Pierrette/SM2 Vesdre/20140624_grottesFondForet/wav/,LIFEA_0_20140623_223614_063.wav,LIFEA_20140623_223614_063.wav,A. Flipo,Rhifer,Rhifer,Main,Rhisp,10,Rhifer,10,2014,6,23,22,36,23/06/2014,22:36,23/06/2014,LIFEA,5,79,1,10,0,0,Grottes fond de Foret ,S. Pirotte,"Cavité - carrière, mine et grotte",Bande boisée et alignement d'arbres,SM2-A,Plecotus Natura 2000
D:/documents Pierrette/SM2 Vesdre/20140624_grottesFondForet/wav/,LIFEA_0_20140623_235111_113.wav,LIFEA_20140623_235111_113.wav,A. Flipo,Rhifer,Rhifer,Main,Rhisp,9,Rhifer,9,2014,6,23,23,51,23/06/2014,23:51,23/06/2014,LIFEA,3,69,0,6,0,0,Grottes fond de Foret ,S. Pirotte,"Cavité - carrière, mine et grotte",Bande boisée et alignement d'arbres,SM2-A,Plecotus Natura 2000
D:/documents Pierrette/SM2 Vesdre/20140624_grottesFondForet/wav/,LIFEA_0_20140623_235146_526.wav,LIFEA_20140623_235146_526.wav,A. Flipo,ChiroSp,ChiroSp,Main,Barbar,1,Barbar,1,2014,6,23,23,51,23/06/2014,23:51,23/06/2014,LIFEA,35,33,0,6,9,6,Grottes fond de Foret ,S. Pirotte,"Cavité - carrière, mine et grotte",Bande boisée et alignement d'arbres,SM2-A,Plecotus Natura 2000
D:/documents Pierrette/SM2 Vesdre/20140624_grottesFondForet/wav/,LIFEA_0_20140623_235146_526.wav,LIFEA_20140623_235146_526.wav,A. Flipo,Rhifer,Rhifer,Secondary,Rhisp,10,Rhifer,10,2014,6,23,23,51,23/06/2014,23:51,23/06/2014,LIFEA,10,81,0,7,0,0,Grottes fond de Foret ,S. Pirotte,"Cavité - carrière, mine et grotte",Bande boisée et alignement d'arbres,SM2-A,Plecotus Natura 2000
D:/documents Pierrette/SM2 Vesdre/20140624_grottesFondForet/wav/,LIFEA_0_20140623_235149_998.wav,LIFEA_20140623_235149_998.wav,A. Flipo,Rhifer,Rhifer,Main,Rhisp,10,Rhifer,10,2014,6,23,23,51,23/06/2014,23:51,23/06/2014,LIFEA,33,35,0,7,4,0,Grottes fond de Foret ,S. Pirotte,"Cavité - carrière, mine et grotte",Bande boisée et alignement d'arbres,SM2-A,Plecotus Natura 2000
D:/documents Pierrette/SM2 Vesdre/20140624_grottesFondForet/wav/,LIFEA_0_20140623_235153_857.wav,LIFEA_20140623_235153_857.wav,A. Flipo,Rhifer,Rhifer,Main,Rhisp,10,Rhifer,10,2014,6,23,23,51,23/06/2014,23:51,23/06/2014,LIFEA,15,80,0,6,3,0,Grottes fond de Foret ,S. Pirotte,"Cavité - carrière, mine et grotte",Bande boisée et alignement d'arbres,SM2-A,Plecotus Natura 2000
D:/documents Pierrette/SM2 Vesdre/20140624_grottesFondForet/wav/,LIFEA_0_20140623_235157_027.wav,LIFEA_20140623_235157_027.wav,A. Flipo,Rhifer,Rhifer,Main,Rhisp,10,Rhifer,10,2014,6,23,23,51,23/06/2014,23:51,23/06/2014,LIFEA,20,32,0,6,5,0,Grottes fond de Foret ,S. Pirotte,"Cavité - carrière, mine et grotte",Bande boisée et alignement d'arbres,SM2-A,Plecotus Natura 2000
D:/documents Pierrette/SM2 Vesdre/20140624_grottesFondForet/wav/,LIFEA_0_20140623_235200_280.wav,LIFEA_20140623_235200_280.wav,A. Flipo,Rhifer,Rhifer,Main,Rhisp,10,Rhifer,10,2014,6,23,23,52,23/06/2014,23:52,23/06/2014,LIFEA,50,80,0,7,5,0,Grottes fond de Foret ,S. Pirotte,"Cavité - carrière, mine et grotte",Bande boisée et alignement d'arbres,SM2-A,Plecotus Natura 2000
D:/documents Pierrette/SM2 Vesdre/20140624_grottesFondForet/wav/,LIFEA_0_20140623_235207_427.wav,LIFEA_20140623_235207_427.wav,A. Flipo,Rhifer,Rhifer,Main,Rhisp,10,Rhifer,10,2014,6,23,23,52,23/06/2014,23:52,23/06/2014,LIFEA,55,35,0,8,3,0,Grottes fond de Foret ,S. Pirotte,"Cavité - carrière, mine et grotte",Bande boisée et alignement d'arbres,SM2-A,Plecotus Natura 2000
D:/documents Pierrette/SM2 Vesdre/20140624_grottesFondForet/wav/,LIFEA_0_20140623_235212_428.wav,LIFEA_20140623_235212_428.wav,A. Flipo,Rhifer,Rhifer,Main,Rhisp,10,Rhifer,10,2014,6,23,23,52,23/06/2014,23:52,23/06/2014,LIFEA,59,34,0,8,6,3,Grottes fond de Foret ,S. Pirotte,"Cavité - carrière, mine et grotte",Bande boisée et alignement d'arbres,SM2-A,Plecotus Natura 2000
D:/documents Pierrette/SM2 Vesdre/20140624_grottesFondForet/wav/,LIFEA_0_20140623_235217_428.wav,LIFEA_20140623_235217_428.wav,A. Flipo,Rhifer,Rhifer,Main,Rhisp,10,Rhifer,10,2014,6,23,23,52,23/06/2014,23:52,23/06/2014,LIFEA,26,35,0,7,5,0,Grottes fond de Foret ,S. Pirotte,"Cavité - carrière, mine et grotte",Bande boisée et alignement d'arbres,SM2-A,Plecotus Natura 2000
D:/documents Pierrette/SM2 Vesdre/20140624_grottesFondForet/wav/,LIFEA_0_20140623_235220_887.wav,LIFEA_20140623_235220_887.wav,A. Flipo,Rhifer,Rhifer,Main,Rhisp,10,Rhifer,10,2014,6,23,23,52,23/06/2014,23:52,23/06/2014,LIFEA,36,33,0,8,4,0,Grottes fond de Foret ,S. Pirotte,"Cavité - carrière, mine et grotte",Bande boisée et alignement d'arbres,SM2-A,Plecotus Natura 2000
D:/documents Pierrette/SM2 Vesdre/20140624_grottesFondForet/wav/,LIFEA_0_20140623_235225_307.wav,LIFEA_20140623_235225_307.wav,A. Flipo,Rhifer,Rhifer,Main,Rhisp,10,Rhifer,10,2014,6,23,23,52,23/06/2014,23:52,23/06/2014,LIFEA,75,34,0,9,6,0,Grottes fond de Foret ,S. Pirotte,"Cavité - carrière, mine et grotte",Bande boisée et alignement d'arbres,SM2-A,Plecotus Natura 2000
D:/documents Pierrette/SM2 Vesdre/20140624_grottesFondForet/wav/,LIFEA_0_20140623_235230_308.wav,LIFEA_20140623_235230_308.wav,A. Flipo,Rhifer,Rhifer,Main,Rhisp,10,Rhifer,10,2014,6,23,23,52,23/06/2014,23:52,23/06/2014,LIFEA,37,64,0,8,4,0,Grottes fond de Foret ,S. Pirotte,"Cavité - carrière, mine et grotte",Bande boisée et alignement d'arbres,SM2-A,Plecotus Natura 2000
D:/documents Pierrette/SM2 Vesdre/20140624_grottesFondForet/wav/,LIFEA_0_20140623_235234_714.wav,LIFEA_20140623_235234_714.wav,A. Flipo,Rhifer,Rhifer,Main,Rhisp,10,Rhifer,10,2014,6,23,23,52,23/06/2014,23:52,23/06/2014,LIFEA,45,80,0,9,5,0,Grottes fond de Foret ,S. Pirotte,"Cavité - carrière, mine et grotte",Bande boisée et alignement d'arbres,SM2-A,Plecotus Natura 2000
D:/documents Pierrette/SM2 Vesdre/20140624_grottesFondForet/wav/,LIFEA_0_20140623_235252_482.wav,LIFEA_20140623_235252_482.wav,A. Flipo,ChiroSp,ChiroSp,Secondary,Barbar,0,Barbar,0,2014,6,23,23,52,23/06/2014,23:52,23/06/2014,LIFEA,2,33,1,3,1,0,Grottes fond de Foret ,S. Pirotte,"Cavité - carrière, mine et grotte",Bande boisée et alignement d'arbres,SM2-A,Plecotus Natura 2000
D:/documents Pierrette/SM2 Vesdre/20140624_grottesFondForet/wav/,LIFEA_0_20140624_004454_690.wav,LIFEA_20140624_004454_690.wav,A. Flipo,Rhifer,Rhifer,Main,Rhisp,10,Rhifer,10,2014,6,24,0,44,24/06/2014,0:44,23/06/2014,LIFEA,1,81,0,10,0,0,Grottes fond de Foret ,S. Pirotte,"Cavité - carrière, mine et grotte",Bande boisée et alignement d'arbres,SM2-A,Plecotus Natura 2000
D:/documents Pierrette/SM2 Vesdre/20140624_grottesFondForet/wav/,LIFEA_0_20140624_010137_937.wav,LIFEA_20140624_010137_937.wav,A. Flipo,Rhifer,Rhifer,Main,Rhisp,10,Rhifer,10,2014,6,24,1,1,24/06/2014,1:01,23/06/2014,LIFEA,27,79,0,10,1,0,Grottes fond de Foret ,S. Pirotte,"Cavité - carrière, mine et grotte",Bande boisée et alignement d'arbres,SM2-A,Plecotus Natura 2000
D:/documents Pierrette/SM2 Vesdre/20140624_grottesFondForet/wav/,LIFEA_0_20140624_011612_258.wav,LIFEA_20140624_011612_258.wav,A. Flipo,Rhifer,Rhifer,Main,Rhisp,10,Rhifer,10,2014,6,24,1,16,24/06/2014,1:16,23/06/2014,LIFEA,3,80,0,6,0,0,Grottes fond de Foret ,S. Pirotte,"Cavité - carrière, mine et grotte",Bande boisée et alignement d'arbres,SM2-A,Plecotus Natura 2000
D:/documents Pierrette/SM2 Vesdre/20140624_grottesFondForet/wav/,LIFEA_0_20140624_012516_251.wav,LIFEA_20140624_012516_251.wav,A. Flipo,Rhifer,Rhifer,Main,Rhisp,10,Rhifer,10,2014,6,24,1,25,24/06/2014,1:25,23/06/2014,LIFEA,3,74,0,10,0,0,Grottes fond de Foret ,S. Pirotte,"Cavité - carrière, mine et grotte",Bande boisée et alignement d'arbres,SM2-A,Plecotus Natura 2000
D:/documents Pierrette/SM2 Vesdre/20140624_grottesFondForet/wav/,LIFEA_0_20140624_012523_578.wav,LIFEA_20140624_012523_578.wav,A. Flipo,Rhifer,Rhifer,Main,Rhisp,10,Rhifer,10,2014,6,24,1,25,24/06/2014,1:25,23/06/2014,LIFEA,7,80,42,10,1,0,Grottes fond de Foret ,S. Pirotte,"Cavité - carrière, mine et grotte",Bande boisée et alignement d'arbres,SM2-A,Plecotus Natura 2000
D:/documents Pierrette/SM2 Vesdre/20140624_grottesFondForet/wav/,LIFEA_0_20140624_031632_413.wav,LIFEA_20140624_031632_413.wav,A. Flipo,Rhifer,Rhifer,Main,Rhisp,10,Rhifer,10,2014,6,24,3,16,24/06/2014,3:16,23/06/2014,LIFEA,18,78,11,10,0,0,Grottes fond de Foret ,S. Pirotte,"Cavité - carrière, mine et grotte",Bande boisée et alignement d'arbres,SM2-A,Plecotus Natura 2000
D:/documents Pierrette/SM2 Vesdre/20140624_grottesFondForet/wav/,LIFEA_0_20140624_044737_928.wav,LIFEA_20140624_044737_928.wav,A. Flipo,Rhifer,Rhifer,Main,Rhisp,10,Rhifer,10,2014,6,24,4,47,24/06/2014,4:47,23/06/2014,LIFEA,17,79,0,9,0,0,Grottes fond de Foret ,S. Pirotte,"Cavité - carrière, mine et grotte",Bande boisée et alignement d'arbres,SM2-A,Plecotus Natura 2000
D:/documents Pierrette/SM2 Vesdre/20140626_verger lisiere-grotte Walou/wav/,LIFEA_0_20140625_224237_449.wav,LIFEA_20140625_224237_449.wav,T. Kinet,Nyclei,ENVsp,Main,ENVsp,10,Nyclei,2,2014,6,25,22,42,25/06/2014,22:42,25/06/2014,LIFEA,15,26,170,10,3,0,Grotte Walou,F. Lejeune,Lisière vraie (milieu ouvert/milieux forestier),Bande boisée et alignement d'arbres,SM2-A,Plecotus Natura 2000
D:/documents Pierrette/SM2 Vesdre/20140701_Bois de la Faye/wav/,LIFEA_0_20140701_222724_636.wav,LIFEA_20140701_222724_636.wav,A. Flipo,ChiroSp,ChiroSp,Main,Pip35,3,Pipkuh,1,2014,7,1,22,27,1/07/2014,22:27,1/07/2014,LIFEA,22,52,84,4,1,0,Bois de la Faye ,S. Pirotte,Forêt mixte,Sentier (non induré - circulation piétonne),SM2-A,Plecotus Natura 2000
D:/documents Pierrette/SM2 Vesdre/20140703_domaine militaire/wav/,LIFEA_0_20140702_223041_195.wav,LIFEA_20140702_223041_195.wav,A. Flipo,Pipnat,ChiroSp,Main,Pip35,3,Pipkuh,0,2014,7,2,22,30,2/07/2014,22:30,2/07/2014,LIFEA,2,42,0,3,0,0,Domaine militaire Chaudfontaine ,S. Pirotte,"Pelouse, Lande",buissons isolés,SM2-A,Plecotus Natura 2000
D:/documents Pierrette/SM2 Vesdre/20140703_domaine militaire/wav/,LIFEA_0_20140702_223058_206.wav,LIFEA_20140702_223058_206.wav,A. Flipo,ChiroSp,ChiroSp,Main,Pip35,4,Pipkuh,1,2014,7,2,22,30,2/07/2014,22:30,2/07/2014,LIFEA,17,43,57,5,1,0,Domaine militaire Chaudfontaine ,S. Pirotte,"Pelouse, Lande",buissons isolés,SM2-A,Plecotus Natura 2000
D:/documents Pierrette/SM2 Vesdre/20140703_domaine militaire/wav/,LIFEA_0_20140702_224231_836.wav,LIFEA_20140702_224231_836.wav,A. Flipo,ChiroSp,ChiroSp,Main,Pip35,2,Pipkuh,1,2014,7,2,22,42,2/07/2014,22:42,2/07/2014,LIFEA,13,43,94,3,0,0,Domaine militaire Chaudfontaine ,S. Pirotte,"Pelouse, Lande",buissons isolés,SM2-A,Plecotus Natura 2000
D:/documents Pierrette/SM2 Vesdre/20140703_domaine militaire/wav/,LIFEA_0_20140703_041550_175.wav,LIFEA_20140703_041550_175.wav,A. Flipo,Pipnat,Pip35,Main,Pip35,9,Pipkuh,2,2014,7,3,4,15,3/07/2014,4:15,2/07/2014,LIFEA,61,42,77,5,2,0,Domaine militaire Chaudfontaine ,S. Pirotte,"Pelouse, Lande",buissons isolés,SM2-A,Plecotus Natura 2000
D:/documents Pierrette/SM2 Vesdre/20140706_grotte Jumelles Drolenval-Pepinster/wav/,LIFEA_0_20140705_023243_034.wav,LIFEA_20140705_023243_034.wav,T. Kinet,Nyclei,ChiroSp,Main,ENVsp,5,Nyclei,3,2014,7,5,2,32,5/07/2014,2:32,4/07/2014,LIFEA,12,25,0,10,5,0,Grottes jumelles,"S. Pirotte, J. Thonnard, F. Lejeune","Cavité - carrière, mine et grotte","Route (induré, circulation véhicule rapide)",SM2-A,Plecotus Natura 2000
D:/documents Pierrette/SM2 Vesdre/20140706_grotte Jumelles Drolenval-Pepinster/wav/,LIFEA_0_20140706_004840_390.wav,LIFEA_20140706_004840_390.wav,A. Flipo,Rhifer,Rhifer,Main,Rhisp,10,Rhifer,10,2014,7,6,0,48,6/07/2014,0:48,5/07/2014,LIFEA,14,79,0,7,3,0,Grottes jumelles,"S. Pirotte, J. Thonnard, F. Lejeune","Cavité - carrière, mine et grotte","Route (induré, circulation véhicule rapide)",SM2-A,Plecotus Natura 2000
