Directory,File,File2,Validation,Id,Id-avant validation,Contact,Group,IGp,Species,ISp,Year,Month,Day,Hour,Minute,Date,Time,Night_Date,Place,NbCalls,MedFreq,MedInt,Iqual,Isc,Ibuz,Site,Opérateur,Habitat1,Habitat2,Machine,Projet
D:/documents Pierrette/SM2 BrabantWallon/Freddy/,LIFEC_0_20140611_230446_830.wav,LIFEC_20140611_230446_830.wav,A. Flipo,ChiroSp,ChiroSp,Secondary,Barbar,3,Barbar,1,2014,6,11,23,4,11/06/2014,23:04,11/06/2014,LIFEC_0,2,33,12,4,3,0,Renipont-plage,F. Donckels,Cours d'eau - rivière (3m< L< 10m),Bande boisée et alignement d'arbres,SM2-C,Plecotus Natura 2000
D:/documents Pierrette/SM2 BrabantWallon/Freddy/,LIFEC_0_20140611_231237_730.wav,LIFEC_20140611_231237_730.wav,A. Flipo,Nycnoc,ENVsp,Main,ENVsp,8,Eptnil,2,2014,6,11,23,12,11/06/2014,23:12,11/06/2014,LIFEC_0,8,29,82,8,4,0,Renipont-plage,F. Donckels,Cours d'eau - rivière (3m< L< 10m),Bande boisée et alignement d'arbres,SM2-C,Plecotus Natura 2000
D:/documents Pierrette/SM2 BrabantWallon/Freddy/,LIFEC_0_20140611_231404_000.wav,LIFEC_20140611_231404_000.wav,A. Flipo,ChiroSp,ChiroSp,Secondary,ENVsp,3,Vesmur,1,2014,6,11,23,14,11/06/2014,23:14,11/06/2014,LIFEC_0,5,25,4,8,6,0,Renipont-plage,F. Donckels,Cours d'eau - rivière (3m< L< 10m),Bande boisée et alignement d'arbres,SM2-C,Plecotus Natura 2000
D:/documents Pierrette/SM2 BrabantWallon/Freddy/,LIFEC_0_20140611_232118_314.wav,LIFEC_20140611_232118_314.wav,A. Flipo,ENVsp,ENVsp,Secondary,ENVsp,8,Eptnil,1,2014,6,11,23,21,11/06/2014,23:21,11/06/2014,LIFEC_0,8,27,32,8,6,0,Renipont-plage,F. Donckels,Cours d'eau - rivière (3m< L< 10m),Bande boisée et alignement d'arbres,SM2-C,Plecotus Natura 2000
D:/documents Pierrette/SM2 BrabantWallon/Freddy/,LIFEC_0_20140611_232123_315.wav,LIFEC_20140611_232123_315.wav,A. Flipo,Nyclei,ENVsp,Secondary,ENVsp,7,Eptnil,2,2014,6,11,23,21,11/06/2014,23:21,11/06/2014,LIFEC_0,12,27,17,9,8,0,Renipont-plage,F. Donckels,Cours d'eau - rivière (3m< L< 10m),Bande boisée et alignement d'arbres,SM2-C,Plecotus Natura 2000
D:/documents Pierrette/SM2 BrabantWallon/Freddy/,LIFEC_0_20140611_232159_684.wav,LIFEC_20140611_232159_684.wav,A. Flipo,ChiroSp,ChiroSp,Secondary,ENVsp,0,Eptnil,0,2014,6,11,23,21,11/06/2014,23:21,11/06/2014,LIFEC_0,4,27,34,7,4,0,Renipont-plage,F. Donckels,Cours d'eau - rivière (3m< L< 10m),Bande boisée et alignement d'arbres,SM2-C,Plecotus Natura 2000
D:/documents Pierrette/SM2 BrabantWallon/Freddy/,LIFEC_0_20140611_232236_985.wav,LIFEC_20140611_232236_985.wav,A. Flipo,ChiroSp,ChiroSp,Secondary,ENVsp,4,Eptnil,4,2014,6,11,23,22,11/06/2014,23:22,11/06/2014,LIFEC_0,9,29,27,8,5,0,Renipont-plage,F. Donckels,Cours d'eau - rivière (3m< L< 10m),Bande boisée et alignement d'arbres,SM2-C,Plecotus Natura 2000
D:/documents Pierrette/SM2 BrabantWallon/Freddy/,LIFEC_0_20140611_232246_986.wav,LIFEC_20140611_232246_986.wav,A. Flipo,ChiroSp,ChiroSp,Secondary,ENVsp,3,Eptnil,1,2014,6,11,23,22,11/06/2014,23:22,11/06/2014,LIFEC_0,3,27,0,8,3,0,Renipont-plage,F. Donckels,Cours d'eau - rivière (3m< L< 10m),Bande boisée et alignement d'arbres,SM2-C,Plecotus Natura 2000
D:/documents Pierrette/SM2 BrabantWallon/Freddy/,LIFEC_0_20140611_232249_689.wav,LIFEC_20140611_232249_689.wav,A. Flipo,Nyclei,ENVsp,Secondary,ENVsp,10,Eptnil,4,2014,6,11,23,22,11/06/2014,23:22,11/06/2014,LIFEC_0,16,28,43,9,6,0,Renipont-plage,F. Donckels,Cours d'eau - rivière (3m< L< 10m),Bande boisée et alignement d'arbres,SM2-C,Plecotus Natura 2000
D:/documents Pierrette/SM2 BrabantWallon/Freddy/,LIFEC_0_20140611_232254_690.wav,LIFEC_20140611_232254_690.wav,A. Flipo,ENVsp,ENVsp,Secondary,ENVsp,10,Eptnil,5,2014,6,11,23,22,11/06/2014,23:22,11/06/2014,LIFEC_0,12,29,66,7,3,0,Renipont-plage,F. Donckels,Cours d'eau - rivière (3m< L< 10m),Bande boisée et alignement d'arbres,SM2-C,Plecotus Natura 2000
D:/documents Pierrette/SM2 BrabantWallon/Freddy/,LIFEC_0_20140611_232314_063.wav,LIFEC_20140611_232314_063.wav,A. Flipo,Nyclei,ENVsp,Secondary,ENVsp,9,Eptnil,3,2014,6,11,23,23,11/06/2014,23:23,11/06/2014,LIFEC_0,9,29,30,9,7,0,Renipont-plage,F. Donckels,Cours d'eau - rivière (3m< L< 10m),Bande boisée et alignement d'arbres,SM2-C,Plecotus Natura 2000
D:/documents Pierrette/SM2 BrabantWallon/Freddy/,LIFEC_0_20140611_232320_401.wav,LIFEC_20140611_232320_401.wav,A. Flipo,Nyclei,ENVsp,Secondary,ENVsp,10,Eptnil,3,2014,6,11,23,23,11/06/2014,23:23,11/06/2014,LIFEC_0,7,27,42,7,3,0,Renipont-plage,F. Donckels,Cours d'eau - rivière (3m< L< 10m),Bande boisée et alignement d'arbres,SM2-C,Plecotus Natura 2000
D:/documents Pierrette/SM2 BrabantWallon/Freddy/,LIFEC_0_20140611_232338_470.wav,LIFEC_20140611_232338_470.wav,A. Flipo,ENVsp,ENVsp,Secondary,ENVsp,8,Eptnil,3,2014,6,11,23,23,11/06/2014,23:23,11/06/2014,LIFEC_0,21,28,27,8,5,0,Renipont-plage,F. Donckels,Cours d'eau - rivière (3m< L< 10m),Bande boisée et alignement d'arbres,SM2-C,Plecotus Natura 2000
D:/documents Pierrette/SM2 BrabantWallon/Freddy/,LIFEC_0_20140611_232343_471.wav,LIFEC_20140611_232343_471.wav,A. Flipo,ENVsp,ENVsp,Secondary,ENVsp,7,Eptnil,2,2014,6,11,23,23,11/06/2014,23:23,11/06/2014,LIFEC_0,10,28,0,8,6,0,Renipont-plage,F. Donckels,Cours d'eau - rivière (3m< L< 10m),Bande boisée et alignement d'arbres,SM2-C,Plecotus Natura 2000
D:/documents Pierrette/SM2 BrabantWallon/Freddy/,LIFEC_0_20140611_232432_864.wav,LIFEC_20140611_232432_864.wav,A. Flipo,ChiroSp,ChiroSp,Secondary,ENVsp,1,Eptnil,1,2014,6,11,23,24,11/06/2014,23:24,11/06/2014,LIFEC_0,4,28,7,7,5,0,Renipont-plage,F. Donckels,Cours d'eau - rivière (3m< L< 10m),Bande boisée et alignement d'arbres,SM2-C,Plecotus Natura 2000
D:/documents Pierrette/SM2 BrabantWallon/Freddy/,LIFEC_0_20140611_232442_550.wav,LIFEC_20140611_232442_550.wav,A. Flipo,Nyclei,ENVsp,Secondary,ENVsp,8,Eptnil,2,2014,6,11,23,24,11/06/2014,23:24,11/06/2014,LIFEC_0,13,28,41,8,6,0,Renipont-plage,F. Donckels,Cours d'eau - rivière (3m< L< 10m),Bande boisée et alignement d'arbres,SM2-C,Plecotus Natura 2000
D:/documents Pierrette/SM2 BrabantWallon/Freddy/,LIFEC_0_20140611_232446_830.wav,LIFEC_20140611_232446_830.wav,A. Flipo,Nyclei,ENVsp,Secondary,ENVsp,8,Eptnil,3,2014,6,11,23,24,11/06/2014,23:24,11/06/2014,LIFEC_0,12,29,0,8,7,0,Renipont-plage,F. Donckels,Cours d'eau - rivière (3m< L< 10m),Bande boisée et alignement d'arbres,SM2-C,Plecotus Natura 2000
D:/documents Pierrette/SM2 BrabantWallon/Freddy/,LIFEC_0_20140611_232454_314.wav,LIFEC_20140611_232454_314.wav,A. Flipo,ChiroSp,ChiroSp,Secondary,ENVsp,5,Eptnil,3,2014,6,11,23,24,11/06/2014,23:24,11/06/2014,LIFEC_0,8,27,38,9,4,0,Renipont-plage,F. Donckels,Cours d'eau - rivière (3m< L< 10m),Bande boisée et alignement d'arbres,SM2-C,Plecotus Natura 2000
D:/documents Pierrette/SM2 BrabantWallon/Freddy/,LIFEC_0_20140611_232459_314.wav,LIFEC_20140611_232459_314.wav,A. Flipo,Eptser,ENVsp,Secondary,ENVsp,7,Eptnil,3,2014,6,11,23,24,11/06/2014,23:24,11/06/2014,LIFEC_0,21,29,0,9,8,0,Renipont-plage,F. Donckels,Cours d'eau - rivière (3m< L< 10m),Bande boisée et alignement d'arbres,SM2-C,Plecotus Natura 2000
D:/documents Pierrette/SM2 BrabantWallon/Freddy/,LIFEC_0_20140611_232539_601.wav,LIFEC_20140611_232539_601.wav,A. Flipo,ENVsp,ENVsp,Secondary,ENVsp,7,Eptnil,1,2014,6,11,23,25,11/06/2014,23:25,11/06/2014,LIFEC_0,2,26,0,7,5,0,Renipont-plage,F. Donckels,Cours d'eau - rivière (3m< L< 10m),Bande boisée et alignement d'arbres,SM2-C,Plecotus Natura 2000
D:/documents Pierrette/SM2 BrabantWallon/Freddy/,LIFEC_0_20140611_232656_866.wav,LIFEC_20140611_232656_866.wav,A. Flipo,ENVsp,ENVsp,Secondary,ENVsp,6,Eptnil,0,2014,6,11,23,26,11/06/2014,23:26,11/06/2014,LIFEC_0,6,27,57,7,2,0,Renipont-plage,F. Donckels,Cours d'eau - rivière (3m< L< 10m),Bande boisée et alignement d'arbres,SM2-C,Plecotus Natura 2000
D:/documents Pierrette/SM2 BrabantWallon/Freddy/,LIFEC_0_20140611_232746_493.wav,LIFEC_20140611_232746_493.wav,A. Flipo,ChiroSp,ChiroSp,Main,ENVsp,1,Eptnil,0,2014,6,11,23,27,11/06/2014,23:27,11/06/2014,LIFEC_0,5,28,51,7,5,0,Renipont-plage,F. Donckels,Cours d'eau - rivière (3m< L< 10m),Bande boisée et alignement d'arbres,SM2-C,Plecotus Natura 2000
D:/documents Pierrette/SM2 BrabantWallon/Freddy/,LIFEC_0_20140611_232847_802.wav,LIFEC_20140611_232847_802.wav,A. Flipo,ENVsp,ENVsp,Secondary,ENVsp,8,Eptnil,2,2014,6,11,23,28,11/06/2014,23:28,11/06/2014,LIFEC_0,10,28,0,8,7,0,Renipont-plage,F. Donckels,Cours d'eau - rivière (3m< L< 10m),Bande boisée et alignement d'arbres,SM2-C,Plecotus Natura 2000
D:/documents Pierrette/SM2 BrabantWallon/Freddy/,LIFEC_0_20140611_232851_333.wav,LIFEC_20140611_232851_333.wav,A. Flipo,Eptser,ENVsp,Secondary,ENVsp,8,Eptnil,3,2014,6,11,23,28,11/06/2014,23:28,11/06/2014,LIFEC_0,21,29,24,8,8,0,Renipont-plage,F. Donckels,Cours d'eau - rivière (3m< L< 10m),Bande boisée et alignement d'arbres,SM2-C,Plecotus Natura 2000
D:/documents Pierrette/SM2 BrabantWallon/Freddy/,LIFEC_0_20140611_232856_334.wav,LIFEC_20140611_232856_334.wav,A. Flipo,ENVsp,ENVsp,Secondary,ENVsp,6,Eptnil,3,2014,6,11,23,28,11/06/2014,23:28,11/06/2014,LIFEC_0,13,27,29,8,8,0,Renipont-plage,F. Donckels,Cours d'eau - rivière (3m< L< 10m),Bande boisée et alignement d'arbres,SM2-C,Plecotus Natura 2000
D:/documents Pierrette/SM2 BrabantWallon/Freddy/,LIFEC_0_20140611_232904_000.wav,LIFEC_20140611_232904_000.wav,A. Flipo,ENVsp,ENVsp,Secondary,ENVsp,9,Eptnil,3,2014,6,11,23,29,11/06/2014,23:29,11/06/2014,LIFEC_0,14,29,0,8,7,0,Renipont-plage,F. Donckels,Cours d'eau - rivière (3m< L< 10m),Bande boisée et alignement d'arbres,SM2-C,Plecotus Natura 2000
D:/documents Pierrette/SM2 BrabantWallon/Freddy/,LIFEC_0_20140611_232909_000.wav,LIFEC_20140611_232909_000.wav,A. Flipo,Nyclei,ENVsp,Secondary,ENVsp,8,Eptnil,4,2014,6,11,23,29,11/06/2014,23:29,11/06/2014,LIFEC_0,10,29,36,9,6,0,Renipont-plage,F. Donckels,Cours d'eau - rivière (3m< L< 10m),Bande boisée et alignement d'arbres,SM2-C,Plecotus Natura 2000
D:/documents Pierrette/SM2 BrabantWallon/Freddy/,LIFEC_0_20140611_232910_914.wav,LIFEC_20140611_232910_914.wav,A. Flipo,ChiroSp,ChiroSp,Secondary,ENVsp,5,Eptnil,5,2014,6,11,23,29,11/06/2014,23:29,11/06/2014,LIFEC_0,4,29,30,8,5,0,Renipont-plage,F. Donckels,Cours d'eau - rivière (3m< L< 10m),Bande boisée et alignement d'arbres,SM2-C,Plecotus Natura 2000
D:/documents Pierrette/SM2 BrabantWallon/Freddy/,LIFEC_0_20140611_232921_730.wav,LIFEC_20140611_232921_730.wav,A. Flipo,ChiroSp,ChiroSp,Secondary,ENVsp,0,Eptnil,0,2014,6,11,23,29,11/06/2014,23:29,11/06/2014,LIFEC_0,3,28,2,6,5,0,Renipont-plage,F. Donckels,Cours d'eau - rivière (3m< L< 10m),Bande boisée et alignement d'arbres,SM2-C,Plecotus Natura 2000
D:/documents Pierrette/SM2 BrabantWallon/Freddy/,LIFEC_0_20140611_232923_841.wav,LIFEC_20140611_232923_841.wav,A. Flipo,ChiroSp,ChiroSp,Secondary,ENVsp,3,Eptnil,3,2014,6,11,23,29,11/06/2014,23:29,11/06/2014,LIFEC_0,3,28,32,6,3,0,Renipont-plage,F. Donckels,Cours d'eau - rivière (3m< L< 10m),Bande boisée et alignement d'arbres,SM2-C,Plecotus Natura 2000
D:/documents Pierrette/SM2 BrabantWallon/Freddy/,LIFEC_0_20140611_232928_842.wav,LIFEC_20140611_232928_842.wav,A. Flipo,ENVsp,ENVsp,Secondary,ENVsp,6,Eptnil,4,2014,6,11,23,29,11/06/2014,23:29,11/06/2014,LIFEC_0,13,29,15,8,8,0,Renipont-plage,F. Donckels,Cours d'eau - rivière (3m< L< 10m),Bande boisée et alignement d'arbres,SM2-C,Plecotus Natura 2000
D:/documents Pierrette/SM2 BrabantWallon/Freddy/,LIFEC_0_20140611_232933_842.wav,LIFEC_20140611_232933_842.wav,A. Flipo,ChiroSp,ChiroSp,Secondary,ENVsp,1,Eptnil,1,2014,6,11,23,29,11/06/2014,23:29,11/06/2014,LIFEC_0,5,27,21,7,5,0,Renipont-plage,F. Donckels,Cours d'eau - rivière (3m< L< 10m),Bande boisée et alignement d'arbres,SM2-C,Plecotus Natura 2000
D:/documents Pierrette/SM2 BrabantWallon/Freddy/,LIFEC_0_20140611_232938_843.wav,LIFEC_20140611_232938_843.wav,A. Flipo,ChiroSp,ChiroSp,Secondary,ENVsp,4,Eptnil,4,2014,6,11,23,29,11/06/2014,23:29,11/06/2014,LIFEC_0,9,29,14,8,7,0,Renipont-plage,F. Donckels,Cours d'eau - rivière (3m< L< 10m),Bande boisée et alignement d'arbres,SM2-C,Plecotus Natura 2000
D:/documents Pierrette/SM2 BrabantWallon/Freddy/,LIFEC_0_20140611_232943_844.wav,LIFEC_20140611_232943_844.wav,A. Flipo,ENVsp,ENVsp,Secondary,ENVsp,9,Eptnil,3,2014,6,11,23,29,11/06/2014,23:29,11/06/2014,LIFEC_0,23,28,23,9,9,0,Renipont-plage,F. Donckels,Cours d'eau - rivière (3m< L< 10m),Bande boisée et alignement d'arbres,SM2-C,Plecotus Natura 2000
D:/documents Pierrette/SM2 BrabantWallon/Freddy/,LIFEC_0_20140611_232948_844.wav,LIFEC_20140611_232948_844.wav,A. Flipo,ENVsp,ENVsp,Secondary,ENVsp,7,Eptnil,2,2014,6,11,23,29,11/06/2014,23:29,11/06/2014,LIFEC_0,10,29,0,8,7,0,Renipont-plage,F. Donckels,Cours d'eau - rivière (3m< L< 10m),Bande boisée et alignement d'arbres,SM2-C,Plecotus Natura 2000
D:/documents Pierrette/SM2 BrabantWallon/Freddy/,LIFEC_0_20140611_233021_345.wav,LIFEC_20140611_233021_345.wav,A. Flipo,ChiroSp,ChiroSp,Secondary,ENVsp,3,Eptnil,3,2014,6,11,23,30,11/06/2014,23:30,11/06/2014,LIFEC_0,5,28,18,7,4,0,Renipont-plage,F. Donckels,Cours d'eau - rivière (3m< L< 10m),Bande boisée et alignement d'arbres,SM2-C,Plecotus Natura 2000
D:/documents Pierrette/SM2 BrabantWallon/Freddy/,LIFEC_0_20140611_233028_542.wav,LIFEC_20140611_233028_542.wav,A. Flipo,ChiroSp,ChiroSp,Secondary,ENVsp,2,Eptnil,2,2014,6,11,23,30,11/06/2014,23:30,11/06/2014,LIFEC_0,5,28,0,7,7,0,Renipont-plage,F. Donckels,Cours d'eau - rivière (3m< L< 10m),Bande boisée et alignement d'arbres,SM2-C,Plecotus Natura 2000
D:/documents Pierrette/SM2 BrabantWallon/Freddy/,LIFEC_0_20140611_233034_028.wav,LIFEC_20140611_233034_028.wav,A. Flipo,ENVsp,ENVsp,Secondary,ENVsp,8,Eptnil,3,2014,6,11,23,30,11/06/2014,23:30,11/06/2014,LIFEC_0,7,29,31,7,5,0,Renipont-plage,F. Donckels,Cours d'eau - rivière (3m< L< 10m),Bande boisée et alignement d'arbres,SM2-C,Plecotus Natura 2000
D:/documents Pierrette/SM2 BrabantWallon/Freddy/,LIFEC_0_20140611_233053_440.wav,LIFEC_20140611_233053_440.wav,A. Flipo,ChiroSp,ChiroSp,Secondary,ENVsp,1,Eptnil,1,2014,6,11,23,30,11/06/2014,23:30,11/06/2014,LIFEC_0,9,27,57,8,5,0,Renipont-plage,F. Donckels,Cours d'eau - rivière (3m< L< 10m),Bande boisée et alignement d'arbres,SM2-C,Plecotus Natura 2000
D:/documents Pierrette/SM2 BrabantWallon/Freddy/,LIFEC_0_20140611_233129_218.wav,LIFEC_20140611_233129_218.wav,A. Flipo,ChiroSp,ChiroSp,Secondary,ENVsp,1,Eptnil,1,2014,6,11,23,31,11/06/2014,23:31,11/06/2014,LIFEC_0,5,29,26,7,4,0,Renipont-plage,F. Donckels,Cours d'eau - rivière (3m< L< 10m),Bande boisée et alignement d'arbres,SM2-C,Plecotus Natura 2000
D:/documents Pierrette/SM2 BrabantWallon/Freddy/,LIFEC_0_20140611_233139_220.wav,LIFEC_20140611_233139_220.wav,A. Flipo,ChiroSp,ChiroSp,Secondary,ENVsp,0,Eptnil,0,2014,6,11,23,31,11/06/2014,23:31,11/06/2014,LIFEC_0,3,28,25,6,4,0,Renipont-plage,F. Donckels,Cours d'eau - rivière (3m< L< 10m),Bande boisée et alignement d'arbres,SM2-C,Plecotus Natura 2000
D:/documents Pierrette/SM2 BrabantWallon/Freddy/,LIFEC_0_20140611_233219_129.wav,LIFEC_20140611_233219_129.wav,A. Flipo,ChiroSp,ChiroSp,Secondary,ENVsp,3,Eptnil,2,2014,6,11,23,32,11/06/2014,23:32,11/06/2014,LIFEC_0,7,29,39,7,7,0,Renipont-plage,F. Donckels,Cours d'eau - rivière (3m< L< 10m),Bande boisée et alignement d'arbres,SM2-C,Plecotus Natura 2000
D:/documents Pierrette/SM2 BrabantWallon/Freddy/,LIFEC_0_20140611_233224_130.wav,LIFEC_20140611_233224_130.wav,A. Flipo,ChiroSp,ChiroSp,Secondary,ENVsp,5,Eptnil,3,2014,6,11,23,32,11/06/2014,23:32,11/06/2014,LIFEC_0,9,28,66,8,3,0,Renipont-plage,F. Donckels,Cours d'eau - rivière (3m< L< 10m),Bande boisée et alignement d'arbres,SM2-C,Plecotus Natura 2000
D:/documents Pierrette/SM2 BrabantWallon/Freddy/,LIFEC_0_20140611_233238_265.wav,LIFEC_20140611_233238_265.wav,A. Flipo,ChiroSp,ChiroSp,Secondary,ENVsp,0,Eptnil,0,2014,6,11,23,32,11/06/2014,23:32,11/06/2014,LIFEC_0,7,27,38,7,3,0,Renipont-plage,F. Donckels,Cours d'eau - rivière (3m< L< 10m),Bande boisée et alignement d'arbres,SM2-C,Plecotus Natura 2000
D:/documents Pierrette/SM2 BrabantWallon/Freddy/,LIFEC_0_20140611_233243_266.wav,LIFEC_20140611_233243_266.wav,A. Flipo,ChiroSp,ChiroSp,Secondary,ENVsp,3,Eptnil,2,2014,6,11,23,32,11/06/2014,23:32,11/06/2014,LIFEC_0,15,28,0,8,8,0,Renipont-plage,F. Donckels,Cours d'eau - rivière (3m< L< 10m),Bande boisée et alignement d'arbres,SM2-C,Plecotus Natura 2000
D:/documents Pierrette/SM2 BrabantWallon/Freddy/,LIFEC_0_20140611_233248_266.wav,LIFEC_20140611_233248_266.wav,A. Flipo,ChiroSp,ChiroSp,Secondary,ENVsp,2,Eptnil,1,2014,6,11,23,32,11/06/2014,23:32,11/06/2014,LIFEC_0,12,27,0,8,8,0,Renipont-plage,F. Donckels,Cours d'eau - rivière (3m< L< 10m),Bande boisée et alignement d'arbres,SM2-C,Plecotus Natura 2000
D:/documents Pierrette/SM2 BrabantWallon/Freddy/,LIFEC_0_20140611_233250_872.wav,LIFEC_20140611_233250_872.wav,A. Flipo,ChiroSp,ChiroSp,Secondary,ENVsp,5,Eptnil,5,2014,6,11,23,32,11/06/2014,23:32,11/06/2014,LIFEC_0,11,28,41,7,8,0,Renipont-plage,F. Donckels,Cours d'eau - rivière (3m< L< 10m),Bande boisée et alignement d'arbres,SM2-C,Plecotus Natura 2000
D:/documents Pierrette/SM2 BrabantWallon/Freddy/,LIFEC_0_20140611_233305_874.wav,LIFEC_20140611_233305_874.wav,A. Flipo,ChiroSp,ChiroSp,Secondary,ENVsp,3,Eptnil,3,2014,6,11,23,33,11/06/2014,23:33,11/06/2014,LIFEC_0,23,29,35,7,7,1,Renipont-plage,F. Donckels,Cours d'eau - rivière (3m< L< 10m),Bande boisée et alignement d'arbres,SM2-C,Plecotus Natura 2000
D:/documents Pierrette/SM2 BrabantWallon/Freddy/,LIFEC_0_20140611_233332_186.wav,LIFEC_20140611_233332_186.wav,A. Flipo,ChiroSp,ChiroSp,Secondary,ENVsp,4,Eptnil,4,2014,6,11,23,33,11/06/2014,23:33,11/06/2014,LIFEC_0,5,29,0,7,6,0,Renipont-plage,F. Donckels,Cours d'eau - rivière (3m< L< 10m),Bande boisée et alignement d'arbres,SM2-C,Plecotus Natura 2000
D:/documents Pierrette/SM2 BrabantWallon/Freddy/,LIFEC_0_20140611_233411_472.wav,LIFEC_20140611_233411_472.wav,A. Flipo,ChiroSp,ChiroSp,Secondary,ENVsp,5,Eptnil,4,2014,6,11,23,34,11/06/2014,23:34,11/06/2014,LIFEC_0,13,29,0,8,8,0,Renipont-plage,F. Donckels,Cours d'eau - rivière (3m< L< 10m),Bande boisée et alignement d'arbres,SM2-C,Plecotus Natura 2000
D:/documents Pierrette/SM2 BrabantWallon/Freddy/,LIFEC_0_20140611_233419_067.wav,LIFEC_20140611_233419_067.wav,A. Flipo,ChiroSp,ChiroSp,Secondary,ENVsp,5,Eptnil,5,2014,6,11,23,34,11/06/2014,23:34,11/06/2014,LIFEC_0,25,29,33,8,7,3,Renipont-plage,F. Donckels,Cours d'eau - rivière (3m< L< 10m),Bande boisée et alignement d'arbres,SM2-C,Plecotus Natura 2000
D:/documents Pierrette/SM2 BrabantWallon/Freddy/,LIFEC_0_20140611_233429_068.wav,LIFEC_20140611_233429_068.wav,A. Flipo,ChiroSp,ChiroSp,Secondary,ENVsp,5,Eptnil,3,2014,6,11,23,34,11/06/2014,23:34,11/06/2014,LIFEC_0,26,29,24,9,9,0,Renipont-plage,F. Donckels,Cours d'eau - rivière (3m< L< 10m),Bande boisée et alignement d'arbres,SM2-C,Plecotus Natura 2000
D:/documents Pierrette/SM2 BrabantWallon/Freddy/,LIFEC_0_20140611_233434_069.wav,LIFEC_20140611_233434_069.wav,A. Flipo,Eptser,Eptnil,Secondary,ENVsp,6,Eptnil,6,2014,6,11,23,34,11/06/2014,23:34,11/06/2014,LIFEC_0,2,29,97,6,1,0,Renipont-plage,F. Donckels,Cours d'eau - rivière (3m< L< 10m),Bande boisée et alignement d'arbres,SM2-C,Plecotus Natura 2000
D:/documents Pierrette/SM2 BrabantWallon/Freddy/,LIFEC_0_20140611_233441_223.wav,LIFEC_20140611_233441_223.wav,A. Flipo,Eptser,Eptnil,Secondary,ENVsp,6,Eptnil,6,2014,6,11,23,34,11/06/2014,23:34,11/06/2014,LIFEC_0,5,29,0,8,5,0,Renipont-plage,F. Donckels,Cours d'eau - rivière (3m< L< 10m),Bande boisée et alignement d'arbres,SM2-C,Plecotus Natura 2000
D:/documents Pierrette/SM2 BrabantWallon/Freddy/,LIFEC_0_20140611_233512_104.wav,LIFEC_20140611_233512_104.wav,A. Flipo,ChiroSp,ChiroSp,Secondary,ENVsp,1,Eptnil,1,2014,6,11,23,35,11/06/2014,23:35,11/06/2014,LIFEC_0,4,29,12,6,4,0,Renipont-plage,F. Donckels,Cours d'eau - rivière (3m< L< 10m),Bande boisée et alignement d'arbres,SM2-C,Plecotus Natura 2000
D:/documents Pierrette/SM2 BrabantWallon/Freddy/,LIFEC_0_20140611_233528_345.wav,LIFEC_20140611_233528_345.wav,A. Flipo,ChiroSp,ChiroSp,Secondary,ENVsp,4,Eptnil,4,2014,6,11,23,35,11/06/2014,23:35,11/06/2014,LIFEC_0,4,27,27,7,5,0,Renipont-plage,F. Donckels,Cours d'eau - rivière (3m< L< 10m),Bande boisée et alignement d'arbres,SM2-C,Plecotus Natura 2000
D:/documents Pierrette/SM2 BrabantWallon/Freddy/,LIFEC_0_20140611_233632_800.wav,LIFEC_20140611_233632_800.wav,A. Flipo,ENVsp,Eptnil,Secondary,ENVsp,10,Eptnil,6,2014,6,11,23,36,11/06/2014,23:36,11/06/2014,LIFEC_0,8,29,77,10,5,0,Renipont-plage,F. Donckels,Cours d'eau - rivière (3m< L< 10m),Bande boisée et alignement d'arbres,SM2-C,Plecotus Natura 2000
D:/documents Pierrette/SM2 BrabantWallon/Freddy/,LIFEC_0_20140611_233732_210.wav,LIFEC_20140611_233732_210.wav,A. Flipo,ChiroSp,ChiroSp,Secondary,ENVsp,4,Eptnil,4,2014,6,11,23,37,11/06/2014,23:37,11/06/2014,LIFEC_0,3,27,8,7,4,0,Renipont-plage,F. Donckels,Cours d'eau - rivière (3m< L< 10m),Bande boisée et alignement d'arbres,SM2-C,Plecotus Natura 2000
D:/documents Pierrette/SM2 BrabantWallon/Freddy/,LIFEC_0_20140611_233818_482.wav,LIFEC_20140611_233818_482.wav,A. Flipo,ChiroSp,ChiroSp,Secondary,ENVsp,3,Eptnil,3,2014,6,11,23,38,11/06/2014,23:38,11/06/2014,LIFEC_0,8,28,26,7,5,0,Renipont-plage,F. Donckels,Cours d'eau - rivière (3m< L< 10m),Bande boisée et alignement d'arbres,SM2-C,Plecotus Natura 2000
D:/documents Pierrette/SM2 BrabantWallon/Freddy/,LIFEC_0_20140611_233850_727.wav,LIFEC_20140611_233850_727.wav,A. Flipo,ChiroSp,ChiroSp,Secondary,ENVsp,4,Eptnil,0,2014,6,11,23,38,11/06/2014,23:38,11/06/2014,LIFEC_0,6,27,34,8,6,0,Renipont-plage,F. Donckels,Cours d'eau - rivière (3m< L< 10m),Bande boisée et alignement d'arbres,SM2-C,Plecotus Natura 2000
D:/documents Pierrette/SM2 BrabantWallon/Freddy/,LIFEC_0_20140611_233926_467.wav,LIFEC_20140611_233926_467.wav,A. Flipo,ChiroSp,ChiroSp,Secondary,ENVsp,1,Eptnil,0,2014,6,11,23,39,11/06/2014,23:39,11/06/2014,LIFEC_0,9,27,0,8,6,0,Renipont-plage,F. Donckels,Cours d'eau - rivière (3m< L< 10m),Bande boisée et alignement d'arbres,SM2-C,Plecotus Natura 2000
D:/documents Pierrette/SM2 BrabantWallon/Freddy/,LIFEC_0_20140611_233952_333.wav,LIFEC_20140611_233952_333.wav,A. Flipo,ChiroSp,ChiroSp,Secondary,ENVsp,1,Eptnil,0,2014,6,11,23,39,11/06/2014,23:39,11/06/2014,LIFEC_0,13,28,29,7,8,2,Renipont-plage,F. Donckels,Cours d'eau - rivière (3m< L< 10m),Bande boisée et alignement d'arbres,SM2-C,Plecotus Natura 2000
D:/documents Pierrette/SM2 BrabantWallon/Freddy/,LIFEC_0_20140611_234116_034.wav,LIFEC_20140611_234116_034.wav,A. Flipo,ChiroSp,ChiroSp,Secondary,ENVsp,3,Eptnil,2,2014,6,11,23,41,11/06/2014,23:41,11/06/2014,LIFEC_0,17,27,21,8,7,0,Renipont-plage,F. Donckels,Cours d'eau - rivière (3m< L< 10m),Bande boisée et alignement d'arbres,SM2-C,Plecotus Natura 2000
D:/documents Pierrette/SM2 BrabantWallon/Freddy/,LIFEC_0_20140611_234211_074.wav,LIFEC_20140611_234211_074.wav,A. Flipo,ChiroSp,ChiroSp,Secondary,ENVsp,5,Eptnil,2,2014,6,11,23,42,11/06/2014,23:42,11/06/2014,LIFEC_0,11,28,24,8,6,0,Renipont-plage,F. Donckels,Cours d'eau - rivière (3m< L< 10m),Bande boisée et alignement d'arbres,SM2-C,Plecotus Natura 2000
D:/documents Pierrette/SM2 BrabantWallon/Freddy/,LIFEC_0_20140611_234310_070.wav,LIFEC_20140611_234310_070.wav,A. Flipo,ENVsp,Eptnil,Secondary,ENVsp,10,Eptnil,6,2014,6,11,23,43,11/06/2014,23:43,11/06/2014,LIFEC_0,4,29,121,7,0,0,Renipont-plage,F. Donckels,Cours d'eau - rivière (3m< L< 10m),Bande boisée et alignement d'arbres,SM2-C,Plecotus Natura 2000
D:/documents Pierrette/SM2 BrabantWallon/Freddy/,LIFEC_0_20140611_234325_408.wav,LIFEC_20140611_234325_408.wav,A. Flipo,ChiroSp,ChiroSp,Secondary,ENVsp,0,Eptnil,0,2014,6,11,23,43,11/06/2014,23:43,11/06/2014,LIFEC_0,4,28,90,6,2,0,Renipont-plage,F. Donckels,Cours d'eau - rivière (3m< L< 10m),Bande boisée et alignement d'arbres,SM2-C,Plecotus Natura 2000
D:/documents Pierrette/SM2 BrabantWallon/Freddy/,LIFEC_0_20140611_234420_567.wav,LIFEC_20140611_234420_567.wav,A. Flipo,ChiroSp,ChiroSp,Secondary,ENVsp,5,Eptnil,2,2014,6,11,23,44,11/06/2014,23:44,11/06/2014,LIFEC_0,24,28,32,9,8,0,Renipont-plage,F. Donckels,Cours d'eau - rivière (3m< L< 10m),Bande boisée et alignement d'arbres,SM2-C,Plecotus Natura 2000
D:/documents Pierrette/SM2 BrabantWallon/Freddy/,LIFEC_0_20140611_234817_569.wav,LIFEC_20140611_234817_569.wav,A. Flipo,ChiroSp,ChiroSp,Secondary,ENVsp,4,Eptnil,1,2014,6,11,23,48,11/06/2014,23:48,11/06/2014,LIFEC_0,12,29,0,8,6,0,Renipont-plage,F. Donckels,Cours d'eau - rivière (3m< L< 10m),Bande boisée et alignement d'arbres,SM2-C,Plecotus Natura 2000
D:/documents Pierrette/SM2 BrabantWallon/Freddy/,LIFEC_0_20140611_234904_000.wav,LIFEC_20140611_234904_000.wav,A. Flipo,ChiroSp,ChiroSp,Secondary,ENVsp,5,Eptnil,5,2014,6,11,23,49,11/06/2014,23:49,11/06/2014,LIFEC_0,5,29,15,6,4,0,Renipont-plage,F. Donckels,Cours d'eau - rivière (3m< L< 10m),Bande boisée et alignement d'arbres,SM2-C,Plecotus Natura 2000
D:/documents Pierrette/SM2 BrabantWallon/Freddy/,LIFEC_0_20140612_015447_468.wav,LIFEC_20140612_015447_468.wav,A. Flipo,PippiT,ChiroSp,Secondary,Pip35,0,Pipkuh,0,2014,6,12,1,54,12/06/2014,1:54,11/06/2014,LIFEC_0,2,43,18,4,2,0,Renipont-plage,F. Donckels,Cours d'eau - rivière (3m< L< 10m),Bande boisée et alignement d'arbres,SM2-C,Plecotus Natura 2000
D:/documents Pierrette/SM2 BrabantWallon/Freddy/,LIFEC_0_20140612_033112_131.wav,LIFEC_20140612_033112_131.wav,A. Flipo,ChiroSp,ChiroSp,Main,Pip35,0,Pipkuh,0,2014,6,12,3,31,12/06/2014,3:31,11/06/2014,LIFEC_0,4,44,0,6,0,0,Renipont-plage,F. Donckels,Cours d'eau - rivière (3m< L< 10m),Bande boisée et alignement d'arbres,SM2-C,Plecotus Natura 2000
D:/documents Pierrette/SM2 BrabantWallon/Freddy/,LIFEC_0_20140612_043257_362.wav,LIFEC_20140612_043257_362.wav,A. Flipo,ENVsp,ENVsp,Secondary,ENVsp,10,Vesmur,0,2014,6,12,4,32,12/06/2014,4:32,11/06/2014,LIFEC_0,9,25,48,10,3,0,Renipont-plage,F. Donckels,Cours d'eau - rivière (3m< L< 10m),Bande boisée et alignement d'arbres,SM2-C,Plecotus Natura 2000
D:/documents Pierrette/SM2 BrabantWallon/Freddy/,LIFEC_0_20140612_043634_810.wav,LIFEC_20140612_043634_810.wav,A. Flipo,ENVsp,ENVsp,Main,ENVsp,10,Vesmur,0,2014,6,12,4,36,12/06/2014,4:36,11/06/2014,LIFEC_0,7,25,134,10,0,0,Renipont-plage,F. Donckels,Cours d'eau - rivière (3m< L< 10m),Bande boisée et alignement d'arbres,SM2-C,Plecotus Natura 2000
D:/documents Pierrette/SM2 BrabantWallon/Freddy/,LIFEC_0_20140612_043944_022.wav,LIFEC_20140612_043944_022.wav,A. Flipo,ENVsp,ENVsp,Secondary,ENVsp,10,Vesmur,0,2014,6,12,4,39,12/06/2014,4:39,11/06/2014,LIFEC_0,5,25,28,9,5,0,Renipont-plage,F. Donckels,Cours d'eau - rivière (3m< L< 10m),Bande boisée et alignement d'arbres,SM2-C,Plecotus Natura 2000
D:/documents Pierrette/SM2 BrabantWallon/Freddy/,LIFEC_0_20140612_044039_613.wav,LIFEC_20140612_044039_613.wav,A. Flipo,ENVsp,ENVsp,Secondary,ENVsp,9,Vesmur,0,2014,6,12,4,40,12/06/2014,4:40,11/06/2014,LIFEC_0,8,26,0,9,3,0,Renipont-plage,F. Donckels,Cours d'eau - rivière (3m< L< 10m),Bande boisée et alignement d'arbres,SM2-C,Plecotus Natura 2000
D:/documents Pierrette/SM2 BrabantWallon/Freddy/,LIFEC_0_20140612_045251_763.wav,LIFEC_20140612_045251_763.wav,A. Flipo,ENVsp,ENVsp,Secondary,ENVsp,10,Vesmur,3,2014,6,12,4,52,12/06/2014,4:52,11/06/2014,LIFEC_0,5,24,257,8,0,0,Renipont-plage,F. Donckels,Cours d'eau - rivière (3m< L< 10m),Bande boisée et alignement d'arbres,SM2-C,Plecotus Natura 2000
D:/documents Pierrette/SM2 BrabantWallon/Freddy/,LIFEC_0_20140612_224028_894.wav,LIFEC_20140612_224028_894.wav,A. Flipo,ChiroSp,ChiroSp,Secondary,Pip35,2,Pipkuh,0,2014,6,12,22,40,12/06/2014,22:40,12/06/2014,LIFEC_0,6,42,0,4,3,0,Renipont-plage,F. Donckels,Cours d'eau - rivière (3m< L< 10m),Bande boisée et alignement d'arbres,SM2-C,Plecotus Natura 2000
D:/documents Pierrette/SM2 BrabantWallon/Freddy/,LIFEC_0_20140612_232018_914.wav,LIFEC_20140612_232018_914.wav,A. Flipo,ChiroSp,ChiroSp,Secondary,ENVsp,5,Eptnil,2,2014,6,12,23,20,12/06/2014,23:20,12/06/2014,LIFEC_0,19,28,38,8,8,0,Renipont-plage,F. Donckels,Cours d'eau - rivière (3m< L< 10m),Bande boisée et alignement d'arbres,SM2-C,Plecotus Natura 2000
D:/documents Pierrette/SM2 BrabantWallon/Freddy/,LIFEC_0_20140612_232054_064.wav,LIFEC_20140612_232054_064.wav,P. Nyssen,PippiT,PippiT,Main,Pip50,10,PippiT,10,2014,6,12,23,20,12/06/2014,23:20,12/06/2014,LIFEC_0,132,53,0,7,5,4,Renipont-plage,F. Donckels,Cours d'eau - rivière (3m< L< 10m),Bande boisée et alignement d'arbres,SM2-C,Plecotus Natura 2000
D:/documents Pierrette/SM2 BrabantWallon/Freddy/,LIFEC_0_20140612_232054_064.wav,LIFEC_20140612_232054_064.wav,P. Nyssen,Nycnoc,,Tertiary,,,,,2014,6,12,23,20,12/06/2014,23:20,12/06/2014,LIFEC_0,9,29,0,7,6,0,Renipont-plage,F. Donckels,Cours d'eau - rivière (3m< L< 10m),Bande boisée et alignement d'arbres,SM2-C,Plecotus Natura 2000
D:/documents Pierrette/SM2 BrabantWallon/Freddy/,LIFEC_0_20140612_232054_064.wav,LIFEC_20140612_232054_064.wav,P. Nyssen,Eptser,Eptnil,Secondary,ENVsp,9,Eptnil,6,2014,6,12,23,20,12/06/2014,23:20,12/06/2014,LIFEC_0,9,29,0,7,6,0,Renipont-plage,F. Donckels,Cours d'eau - rivière (3m< L< 10m),Bande boisée et alignement d'arbres,SM2-C,Plecotus Natura 2000
D:/documents Pierrette/SM2 BrabantWallon/Freddy/,LIFEC_0_20140612_232114_067.wav,LIFEC_20140612_232114_067.wav,A. Flipo,ChiroSp,ChiroSp,Secondary,ENVsp,4,Eptnil,3,2014,6,12,23,21,12/06/2014,23:21,12/06/2014,LIFEC_0,7,27,0,7,8,0,Renipont-plage,F. Donckels,Cours d'eau - rivière (3m< L< 10m),Bande boisée et alignement d'arbres,SM2-C,Plecotus Natura 2000
D:/documents Pierrette/SM2 BrabantWallon/Freddy/,LIFEC_0_20140612_232122_856.wav,LIFEC_20140612_232122_856.wav,A. Flipo,ChiroSp,ChiroSp,Secondary,ENVsp,4,Eptnil,4,2014,6,12,23,21,12/06/2014,23:21,12/06/2014,LIFEC_0,18,28,22,7,8,0,Renipont-plage,F. Donckels,Cours d'eau - rivière (3m< L< 10m),Bande boisée et alignement d'arbres,SM2-C,Plecotus Natura 2000
D:/documents Pierrette/SM2 BrabantWallon/Freddy/,LIFEC_0_20140612_232244_510.wav,LIFEC_20140612_232244_510.wav,A. Flipo,ChiroSp,ChiroSp,Secondary,ENVsp,2,Eptnil,1,2014,6,12,23,22,12/06/2014,23:22,12/06/2014,LIFEC_0,3,26,13,7,3,0,Renipont-plage,F. Donckels,Cours d'eau - rivière (3m< L< 10m),Bande boisée et alignement d'arbres,SM2-C,Plecotus Natura 2000
D:/documents Pierrette/SM2 BrabantWallon/Freddy/,LIFEC_0_20140612_232301_958.wav,LIFEC_20140612_232301_958.wav,A. Flipo,ChiroSp,ChiroSp,Secondary,ENVsp,5,Eptnil,2,2014,6,12,23,23,12/06/2014,23:23,12/06/2014,LIFEC_0,15,27,0,9,7,0,Renipont-plage,F. Donckels,Cours d'eau - rivière (3m< L< 10m),Bande boisée et alignement d'arbres,SM2-C,Plecotus Natura 2000
D:/documents Pierrette/SM2 BrabantWallon/Freddy/,LIFEC_0_20140612_232316_960.wav,LIFEC_20140612_232316_960.wav,A. Flipo,ChiroSp,ChiroSp,Secondary,ENVsp,4,Eptnil,2,2014,6,12,23,23,12/06/2014,23:23,12/06/2014,LIFEC_0,18,27,0,9,9,0,Renipont-plage,F. Donckels,Cours d'eau - rivière (3m< L< 10m),Bande boisée et alignement d'arbres,SM2-C,Plecotus Natura 2000
D:/documents Pierrette/SM2 BrabantWallon/Freddy/,LIFEC_0_20140612_232533_992.wav,LIFEC_20140612_232533_992.wav,A. Flipo,ChiroSp,ChiroSp,Secondary,ENVsp,0,Eptnil,0,2014,6,12,23,25,12/06/2014,23:25,12/06/2014,LIFEC_0,4,26,13,9,4,0,Renipont-plage,F. Donckels,Cours d'eau - rivière (3m< L< 10m),Bande boisée et alignement d'arbres,SM2-C,Plecotus Natura 2000
D:/documents Pierrette/SM2 BrabantWallon/Freddy/,LIFEC_0_20140612_232541_646.wav,LIFEC_20140612_232541_646.wav,A. Flipo,ChiroSp,ChiroSp,Secondary,ENVsp,5,Eptnil,5,2014,6,12,23,25,12/06/2014,23:25,12/06/2014,LIFEC_0,29,28,45,8,8,0,Renipont-plage,F. Donckels,Cours d'eau - rivière (3m< L< 10m),Bande boisée et alignement d'arbres,SM2-C,Plecotus Natura 2000
D:/documents Pierrette/SM2 BrabantWallon/Freddy/,LIFEC_0_20140612_232845_700.wav,LIFEC_20140612_232845_700.wav,A. Flipo,ChiroSp,ChiroSp,Secondary,ENVsp,0,Eptnil,0,2014,6,12,23,28,12/06/2014,23:28,12/06/2014,LIFEC_0,4,26,15,7,5,0,Renipont-plage,F. Donckels,Cours d'eau - rivière (3m< L< 10m),Bande boisée et alignement d'arbres,SM2-C,Plecotus Natura 2000
D:/documents Pierrette/SM2 BrabantWallon/Freddy/,LIFEC_0_20140612_232935_672.wav,LIFEC_20140612_232935_672.wav,A. Flipo,ChiroSp,ChiroSp,Secondary,ENVsp,3,Eptnil,0,2014,6,12,23,29,12/06/2014,23:29,12/06/2014,LIFEC_0,9,27,18,8,8,0,Renipont-plage,F. Donckels,Cours d'eau - rivière (3m< L< 10m),Bande boisée et alignement d'arbres,SM2-C,Plecotus Natura 2000
D:/documents Pierrette/SM2 BrabantWallon/Freddy/,LIFEC_0_20140612_233039_469.wav,LIFEC_20140612_233039_469.wav,A. Flipo,ChiroSp,ChiroSp,Secondary,ENVsp,4,Eptnil,0,2014,6,12,23,30,12/06/2014,23:30,12/06/2014,LIFEC_0,8,28,27,9,5,0,Renipont-plage,F. Donckels,Cours d'eau - rivière (3m< L< 10m),Bande boisée et alignement d'arbres,SM2-C,Plecotus Natura 2000
D:/documents Pierrette/SM2 BrabantWallon/Freddy/,LIFEC_0_20140612_233133_857.wav,LIFEC_20140612_233133_857.wav,A. Flipo,ChiroSp,ChiroSp,Secondary,ENVsp,1,Eptnil,0,2014,6,12,23,31,12/06/2014,23:31,12/06/2014,LIFEC_0,13,27,0,7,7,0,Renipont-plage,F. Donckels,Cours d'eau - rivière (3m< L< 10m),Bande boisée et alignement d'arbres,SM2-C,Plecotus Natura 2000
D:/documents Pierrette/SM2 BrabantWallon/Freddy/,LIFEC_0_20140612_233200_768.wav,LIFEC_20140612_233200_768.wav,A. Flipo,ChiroSp,ChiroSp,Secondary,ENVsp,4,Eptnil,4,2014,6,12,23,32,12/06/2014,23:32,12/06/2014,LIFEC_0,11,28,27,7,6,0,Renipont-plage,F. Donckels,Cours d'eau - rivière (3m< L< 10m),Bande boisée et alignement d'arbres,SM2-C,Plecotus Natura 2000
D:/documents Pierrette/SM2 BrabantWallon/Freddy/,LIFEC_0_20140612_233407_816.wav,LIFEC_20140612_233407_816.wav,A. Flipo,ChiroSp,ChiroSp,Secondary,ENVsp,5,Eptnil,0,2014,6,12,23,34,12/06/2014,23:34,12/06/2014,LIFEC_0,4,27,0,10,8,0,Renipont-plage,F. Donckels,Cours d'eau - rivière (3m< L< 10m),Bande boisée et alignement d'arbres,SM2-C,Plecotus Natura 2000
D:/documents Pierrette/SM2 BrabantWallon/Freddy/,LIFEC_0_20140612_233422_818.wav,LIFEC_20140612_233422_818.wav,A. Flipo,ChiroSp,ChiroSp,Secondary,ENVsp,4,Eptnil,2,2014,6,12,23,34,12/06/2014,23:34,12/06/2014,LIFEC_0,8,27,17,8,9,0,Renipont-plage,F. Donckels,Cours d'eau - rivière (3m< L< 10m),Bande boisée et alignement d'arbres,SM2-C,Plecotus Natura 2000
D:/documents Pierrette/SM2 BrabantWallon/Freddy/,LIFEC_0_20140612_233429_840.wav,LIFEC_20140612_233429_840.wav,A. Flipo,Eptser,Eptnil,Main,ENVsp,8,Eptnil,8,2014,6,12,23,34,12/06/2014,23:34,12/06/2014,LIFEC_0,1,28,0,7,0,0,Renipont-plage,F. Donckels,Cours d'eau - rivière (3m< L< 10m),Bande boisée et alignement d'arbres,SM2-C,Plecotus Natura 2000
D:/documents Pierrette/SM2 BrabantWallon/Freddy/,LIFEC_0_20140612_233528_657.wav,LIFEC_20140612_233528_657.wav,A. Flipo,ChiroSp,ChiroSp,Secondary,ENVsp,4,Eptnil,0,2014,6,12,23,35,12/06/2014,23:35,12/06/2014,LIFEC_0,8,27,0,9,7,0,Renipont-plage,F. Donckels,Cours d'eau - rivière (3m< L< 10m),Bande boisée et alignement d'arbres,SM2-C,Plecotus Natura 2000
D:/documents Pierrette/SM2 BrabantWallon/Freddy/,LIFEC_0_20140612_233714_756.wav,LIFEC_20140612_233714_756.wav,A. Flipo,Eptser,ENVsp,Secondary,ENVsp,6,Eptnil,2,2014,6,12,23,37,12/06/2014,23:37,12/06/2014,LIFEC_0,18,27,0,9,7,0,Renipont-plage,F. Donckels,Cours d'eau - rivière (3m< L< 10m),Bande boisée et alignement d'arbres,SM2-C,Plecotus Natura 2000
D:/documents Pierrette/SM2 BrabantWallon/Freddy/,LIFEC_0_20140612_233758_952.wav,LIFEC_20140612_233758_952.wav,A. Flipo,ENVsp,ENVsp,Secondary,ENVsp,10,Eptnil,2,2014,6,12,23,37,12/06/2014,23:37,12/06/2014,LIFEC_0,15,26,0,10,9,0,Renipont-plage,F. Donckels,Cours d'eau - rivière (3m< L< 10m),Bande boisée et alignement d'arbres,SM2-C,Plecotus Natura 2000
D:/documents Pierrette/SM2 BrabantWallon/Freddy/,LIFEC_0_20140612_233807_134.wav,LIFEC_20140612_233807_134.wav,A. Flipo,ChiroSp,ChiroSp,Secondary,ENVsp,4,Eptnil,2,2014,6,12,23,38,12/06/2014,23:38,12/06/2014,LIFEC_0,8,27,14,9,8,0,Renipont-plage,F. Donckels,Cours d'eau - rivière (3m< L< 10m),Bande boisée et alignement d'arbres,SM2-C,Plecotus Natura 2000
D:/documents Pierrette/SM2 BrabantWallon/Freddy/,LIFEC_0_20140612_233820_876.wav,LIFEC_20140612_233820_876.wav,A. Flipo,ChiroSp,ChiroSp,Secondary,ENVsp,4,Eptnil,2,2014,6,12,23,38,12/06/2014,23:38,12/06/2014,LIFEC_0,14,27,11,8,8,0,Renipont-plage,F. Donckels,Cours d'eau - rivière (3m< L< 10m),Bande boisée et alignement d'arbres,SM2-C,Plecotus Natura 2000
D:/documents Pierrette/SM2 BrabantWallon/Freddy/,LIFEC_0_20140612_233913_967.wav,LIFEC_20140612_233913_967.wav,A. Flipo,ChiroSp,ChiroSp,Secondary,ENVsp,5,Eptnil,2,2014,6,12,23,39,12/06/2014,23:39,12/06/2014,LIFEC_0,8,27,0,9,9,0,Renipont-plage,F. Donckels,Cours d'eau - rivière (3m< L< 10m),Bande boisée et alignement d'arbres,SM2-C,Plecotus Natura 2000
D:/documents Pierrette/SM2 BrabantWallon/Freddy/,LIFEC_0_20140612_234038_395.wav,LIFEC_20140612_234038_395.wav,T. Kinet,Nycnoc,ENVsp,Secondary,ENVsp,6,Nyclei,5,2014,6,12,23,40,12/06/2014,23:40,12/06/2014,LIFEC_0,5,25,0,8,5,0,Renipont-plage,F. Donckels,Cours d'eau - rivière (3m< L< 10m),Bande boisée et alignement d'arbres,SM2-C,Plecotus Natura 2000
D:/documents Pierrette/SM2 BrabantWallon/Freddy/,LIFEC_0_20140612_234038_395.wav,LIFEC_20140612_234038_395.wav,T. Kinet,Nyclei,,Tertiary,,,,5,2014,6,12,23,40,12/06/2014,23:40,12/06/2014,LIFEC_0,5,25,0,8,5,0,Renipont-plage,F. Donckels,Cours d'eau - rivière (3m< L< 10m),Bande boisée et alignement d'arbres,SM2-C,Plecotus Natura 2000
D:/documents Pierrette/SM2 BrabantWallon/Freddy/,LIFEC_0_20140612_234213_402.wav,LIFEC_20140612_234213_402.wav,A. Flipo,ChiroSp,ChiroSp,Secondary,ENVsp,3,Eptnil,0,2014,6,12,23,42,12/06/2014,23:42,12/06/2014,LIFEC_0,4,26,25,10,3,0,Renipont-plage,F. Donckels,Cours d'eau - rivière (3m< L< 10m),Bande boisée et alignement d'arbres,SM2-C,Plecotus Natura 2000
D:/documents Pierrette/SM2 BrabantWallon/Freddy/,LIFEC_0_20140612_234456_408.wav,LIFEC_20140612_234456_408.wav,A. Flipo,ChiroSp,ChiroSp,Secondary,ENVsp,5,Eptnil,2,2014,6,12,23,44,12/06/2014,23:44,12/06/2014,LIFEC_0,16,27,42,8,7,0,Renipont-plage,F. Donckels,Cours d'eau - rivière (3m< L< 10m),Bande boisée et alignement d'arbres,SM2-C,Plecotus Natura 2000
D:/documents Pierrette/SM2 BrabantWallon/Freddy/,LIFEC_0_20140612_235123_393.wav,LIFEC_20140612_235123_393.wav,A. Flipo,ChiroSp,ChiroSp,Secondary,ENVsp,0,Eptnil,0,2014,6,12,23,51,12/06/2014,23:51,12/06/2014,LIFEC_0,5,27,4,7,5,0,Renipont-plage,F. Donckels,Cours d'eau - rivière (3m< L< 10m),Bande boisée et alignement d'arbres,SM2-C,Plecotus Natura 2000
D:/documents Pierrette/SM2 BrabantWallon/Freddy/,LIFEC_0_20140612_235128_394.wav,LIFEC_20140612_235128_394.wav,A. Flipo,ChiroSp,ChiroSp,Secondary,ENVsp,0,Eptnil,0,2014,6,12,23,51,12/06/2014,23:51,12/06/2014,LIFEC_0,3,27,0,9,4,0,Renipont-plage,F. Donckels,Cours d'eau - rivière (3m< L< 10m),Bande boisée et alignement d'arbres,SM2-C,Plecotus Natura 2000
D:/documents Pierrette/SM2 BrabantWallon/Freddy/,LIFEC_0_20140612_235432_884.wav,LIFEC_20140612_235432_884.wav,A. Flipo,ChiroSp,ChiroSp,Main,ENVsp,0,Vesmur,0,2014,6,12,23,54,12/06/2014,23:54,12/06/2014,LIFEC_0,2,26,0,4,2,0,Renipont-plage,F. Donckels,Cours d'eau - rivière (3m< L< 10m),Bande boisée et alignement d'arbres,SM2-C,Plecotus Natura 2000
D:/documents Pierrette/SM2 BrabantWallon/Freddy/,LIFEC_0_20140612_235554_006.wav,LIFEC_20140612_235554_006.wav,A. Flipo,ChiroSp,ChiroSp,Secondary,ENVsp,3,Eptnil,3,2014,6,12,23,55,12/06/2014,23:55,12/06/2014,LIFEC_0,6,28,0,8,6,0,Renipont-plage,F. Donckels,Cours d'eau - rivière (3m< L< 10m),Bande boisée et alignement d'arbres,SM2-C,Plecotus Natura 2000
D:/documents Pierrette/SM2 BrabantWallon/Freddy/,LIFEC_0_20140612_235614_958.wav,LIFEC_20140612_235614_958.wav,A. Flipo,ChiroSp,ChiroSp,Secondary,ENVsp,1,Eptnil,1,2014,6,12,23,56,12/06/2014,23:56,12/06/2014,LIFEC_0,2,28,0,6,3,0,Renipont-plage,F. Donckels,Cours d'eau - rivière (3m< L< 10m),Bande boisée et alignement d'arbres,SM2-C,Plecotus Natura 2000
D:/documents Pierrette/SM2 BrabantWallon/Freddy/,LIFEC_0_20140612_235839_472.wav,LIFEC_20140612_235839_472.wav,A. Flipo,ChiroSp,ChiroSp,Secondary,ENVsp,0,Eptnil,0,2014,6,12,23,58,12/06/2014,23:58,12/06/2014,LIFEC_0,4,28,17,7,7,0,Renipont-plage,F. Donckels,Cours d'eau - rivière (3m< L< 10m),Bande boisée et alignement d'arbres,SM2-C,Plecotus Natura 2000
D:/documents Pierrette/SM2 BrabantWallon/Freddy/,LIFEC_0_20140612_235852_300.wav,LIFEC_20140612_235852_300.wav,A. Flipo,ChiroSp,ChiroSp,Secondary,ENVsp,5,Eptnil,1,2014,6,12,23,58,12/06/2014,23:58,12/06/2014,LIFEC_0,10,29,36,7,8,0,Renipont-plage,F. Donckels,Cours d'eau - rivière (3m< L< 10m),Bande boisée et alignement d'arbres,SM2-C,Plecotus Natura 2000
D:/documents Pierrette/SM2 BrabantWallon/Freddy/,LIFEC_0_20140612_235857_301.wav,LIFEC_20140612_235857_301.wav,A. Flipo,ChiroSp,ChiroSp,Secondary,ENVsp,5,Eptnil,2,2014,6,12,23,58,12/06/2014,23:58,12/06/2014,LIFEC_0,10,29,17,8,7,0,Renipont-plage,F. Donckels,Cours d'eau - rivière (3m< L< 10m),Bande boisée et alignement d'arbres,SM2-C,Plecotus Natura 2000
D:/documents Pierrette/SM2 BrabantWallon/Freddy/,LIFEC_0_20140612_235937_349.wav,LIFEC_20140612_235937_349.wav,A. Flipo,ChiroSp,ChiroSp,Secondary,ENVsp,4,Eptnil,4,2014,6,12,23,59,12/06/2014,23:59,12/06/2014,LIFEC_0,7,29,12,8,8,0,Renipont-plage,F. Donckels,Cours d'eau - rivière (3m< L< 10m),Bande boisée et alignement d'arbres,SM2-C,Plecotus Natura 2000
D:/documents Pierrette/SM2 BrabantWallon/Freddy/,LIFEC_0_20140612_235943_090.wav,LIFEC_20140612_235943_090.wav,A. Flipo,ENVsp,ENVsp,Secondary,ENVsp,7,Eptnil,3,2014,6,12,23,59,12/06/2014,23:59,12/06/2014,LIFEC_0,25,28,0,8,6,0,Renipont-plage,F. Donckels,Cours d'eau - rivière (3m< L< 10m),Bande boisée et alignement d'arbres,SM2-C,Plecotus Natura 2000
D:/documents Pierrette/SM2 BrabantWallon/Freddy/,LIFEC_0_20140612_235955_057.wav,LIFEC_20140612_235955_057.wav,A. Flipo,ChiroSp,ChiroSp,Secondary,ENVsp,3,Eptnil,3,2014,6,12,23,59,12/06/2014,23:59,12/06/2014,LIFEC_0,7,27,24,6,5,0,Renipont-plage,F. Donckels,Cours d'eau - rivière (3m< L< 10m),Bande boisée et alignement d'arbres,SM2-C,Plecotus Natura 2000
D:/documents Pierrette/SM2 BrabantWallon/Freddy/,LIFEC_0_20140613_000051_823.wav,LIFEC_20140613_000051_823.wav,A. Flipo,ENVsp,ENVsp,Secondary,ENVsp,8,Eptnil,4,2014,6,13,0,0,13/06/2014,0:00,12/06/2014,LIFEC_0,26,29,31,9,9,0,Renipont-plage,F. Donckels,Cours d'eau - rivière (3m< L< 10m),Bande boisée et alignement d'arbres,SM2-C,Plecotus Natura 2000
D:/documents Pierrette/SM2 BrabantWallon/Freddy/,LIFEC_0_20140613_000101_458.wav,LIFEC_20140613_000101_458.wav,A. Flipo,ChiroSp,ChiroSp,Secondary,ENVsp,5,Eptnil,5,2014,6,13,0,1,13/06/2014,0:01,12/06/2014,LIFEC_0,12,29,37,7,6,0,Renipont-plage,F. Donckels,Cours d'eau - rivière (3m< L< 10m),Bande boisée et alignement d'arbres,SM2-C,Plecotus Natura 2000
D:/documents Pierrette/SM2 BrabantWallon/Freddy/,LIFEC_0_20140613_000126_462.wav,LIFEC_20140613_000126_462.wav,A. Flipo,ChiroSp,ChiroSp,Secondary,ENVsp,4,Eptnil,3,2014,6,13,0,1,13/06/2014,0:01,12/06/2014,LIFEC_0,6,27,41,7,3,0,Renipont-plage,F. Donckels,Cours d'eau - rivière (3m< L< 10m),Bande boisée et alignement d'arbres,SM2-C,Plecotus Natura 2000
D:/documents Pierrette/SM2 BrabantWallon/Freddy/,LIFEC_0_20140613_000128_140.wav,LIFEC_20140613_000128_140.wav,A. Flipo,ENVsp,ENVsp,Secondary,ENVsp,8,Eptnil,3,2014,6,13,0,1,13/06/2014,0:01,12/06/2014,LIFEC_0,19,27,33,9,7,0,Renipont-plage,F. Donckels,Cours d'eau - rivière (3m< L< 10m),Bande boisée et alignement d'arbres,SM2-C,Plecotus Natura 2000
D:/documents Pierrette/SM2 BrabantWallon/Freddy/,LIFEC_0_20140613_000135_430.wav,LIFEC_20140613_000135_430.wav,A. Flipo,ENVsp,ENVsp,Secondary,ENVsp,6,Eptnil,2,2014,6,13,0,1,13/06/2014,0:01,12/06/2014,LIFEC_0,16,27,42,8,5,0,Renipont-plage,F. Donckels,Cours d'eau - rivière (3m< L< 10m),Bande boisée et alignement d'arbres,SM2-C,Plecotus Natura 2000
D:/documents Pierrette/SM2 BrabantWallon/Freddy/,LIFEC_0_20140613_000950_316.wav,LIFEC_20140613_000950_316.wav,A. Flipo,ChiroSp,ChiroSp,Secondary,ENVsp,0,Eptnil,0,2014,6,13,0,9,13/06/2014,0:09,12/06/2014,LIFEC_0,5,29,14,6,5,0,Renipont-plage,F. Donckels,Cours d'eau - rivière (3m< L< 10m),Bande boisée et alignement d'arbres,SM2-C,Plecotus Natura 2000
D:/documents Pierrette/SM2 BrabantWallon/Freddy/,LIFEC_0_20140613_001256_779.wav,LIFEC_20140613_001256_779.wav,A. Flipo,ChiroSp,ChiroSp,Secondary,ENVsp,0,Vesmur,0,2014,6,13,0,12,13/06/2014,0:12,12/06/2014,LIFEC_0,4,27,0,8,4,0,Renipont-plage,F. Donckels,Cours d'eau - rivière (3m< L< 10m),Bande boisée et alignement d'arbres,SM2-C,Plecotus Natura 2000
D:/documents Pierrette/SM2 BrabantWallon/Freddy/,LIFEC_0_20140613_001936_828.wav,LIFEC_20140613_001936_828.wav,A. Flipo,Nyclei,ENVsp,Main,ENVsp,8,Eptnil,3,2014,6,13,0,19,13/06/2014,0:19,12/06/2014,LIFEC_0,14,27,129,9,3,0,Renipont-plage,F. Donckels,Cours d'eau - rivière (3m< L< 10m),Bande boisée et alignement d'arbres,SM2-C,Plecotus Natura 2000
D:/documents Pierrette/SM2 BrabantWallon/Freddy/,LIFEC_0_20140613_002102_924.wav,LIFEC_20140613_002102_924.wav,A. Flipo,ENVsp,ENVsp,Secondary,ENVsp,10,Vesmur,1,2014,6,13,0,21,13/06/2014,0:21,12/06/2014,LIFEC_0,3,26,48,9,4,0,Renipont-plage,F. Donckels,Cours d'eau - rivière (3m< L< 10m),Bande boisée et alignement d'arbres,SM2-C,Plecotus Natura 2000
D:/documents Pierrette/SM2 BrabantWallon/Freddy/,LIFEC_0_20140613_004201_698.wav,LIFEC_20140613_004201_698.wav,A. Flipo,ChiroSp,ChiroSp,Secondary,ENVsp,3,Eptnil,0,2014,6,13,0,42,13/06/2014,0:42,12/06/2014,LIFEC_0,12,29,49,7,3,0,Renipont-plage,F. Donckels,Cours d'eau - rivière (3m< L< 10m),Bande boisée et alignement d'arbres,SM2-C,Plecotus Natura 2000
D:/documents Pierrette/SM2 BrabantWallon/Freddy/wav-PART2/,LIFEC_0_20140613_005200_352.wav,LIFEC_20140613_005200_352.wav,A. Flipo,ChiroSp,ChiroSp,Main,Pip35,2,Pipkuh,0,2014,6,13,0,52,13/06/2014,0:52,12/06/2014,LIFEC,1,44,0,6,0,0,Renipont-plage,F. Donckels,Cours d'eau - rivière (3m< L< 10m),Bande boisée et alignement d'arbres,SM2-C,Plecotus Natura 2000
D:/documents Pierrette/SM2 BrabantWallon/Freddy/wav-PART2/,LIFEC_0_20140613_042931_237.wav,LIFEC_20140613_042931_237.wav,A. Flipo,ENVsp,ENVsp,Secondary,ENVsp,7,Vesmur,0,2014,6,13,4,29,13/06/2014,4:29,12/06/2014,LIFEC,11,26,20,9,6,0,Renipont-plage,F. Donckels,Cours d'eau - rivière (3m< L< 10m),Bande boisée et alignement d'arbres,SM2-C,Plecotus Natura 2000
D:/documents Pierrette/SM2 BrabantWallon/Freddy/wav-PART2/,LIFEC_0_20140613_043606_200.wav,LIFEC_20140613_043606_200.wav,A. Flipo,ENVsp,ENVsp,Main,ENVsp,10,Vesmur,0,2014,6,13,4,36,13/06/2014,4:36,12/06/2014,LIFEC,30,26,79,9,4,0,Renipont-plage,F. Donckels,Cours d'eau - rivière (3m< L< 10m),Bande boisée et alignement d'arbres,SM2-C,Plecotus Natura 2000
D:/documents Pierrette/SM2 BrabantWallon/Freddy/wav-PART2/,LIFEC_0_20140613_044147_256.wav,LIFEC_20140613_044147_256.wav,A. Flipo,ENVsp,ENVsp,Main,ENVsp,10,Vesmur,1,2014,6,13,4,41,13/06/2014,4:41,12/06/2014,LIFEC,1,27,0,7,6,0,Renipont-plage,F. Donckels,Cours d'eau - rivière (3m< L< 10m),Bande boisée et alignement d'arbres,SM2-C,Plecotus Natura 2000
D:/documents Pierrette/SM2 BrabantWallon/Freddy/wav-PART2/,LIFEC_0_20140613_045344_688.wav,LIFEC_20140613_045344_688.wav,P. Nyssen,Nycnoc,ChiroSp,Main,ENVsp,5,Nyclei,0,2014,6,13,4,53,13/06/2014,4:53,12/06/2014,LIFEC,9,25,92,8,1,0,Renipont-plage,F. Donckels,Cours d'eau - rivière (3m< L< 10m),Bande boisée et alignement d'arbres,SM2-C,Plecotus Natura 2000
D:/documents Pierrette/SM2 BrabantWallon/Freddy/wav-PART2/,LIFEC_0_20140613_045344_688.wav,LIFEC_20140613_045344_688.wav,P. Nyssen,Nyclei,ChiroSp,Main,ENVsp,5,Nyclei,0,2014,6,13,4,53,13/06/2014,4:53,12/06/2014,LIFEC,9,25,92,8,1,0,Renipont-plage,F. Donckels,Cours d'eau - rivière (3m< L< 10m),Bande boisée et alignement d'arbres,SM2-C,Plecotus Natura 2000
D:/documents Pierrette/SM2 BrabantWallon/Freddy/wav-PART2/,LIFEC_0_20140613_050317_292.wav,LIFEC_20140613_050317_292.wav,T. Kinet,Nycnoc,Nycnoc,Main,ENVsp,8,Nycnoc,8,2014,6,13,5,3,13/06/2014,5:03,12/06/2014,LIFEC,6,20,174,8,1,0,Renipont-plage,F. Donckels,Cours d'eau - rivière (3m< L< 10m),Bande boisée et alignement d'arbres,SM2-C,Plecotus Natura 2000
D:/documents Pierrette/SM2 BrabantWallon/Freddy/wav-PART2/,LIFEC_0_20140613_224132_441.wav,LIFEC_20140613_224132_441.wav,P. Nyssen,ChiroSp,ChiroSp,Main,Myosp,5,Myodau,0,2014,6,13,22,41,13/06/2014,22:41,13/06/2014,LIFEC,47,43,53,5,5,1,Renipont,F. Donckels,Plan d'eau - étang (>50m²),Bande boisée et alignement d'arbres,SM2-C,Plecotus Natura 2000
D:/documents Pierrette/SM2 BrabantWallon/Freddy/wav-PART2/,LIFEC_0_20140613_230152_294.wav,LIFEC_20140613_230152_294.wav,A. Flipo,ChiroSp,ChiroSp,Secondary,Barbar,5,Barbar,0,2014,6,13,23,1,13/06/2014,23:01,13/06/2014,LIFEC,2,34,20,5,6,0,Renipont,F. Donckels,Plan d'eau - étang (>50m²),Bande boisée et alignement d'arbres,SM2-C,Plecotus Natura 2000
D:/documents Pierrette/SM2 BrabantWallon/Freddy/wav-PART2/,LIFEC_0_20140613_230650_442.wav,LIFEC_20140613_230650_442.wav,A. Flipo,Pipnat,Pip35,Main,Pip35,10,Pipkuh,1,2014,6,13,23,6,13/06/2014,23:06,13/06/2014,LIFEC,35,41,58,6,3,0,Renipont,F. Donckels,Plan d'eau - étang (>50m²),Bande boisée et alignement d'arbres,SM2-C,Plecotus Natura 2000
D:/documents Pierrette/SM2 BrabantWallon/Freddy/wav-PART2/,LIFEC_0_20140613_231126_576.wav,LIFEC_20140613_231126_576.wav,A. Flipo,ChiroSp,ChiroSp,Secondary,ENVsp,1,Vesmur,1,2014,6,13,23,11,13/06/2014,23:11,13/06/2014,LIFEC,3,25,0,6,3,0,Renipont,F. Donckels,Plan d'eau - étang (>50m²),Bande boisée et alignement d'arbres,SM2-C,Plecotus Natura 2000
D:/documents Pierrette/SM2 BrabantWallon/Freddy/wav-PART2/,LIFEC_0_20140614_224505_754.wav,LIFEC_20140614_224505_754.wav,A. Flipo,ChiroSp,ChiroSp,Secondary,ENVsp,4,Eptnil,0,2014,6,14,22,45,14/06/2014,22:45,14/06/2014,LIFEC,21,27,0,8,9,0,Renipont,F. Donckels,Plan d'eau - étang (>50m²),Bande boisée et alignement d'arbres,SM2-C,Plecotus Natura 2000
D:/documents Pierrette/SM2 BrabantWallon/Freddy/wav-PART2/,LIFEC_0_20140614_231329_746.wav,LIFEC_20140614_231329_746.wav,P. Nyssen,Nyclei,ChiroSp,Secondary,ENVsp,5,Nyclei,3,2014,6,14,23,13,14/06/2014,23:13,14/06/2014,LIFEC,7,24,13,8,8,0,Renipont,F. Donckels,Plan d'eau - étang (>50m²),Bande boisée et alignement d'arbres,SM2-C,Plecotus Natura 2000
D:/documents Pierrette/SM2 BrabantWallon/Freddy/wav-PART2/,LIFEC_0_20140614_231643_628.wav,LIFEC_20140614_231643_628.wav,A. Flipo,ENVsp,ENVsp,Main,ENVsp,10,Vesmur,2,2014,6,14,23,16,14/06/2014,23:16,14/06/2014,LIFEC,19,26,181,10,1,0,Renipont,F. Donckels,Plan d'eau - étang (>50m²),Bande boisée et alignement d'arbres,SM2-C,Plecotus Natura 2000
D:/documents Pierrette/SM2 BrabantWallon/Freddy/wav-PART2/,LIFEC_0_20140614_233337_916.wav,LIFEC_20140614_233337_916.wav,A. Flipo,ChiroSp,ChiroSp,Secondary,Barbar,0,Barbar,0,2014,6,14,23,33,14/06/2014,23:33,14/06/2014,LIFEC,2,38,19,4,4,0,Renipont,F. Donckels,Plan d'eau - étang (>50m²),Bande boisée et alignement d'arbres,SM2-C,Plecotus Natura 2000
D:/documents Pierrette/SM2 BrabantWallon/Freddy/wav-PART2/,LIFEC_0_20140615_001805_213.wav,LIFEC_20140615_001805_213.wav,P. Nyssen,Pipnat,Pipnat,Main,Pip35,8,Pipnat,7,2014,6,15,0,18,15/06/2014,0:18,14/06/2014,LIFEC,6,41,176,6,0,0,Renipont,F. Donckels,Plan d'eau - étang (>50m²),Bande boisée et alignement d'arbres,SM2-C,Plecotus Natura 2000
D:/documents Pierrette/SM2 BrabantWallon/Freddy/wav-PART2/,LIFEC_0_20140615_033001_819.wav,LIFEC_20140615_033001_819.wav,A. Flipo,Pipnat,Pipnat,Main,Pip35,7,Pipnat,7,2014,6,15,3,30,15/06/2014,3:30,14/06/2014,LIFEC,17,42,146,7,0,0,Renipont,F. Donckels,Plan d'eau - étang (>50m²),Bande boisée et alignement d'arbres,SM2-C,Plecotus Natura 2000
D:/documents Pierrette/SM2 BrabantWallon/Freddy/wav-PART2/,LIFEC_0_20140615_035923_129.wav,LIFEC_20140615_035923_129.wav,A. Flipo,Pipnat,Pipnat,Main,Pip35,9,Pipnat,9,2014,6,15,3,59,15/06/2014,3:59,14/06/2014,LIFEC,15,38,0,9,4,0,Renipont,F. Donckels,Plan d'eau - étang (>50m²),Bande boisée et alignement d'arbres,SM2-C,Plecotus Natura 2000
D:/documents Pierrette/SM2 BrabantWallon/Freddy/wav-PART2/,LIFEC_0_20140615_230409_413.wav,LIFEC_20140615_230409_413.wav,P. Nyssen,Nyclei,ENVsp,Main,ENVsp,10,Nyclei,0,2014,6,15,23,4,15/06/2014,23:04,15/06/2014,LIFEC,13,25,0,9,4,0,Ru du Milhoux,F. Donckels,Cours d'eau - ruisseau (L < 3m),Bande boisée et alignement d'arbres,SM2-C,Plecotus Natura 2000
D:/documents Pierrette/SM2 BrabantWallon/Freddy/wav-PART2/,LIFEC_0_20140615_232507_485.wav,LIFEC_20140615_232507_485.wav,A. Flipo,Nyclei,ENVsp,Secondary,ENVsp,7,Vesmur,1,2014,6,15,23,25,15/06/2014,23:25,15/06/2014,LIFEC,7,25,32,9,6,0,Ru du Milhoux,F. Donckels,Cours d'eau - ruisseau (L < 3m),Bande boisée et alignement d'arbres,SM2-C,Plecotus Natura 2000
D:/documents Pierrette/SM2 BrabantWallon/Freddy/wav-PART2/,LIFEC_0_20140616_044150_416.wav,LIFEC_20140616_044150_416.wav,A. Flipo,ChiroSp,ChiroSp,Main,ENVsp,0,Nyclas,0,2014,6,16,4,41,16/06/2014,4:41,15/06/2014,LIFEC,24,20,0,9,7,0,Ru du Milhoux,F. Donckels,Cours d'eau - ruisseau (L < 3m),Bande boisée et alignement d'arbres,SM2-C,Plecotus Natura 2000
D:/documents Pierrette/SM2 BrabantWallon/Freddy/wav-PART2/,LIFEC_0_20140616_223948_336.wav,LIFEC_20140616_223948_336.wav,A. Flipo,ENVsp,ENVsp,Main,ENVsp,8,Vesmur,1,2014,6,16,22,39,16/06/2014,22:39,16/06/2014,LIFEC,4,25,233,7,0,0,Ru du Milhoux,F. Donckels,Cours d'eau - ruisseau (L < 3m),Bande boisée et alignement d'arbres,SM2-C,Plecotus Natura 2000
D:/documents Pierrette/SM2 BrabantWallon/Freddy/wav-PART2/,LIFEC_0_20140617_031441_964.wav,LIFEC_20140617_031441_964.wav,A. Flipo,Pipnat,Pip35,Main,Pip35,10,Pipkuh,4,2014,6,17,3,14,17/06/2014,3:14,16/06/2014,LIFEC,33,41,97,6,1,0,Ru du Milhoux,F. Donckels,Cours d'eau - ruisseau (L < 3m),Bande boisée et alignement d'arbres,SM2-C,Plecotus Natura 2000
D:/documents Pierrette/SM2 BrabantWallon/Freddy/wav-PART2/,LIFEC_0_20140617_033602_354.wav,LIFEC_20140617_033602_354.wav,A. Flipo,Pipnat,Pip35,Main,Pip35,9,Pipkuh,0,2014,6,17,3,36,17/06/2014,3:36,16/06/2014,LIFEC,53,42,73,5,3,0,Ru du Milhoux,F. Donckels,Cours d'eau - ruisseau (L < 3m),Bande boisée et alignement d'arbres,SM2-C,Plecotus Natura 2000
D:/documents Pierrette/SM2 BrabantWallon/Freddy/wav-PART2/,LIFEC_0_20140617_033607_354.wav,LIFEC_20140617_033607_354.wav,A. Flipo,Pipnat,Pipnat,Main,Pip35,10,Pipnat,6,2014,6,17,3,36,17/06/2014,3:36,16/06/2014,LIFEC,13,41,169,7,0,0,Ru du Milhoux,F. Donckels,Cours d'eau - ruisseau (L < 3m),Bande boisée et alignement d'arbres,SM2-C,Plecotus Natura 2000
D:/documents Pierrette/SM2 BrabantWallon/Freddy/wav-PART2/,LIFEC_0_20140617_222743_726.wav,LIFEC_20140617_222743_726.wav,T. Kinet,Nycnoc,Nycnoc,Main,ENVsp,7,Nycnoc,7,2014,6,17,22,27,17/06/2014,22:27,17/06/2014,LIFEC,6,19,261,10,1,0,Ru du Milhoux,F. Donckels,Cours d'eau - ruisseau (L < 3m),Bande boisée et alignement d'arbres,SM2-C,Plecotus Natura 2000
D:/documents Pierrette/SM2 BrabantWallon/Freddy/wav-PART3/,LIFEC_0_20140618_042710_990.wav,LIFEC_20140618_042710_990.wav,A. Flipo,Pip35,Pip35,Main,Pip35,10,Pipkuh,4,2014,6,18,4,27,18/06/2014,4:27,17/06/2014,LIFEC,29,41,94,5,0,0,Ru du Milhoux,F. Donckels,Cours d'eau - ruisseau (L < 3m),Bande boisée et alignement d'arbres,SM2-C,Plecotus Natura 2000
D:/documents Pierrette/SM2 BrabantWallon/Freddy/wav-PART3/,LIFEC_0_20140618_044623_772.wav,LIFEC_20140618_044623_772.wav,A. Flipo,ChiroSp,ChiroSp,Main,ENVsp,1,Nyclas,0,2014,6,18,4,46,18/06/2014,4:46,17/06/2014,LIFEC,15,20,0,10,8,0,Ru du Milhoux,F. Donckels,Cours d'eau - ruisseau (L < 3m),Bande boisée et alignement d'arbres,SM2-C,Plecotus Natura 2000
D:/documents Pierrette/SM2 BrabantWallon/Freddy/wav-PART3/,LIFEC_0_20140618_222209_928.wav,LIFEC_20140618_222209_928.wav,P. Nyssen,ENVsp,ChiroSp,Main,ENVsp,3,Nyclei,3,2014,6,18,22,22,18/06/2014,22:22,18/06/2014,LIFEC,12,26,0,7,3,0,La Ramée,F. Donckels,Cours d'eau - ruisseau (L < 3m),Bande boisée et alignement d'arbres,SM2-C,Plecotus Natura 2000
D:/documents Pierrette/SM2 BrabantWallon/Freddy/wav-PART3/,LIFEC_0_20140618_223856_656.wav,LIFEC_20140618_223856_656.wav,A. Flipo,ChiroSp,ChiroSp,Main,Pip35,2,Pipkuh,1,2014,6,18,22,38,18/06/2014,22:38,18/06/2014,LIFEC,5,43,0,4,1,0,La Ramée,F. Donckels,Cours d'eau - ruisseau (L < 3m),Bande boisée et alignement d'arbres,SM2-C,Plecotus Natura 2000
D:/documents Pierrette/SM2 BrabantWallon/Freddy/wav-PART3/,LIFEC_0_20140619_013744_027.wav,LIFEC_20140619_013744_027.wav,A. Flipo,ChiroSp,ChiroSp,Main,Pip35,1,Pipkuh,1,2014,6,19,1,37,19/06/2014,1:37,18/06/2014,LIFEC,2,44,0,2,0,0,La Ramée,F. Donckels,Cours d'eau - ruisseau (L < 3m),Bande boisée et alignement d'arbres,SM2-C,Plecotus Natura 2000
D:/documents Pierrette/SM2 BrabantWallon/Freddy/wav-PART3/,LIFEC_0_20140619_221550_945.wav,LIFEC_20140619_221550_945.wav,T. Kinet,Nycnoc,ChiroSp,Secondary,ENVsp,0,Nycnoc,0,2014,6,19,22,15,19/06/2014,22:15,19/06/2014,LIFEC,2,17,42,4,1,0,La Ramée,F. Donckels,Cours d'eau - ruisseau (L < 3m),Bande boisée et alignement d'arbres,SM2-C,Plecotus Natura 2000
D:/documents Pierrette/SM2 BrabantWallon/Freddy/wav-PART3/,LIFEC_0_20140620_012914_787.wav,LIFEC_20140620_012914_787.wav,A. Flipo,Pipnat,Pip35,Main,Pip35,6,Pipkuh,0,2014,6,20,1,29,20/06/2014,1:29,19/06/2014,LIFEC,12,42,0,4,1,0,La Ramée,F. Donckels,Cours d'eau - ruisseau (L < 3m),Bande boisée et alignement d'arbres,SM2-C,Plecotus Natura 2000
D:/documents Pierrette/SM2 BrabantWallon/Freddy/wav-PART3/,LIFEC_0_20140620_041149_012.wav,LIFEC_20140620_041149_012.wav,A. Flipo,ChiroSp,ChiroSp,Main,Pip35,2,Pipkuh,2,2014,6,20,4,11,20/06/2014,4:11,19/06/2014,LIFEC,15,43,0,4,2,0,La Ramée,F. Donckels,Cours d'eau - ruisseau (L < 3m),Bande boisée et alignement d'arbres,SM2-C,Plecotus Natura 2000
D:/documents Pierrette/SM2 BrabantWallon/Freddy/wav-PART3/,LIFEC_0_20140620_225549_058.wav,LIFEC_20140620_225549_058.wav,P. Nyssen,Eptser,ChiroSp,Main,ENVsp,5,Nyclei,0,2014,6,20,22,55,20/06/2014,22:55,20/06/2014,LIFEC,11,26,0,8,3,0,Drève de la ramée,F. Donckels,Forêt feuillue,Layons,SM2-C,Plecotus Natura 2000
D:/documents Pierrette/SM2 BrabantWallon/Freddy/wav-PART4/,LIFEC_0_20140623_005505_800.wav,LIFEC_20140623_005505_800.wav,P. Nyssen,PippiT,PippiT,Main,Pip50,10,PippiT,10,2014,6,23,0,55,23/06/2014,0:55,22/06/2014,LIFEC,97,54,0,5,6,5,Le Bailois,F. Donckels,Cours d'eau - rivière (3m< L< 10m),Bande boisée et alignement d'arbres,SM2-C,Plecotus Natura 2000
D:/documents Pierrette/SM2 BrabantWallon/Freddy/wav-PART4/,LIFEC_0_20140623_005505_800.wav,LIFEC_20140623_005505_800.wav,P. Nyssen,PippiT,Pippyg,Secondary,Pip50,10,Pippyg,10,2014,6,23,0,55,23/06/2014,0:55,22/06/2014,LIFEC,2,58,36,6,0,0,Le Bailois,F. Donckels,Cours d'eau - rivière (3m< L< 10m),Bande boisée et alignement d'arbres,SM2-C,Plecotus Natura 2000
D:/documents Pierrette/SM2 BrabantWallon/Freddy/wav-PART4/,LIFEC_0_20140623_020707_798.wav,LIFEC_20140623_020707_798.wav,P. Nyssen,PippiT,PippiT,Main,Pip50,10,PippiT,10,2014,6,23,2,7,23/06/2014,2:07,22/06/2014,LIFEC,98,50,0,5,6,0,Le Bailois,F. Donckels,Cours d'eau - rivière (3m< L< 10m),Bande boisée et alignement d'arbres,SM2-C,Plecotus Natura 2000
D:/documents Pierrette/SM2 BrabantWallon/Freddy/wav-PART4/,LIFEC_0_20140623_020707_798.wav,LIFEC_20140623_020707_798.wav,P. Nyssen,PippiT,Pippyg,Secondary,Pip50,10,Pippyg,10,2014,6,23,2,7,23/06/2014,2:07,22/06/2014,LIFEC,2,57,6,4,0,0,Le Bailois,F. Donckels,Cours d'eau - rivière (3m< L< 10m),Bande boisée et alignement d'arbres,SM2-C,Plecotus Natura 2000
D:/documents Pierrette/SM2 BrabantWallon/Freddy/wav-PART4/,LIFEC_0_20140623_225904_000.wav,LIFEC_20140623_225904_000.wav,A. Flipo,ChiroSp,ChiroSp,Main,Pip35,1,Pipkuh,0,2014,6,23,22,59,23/06/2014,22:59,23/06/2014,LIFEC,4,44,3,4,1,0,Le Bailois,F. Donckels,Cours d'eau - rivière (3m< L< 10m),Bande boisée et alignement d'arbres,SM2-C,Plecotus Natura 2000
D:/documents Pierrette/SM2 BrabantWallon/Freddy/wav-PART4/,LIFEC_0_20140623_230909_000.wav,LIFEC_20140623_230909_000.wav,A. Flipo,ChiroSp,ChiroSp,Main,Pip35,0,Pipkuh,0,2014,6,23,23,9,23/06/2014,23:09,23/06/2014,LIFEC,6,47,0,2,4,0,Le Bailois,F. Donckels,Cours d'eau - rivière (3m< L< 10m),Bande boisée et alignement d'arbres,SM2-C,Plecotus Natura 2000
D:/documents Pierrette/SM2 BrabantWallon/Freddy/wav-PART5/,LIFEC_0_20140626_002627_874.wav,LIFEC_20140626_002627_874.wav,A. Flipo,ChiroSp,ChiroSp,Main,Pip35,0,Pipkuh,0,2014,6,26,0,26,26/06/2014,0:26,25/06/2014,LIFEC,39,43,48,5,2,0,Carpu_Etang,F. Donckels,Plan d'eau - étang (>50m²),Bande boisée et alignement d'arbres,SM2-C,Plecotus Natura 2000
D:/documents Pierrette/SM2 BrabantWallon/Leslie/,LIFEC_0_20140626_224040_530.wav,LIFEC_20140626_224040_530.wav,A. Flipo,Pipnat,Pipnat,Main,Pip35,7,Pipnat,7,2014,6,26,22,40,26/06/2014,22:40,26/06/2014,LIFEC_0,1,43,0,7,1,0,Carpu_2,L. Perbal,Lisière vraie (milieu ouvert/milieux forestier),,SM2-C,Plecotus Natura 2000
D:/documents Pierrette/SM2 BrabantWallon/Leslie/,LIFEC_0_20140627_224217_190.wav,LIFEC_20140627_224217_190.wav,P. Nyssen,Nyclei,ChiroSp,Secondary,ENVsp,2,Nyclei,2,2014,6,27,22,42,27/06/2014,22:42,27/06/2014,LIFEC_0,3,26,23,6,2,0,Carpu_2,L. Perbal,Lisière vraie (milieu ouvert/milieux forestier),,SM2-C,Plecotus Natura 2000
D:/documents Pierrette/SM2 BrabantWallon/Leslie/,LIFEC_0_20140701_223800_895.wav,LIFEC_20140701_223800_895.wav,A. Flipo,Nycnoc,ChiroSp,Secondary,ENVsp,0,Vesmur,0,2014,7,1,22,38,1/07/2014,22:38,1/07/2014,LIFEC_0,3,23,3,8,6,0,Carpu_1,L. Perbal,Lisière vraie (milieu ouvert/milieux forestier),,SM2-C,Plecotus Natura 2000
D:/documents Pierrette/SM2 BrabantWallon/Leslie/,LIFEC_0_20140701_231334_475.wav,LIFEC_20140701_231334_475.wav,A. Flipo,Pipnat,Pip35,Main,Pip35,10,Pipkuh,3,2014,7,1,23,13,1/07/2014,23:13,1/07/2014,LIFEC_0,13,41,83,5,1,0,Carpu_1,L. Perbal,Lisière vraie (milieu ouvert/milieux forestier),,SM2-C,Plecotus Natura 2000
D:/documents Pierrette/SM2 BrabantWallon/Leslie/,LIFEC_0_20140702_020525_994.wav,LIFEC_20140702_020525_994.wav,A. Flipo,ChiroSp,ChiroSp,Main,Pip35,2,Pipkuh,0,2014,7,2,2,5,2/07/2014,2:05,1/07/2014,LIFEC_0,5,42,162,3,0,0,Carpu_1,L. Perbal,Lisière vraie (milieu ouvert/milieux forestier),,SM2-C,Plecotus Natura 2000
D:/documents Pierrette/SM2 BrabantWallon/Leslie/,LIFEC_0_20140703_224753_595.wav,LIFEC_20140703_224753_595.wav,A. Flipo,Pip35,Pip35,Main,Pip35,7,Pipkuh,2,2014,7,3,22,47,3/07/2014,22:47,3/07/2014,LIFEC_0,42,42,0,4,3,0,Carpu_1,L. Perbal,Lisière vraie (milieu ouvert/milieux forestier),,SM2-C,Plecotus Natura 2000
D:/documents Pierrette/SM2 BrabantWallon/Leslie/,LIFEC_0_20140703_232804_000.wav,LIFEC_20140703_232804_000.wav,P. Nyssen,Nyclei,ENVsp,Main,ENVsp,6,Nyclei,1,2014,7,3,23,28,3/07/2014,23:28,3/07/2014,LIFEC_0,12,25,224,9,2,0,Carpu_1,L. Perbal,Lisière vraie (milieu ouvert/milieux forestier),,SM2-C,Plecotus Natura 2000
D:/documents Pierrette/SM2 BrabantWallon/Leslie/,LIFEC_0_20140704_000429_676.wav,LIFEC_20140704_000429_676.wav,A. Flipo,Pip35,Pip35,Main,Pip35,10,Pipkuh,0,2014,7,4,0,4,4/07/2014,0:04,3/07/2014,LIFEC_0,22,39,92,6,2,0,Carpu_1,L. Perbal,Lisière vraie (milieu ouvert/milieux forestier),,SM2-C,Plecotus Natura 2000
D:/documents Pierrette/SM2 BrabantWallon/Leslie/,LIFEC_0_20140704_032941_908.wav,LIFEC_20140704_032941_908.wav,A. Flipo,ChiroSp,ChiroSp,Secondary,ENVsp,0,Eptnil,0,2014,7,4,3,29,4/07/2014,3:29,3/07/2014,LIFEC_0,4,30,0,6,4,0,Carpu_1,L. Perbal,Lisière vraie (milieu ouvert/milieux forestier),,SM2-C,Plecotus Natura 2000
D:/documents Pierrette/SM2 BrabantWallon/Leslie/,LIFEC_0_20140704_223942_951.wav,LIFEC_20140704_223942_951.wav,P. Nyssen,Nycnoc,ChiroSp,Secondary,ENVsp,4,Nyclei,0,2014,7,4,22,39,4/07/2014,22:39,4/07/2014,LIFEC_0,12,20,18,8,4,0,Carpu_1,L. Perbal,Lisière vraie (milieu ouvert/milieux forestier),,SM2-C,Plecotus Natura 2000
D:/documents Pierrette/SM2 BrabantWallon/Leslie/,LIFEC_0_20140704_230910_998.wav,LIFEC_20140704_230910_998.wav,P. Nyssen,Nycnoc,Nycnoc,Main,ENVsp,10,Nycnoc,10,2014,7,4,23,9,4/07/2014,23:09,4/07/2014,LIFEC_0,4,20,759,10,0,0,Carpu_1,L. Perbal,Lisière vraie (milieu ouvert/milieux forestier),,SM2-C,Plecotus Natura 2000
D:/documents Pierrette/SM2 BrabantWallon/Leslie/,LIFEC_0_20140705_041618_248.wav,LIFEC_20140705_041618_248.wav,A. Flipo,ENVsp,ENVsp,Main,ENVsp,10,Vesmur,2,2014,7,5,4,16,5/07/2014,4:16,4/07/2014,LIFEC_0,19,26,142,9,1,0,Carpu_1,L. Perbal,Lisière vraie (milieu ouvert/milieux forestier),,SM2-C,Plecotus Natura 2000
D:/documents Pierrette/SM2 BrabantWallon/Leslie/,LIFEC_0_20140705_041623_248.wav,LIFEC_20140705_041623_248.wav,P. Nyssen,ENVsp,ENVsp,Main,ENVsp,10,Nyclei,2,2014,7,5,4,16,5/07/2014,4:16,4/07/2014,LIFEC_0,7,26,109,9,0,0,Carpu_1,L. Perbal,Lisière vraie (milieu ouvert/milieux forestier),,SM2-C,Plecotus Natura 2000
D:/documents Pierrette/SM2 BrabantWallon/Leslie/,LIFEC_0_20140705_224542_891.wav,LIFEC_20140705_224542_891.wav,A. Flipo,ENVsp,ENVsp,Main,ENVsp,10,Vesmur,2,2014,7,5,22,45,5/07/2014,22:45,5/07/2014,LIFEC_0,4,26,146,10,0,0,Nysdam,L. Perbal,Lisière vraie (milieu ouvert/milieux forestier),"Route (induré, circulation véhicule rapide)",SM2-C,Plecotus Natura 2000
D:/documents Pierrette/SM2 BrabantWallon/Leslie/,LIFEC_0_20140705_225756_801.wav,LIFEC_20140705_225756_801.wav,A. Flipo,Nyclei,ENVsp,Main,ENVsp,10,Vesmur,1,2014,7,5,22,57,5/07/2014,22:57,5/07/2014,LIFEC_0,7,26,274,10,0,0,Nysdam,L. Perbal,Lisière vraie (milieu ouvert/milieux forestier),"Route (induré, circulation véhicule rapide)",SM2-C,Plecotus Natura 2000
D:/documents Pierrette/SM2 BrabantWallon/Leslie/,LIFEC_0_20140705_225759_955.wav,LIFEC_20140705_225759_955.wav,A. Flipo,Nycnoc,ENVsp,Main,ENVsp,10,Vesmur,2,2014,7,5,22,57,5/07/2014,22:57,5/07/2014,LIFEC_0,5,24,282,10,0,0,Nysdam,L. Perbal,Lisière vraie (milieu ouvert/milieux forestier),"Route (induré, circulation véhicule rapide)",SM2-C,Plecotus Natura 2000
D:/documents Pierrette/SM2 BrabantWallon/Leslie/,LIFEC_0_20140705_231555_049.wav,LIFEC_20140705_231555_049.wav,A. Flipo,ENVsp,ENVsp,Main,ENVsp,10,Vesmur,2,2014,7,5,23,15,5/07/2014,23:15,5/07/2014,LIFEC_0,8,26,285,10,1,0,Nysdam,L. Perbal,Lisière vraie (milieu ouvert/milieux forestier),"Route (induré, circulation véhicule rapide)",SM2-C,Plecotus Natura 2000
D:/documents Pierrette/SM2 BrabantWallon/Leslie/,LIFEC_0_20140705_232159_204.wav,LIFEC_20140705_232159_204.wav,A. Flipo,ENVsp,ENVsp,Main,ENVsp,10,Vesmur,1,2014,7,5,23,21,5/07/2014,23:21,5/07/2014,LIFEC_0,11,26,254,10,1,0,Nysdam,L. Perbal,Lisière vraie (milieu ouvert/milieux forestier),"Route (induré, circulation véhicule rapide)",SM2-C,Plecotus Natura 2000
D:/documents Pierrette/SM2 BrabantWallon/Leslie/,LIFEC_0_20140705_232938_740.wav,LIFEC_20140705_232938_740.wav,A. Flipo,ENVsp,ENVsp,Main,ENVsp,10,Eptnil,3,2014,7,5,23,29,5/07/2014,23:29,5/07/2014,LIFEC_0,15,27,262,10,1,0,Nysdam,L. Perbal,Lisière vraie (milieu ouvert/milieux forestier),"Route (induré, circulation véhicule rapide)",SM2-C,Plecotus Natura 2000
D:/documents Pierrette/SM2 BrabantWallon/Leslie/,LIFEC_0_20140706_002754_930.wav,LIFEC_20140706_002754_930.wav,A. Flipo,Nycnoc,ENVsp,Main,ENVsp,10,Vesmur,0,2014,7,6,0,27,6/07/2014,0:27,5/07/2014,LIFEC_0,5,24,255,10,0,0,Nysdam,L. Perbal,Lisière vraie (milieu ouvert/milieux forestier),"Route (induré, circulation véhicule rapide)",SM2-C,Plecotus Natura 2000
D:/documents Pierrette/SM2 BrabantWallon/Leslie/,LIFEC_0_20140706_014348_305.wav,LIFEC_20140706_014348_305.wav,A. Flipo,ChiroSp,ChiroSp,Main,Pip35,0,Pipkuh,0,2014,7,6,1,43,6/07/2014,1:43,5/07/2014,LIFEC_0,84,44,0,6,5,0,Nysdam,L. Perbal,Lisière vraie (milieu ouvert/milieux forestier),"Route (induré, circulation véhicule rapide)",SM2-C,Plecotus Natura 2000
D:/documents Pierrette/SM2 BrabantWallon/Leslie/,LIFEC_0_20140706_223815_660.wav,LIFEC_20140706_223815_660.wav,P. Nyssen,Nyclei,ENVsp,Main,ENVsp,6,Nyclei,1,2014,7,6,22,38,6/07/2014,22:38,6/07/2014,LIFEC_0,12,26,120,10,1,0,Nysdam,L. Perbal,Lisière vraie (milieu ouvert/milieux forestier),"Route (induré, circulation véhicule rapide)",SM2-C,Plecotus Natura 2000
D:/documents Pierrette/SM2 BrabantWallon/Leslie/,LIFEC_0_20140706_224248_450.wav,LIFEC_20140706_224248_450.wav,T. Kinet,Nycnoc,Nycnoc,Main,ENVsp,10,Nycnoc,10,2014,7,6,22,42,6/07/2014,22:42,6/07/2014,LIFEC_0,1,20,0,7,0,0,Nysdam,L. Perbal,Lisière vraie (milieu ouvert/milieux forestier),"Route (induré, circulation véhicule rapide)",SM2-C,Plecotus Natura 2000
D:/documents Pierrette/SM2 BrabantWallon/Leslie/,LIFEC_0_20140706_225813_660.wav,LIFEC_20140706_225813_660.wav,P. Nyssen,Nyclei,ENVsp,Secondary,ENVsp,6,Nyclei,3,2014,7,6,22,58,6/07/2014,22:58,6/07/2014,LIFEC_0,7,26,0,8,4,0,Nysdam,L. Perbal,Lisière vraie (milieu ouvert/milieux forestier),"Route (induré, circulation véhicule rapide)",SM2-C,Plecotus Natura 2000
D:/documents Pierrette/SM2 BrabantWallon/Leslie/,LIFEC_0_20140706_230433_334.wav,LIFEC_20140706_230433_334.wav,P. Nyssen,ENVsp,ENVsp,Main,ENVsp,7,Nyclei,1,2014,7,6,23,4,6/07/2014,23:04,6/07/2014,LIFEC_0,7,26,55,8,3,0,Nysdam,L. Perbal,Lisière vraie (milieu ouvert/milieux forestier),"Route (induré, circulation véhicule rapide)",SM2-C,Plecotus Natura 2000
D:/documents Pierrette/SM2 BrabantWallon/Leslie/,LIFEC_0_20140706_233818_471.wav,LIFEC_20140706_233818_471.wav,A. Flipo,ChiroSp,ChiroSp,Secondary,ENVsp,0,Eptnil,0,2014,7,6,23,38,6/07/2014,23:38,6/07/2014,LIFEC_0,7,34,76,7,2,0,Nysdam,L. Perbal,Lisière vraie (milieu ouvert/milieux forestier),"Route (induré, circulation véhicule rapide)",SM2-C,Plecotus Natura 2000
D:/documents Pierrette/SM2 BrabantWallon/Freddy/,LIFEC_0_20140611_231237_730.wav,LIFEC_20140611_231237_730.wav,C. Brabant,Eptser,ENVsp,Main,ENVsp,8,Eptnil,2,2014,6,11,23,12,11/06/2014,23:12,11/06/2014,LIFEC_0,8,29,82,8,4,0,Renipont-plage,F. Donckels,Cours d'eau - rivière (3m< L< 10m),Bande boisée et alignement d'arbres,SM2-C,Plecotus Natura 2000
D:/documents Pierrette/SM2 BrabantWallon/Freddy/,LIFEC_0_20140611_232249_689.wav,LIFEC_20140611_232249_689.wav,C. Brabant,ENVsp,ENVsp,Secondary,ENVsp,10,Eptnil,4,2014,6,11,23,22,11/06/2014,23:22,11/06/2014,LIFEC_0,16,28,43,9,6,0,Renipont-plage,F. Donckels,Cours d'eau - rivière (3m< L< 10m),Bande boisée et alignement d'arbres,SM2-C,Plecotus Natura 2000
D:/documents Pierrette/SM2 BrabantWallon/Freddy/,LIFEC_0_20140611_232314_063.wav,LIFEC_20140611_232314_063.wav,C. Brabant,Eptser,ENVsp,Secondary,ENVsp,9,Eptnil,3,2014,6,11,23,23,11/06/2014,23:23,11/06/2014,LIFEC_0,9,29,30,9,7,0,Renipont-plage,F. Donckels,Cours d'eau - rivière (3m< L< 10m),Bande boisée et alignement d'arbres,SM2-C,Plecotus Natura 2000
D:/documents Pierrette/SM2 BrabantWallon/Freddy/,LIFEC_0_20140611_232320_401.wav,LIFEC_20140611_232320_401.wav,C. Brabant,ENVsp,ENVsp,Secondary,ENVsp,10,Eptnil,3,2014,6,11,23,23,11/06/2014,23:23,11/06/2014,LIFEC_0,7,27,42,7,3,0,Renipont-plage,F. Donckels,Cours d'eau - rivière (3m< L< 10m),Bande boisée et alignement d'arbres,SM2-C,Plecotus Natura 2000
D:/documents Pierrette/SM2 BrabantWallon/Freddy/,LIFEC_0_20140611_232442_550.wav,LIFEC_20140611_232442_550.wav,C. Brabant,ENVsp,ENVsp,Secondary,ENVsp,8,Eptnil,2,2014,6,11,23,24,11/06/2014,23:24,11/06/2014,LIFEC_0,13,28,41,8,6,0,Renipont-plage,F. Donckels,Cours d'eau - rivière (3m< L< 10m),Bande boisée et alignement d'arbres,SM2-C,Plecotus Natura 2000
D:/documents Pierrette/SM2 BrabantWallon/Freddy/,LIFEC_0_20140611_232459_314.wav,LIFEC_20140611_232459_314.wav,C. Brabant,ENVsp,ENVsp,Secondary,ENVsp,7,Eptnil,3,2014,6,11,23,24,11/06/2014,23:24,11/06/2014,LIFEC_0,21,29,0,9,8,0,Renipont-plage,F. Donckels,Cours d'eau - rivière (3m< L< 10m),Bande boisée et alignement d'arbres,SM2-C,Plecotus Natura 2000
D:/documents Pierrette/SM2 BrabantWallon/Freddy/,LIFEC_0_20140611_232909_000.wav,LIFEC_20140611_232909_000.wav,C. Brabant,Eptser,ENVsp,Secondary,ENVsp,8,Eptnil,4,2014,6,11,23,29,11/06/2014,23:29,11/06/2014,LIFEC_0,10,29,36,9,6,0,Renipont-plage,F. Donckels,Cours d'eau - rivière (3m< L< 10m),Bande boisée et alignement d'arbres,SM2-C,Plecotus Natura 2000
D:/documents Pierrette/SM2 BrabantWallon/Freddy/,LIFEC_0_20140611_234945_882.wav,LIFEC_20140611_234945_882.wav,A. Flipo,ENVsp,ENVsp,Secondary,ENVsp,7,Nyclei,4,2014,6,11,23,49,11/06/2014,23:49,11/06/2014,LIFEC_0,3,26,12,9,3,0,Renipont-plage,F. Donckels,Cours d'eau - rivière (3m< L< 10m),Bande boisée et alignement d'arbres,SM2-C,Plecotus Natura 2000
D:/documents Pierrette/SM2 BrabantWallon/Freddy/,LIFEC_0_20140612_003358_423.wav,LIFEC_20140612_003358_423.wav,A. flipo,Pipnat,Pipnat,Main,Pip35,6,Pipnat,6,2014,6,12,0,33,12/06/2014,0:33,11/06/2014,LIFEC_0,28,43,95,8,1,0,Renipont-plage,F. Donckels,Cours d'eau - rivière (3m< L< 10m),Bande boisée et alignement d'arbres,SM2-C,Plecotus Natura 2000
D:/documents Pierrette/SM2 BrabantWallon/Freddy/,LIFEC_0_20140612_004306_311.wav,LIFEC_20140612_004306_311.wav,A. flipo,Pipnat,Pipnat,Main,Pip35,7,Pipnat,7,2014,6,12,0,43,12/06/2014,0:43,11/06/2014,LIFEC_0,12,43,94,8,0,0,Renipont-plage,F. Donckels,Cours d'eau - rivière (3m< L< 10m),Bande boisée et alignement d'arbres,SM2-C,Plecotus Natura 2000
D:/documents Pierrette/SM2 BrabantWallon/Freddy/,LIFEC_0_20140612_015447_468.wav,LIFEC_20140612_015447_468.wav,A. Flipo,Pip50,Pip50,Main,Pip50,10,Pippyg,1,2014,6,12,1,54,12/06/2014,1:54,11/06/2014,LIFEC_0,27,55,58,5,0,0,Renipont-plage,F. Donckels,Cours d'eau - rivière (3m< L< 10m),Bande boisée et alignement d'arbres,SM2-C,Plecotus Natura 2000
D:/documents Pierrette/SM2 BrabantWallon/Freddy/,LIFEC_0_20140612_045748_659.wav,LIFEC_20140612_045748_659.wav,A. Flipo,Pipnat,Pipnat,Main,Pip35,6,Pipnat,6,2014,6,12,4,57,12/06/2014,4:57,11/06/2014,LIFEC_0,29,42,0,8,2,0,Renipont-plage,F. Donckels,Cours d'eau - rivière (3m< L< 10m),Bande boisée et alignement d'arbres,SM2-C,Plecotus Natura 2000
D:/documents Pierrette/SM2 BrabantWallon/Freddy/,LIFEC_0_20140612_045904_000.wav,LIFEC_20140612_045904_000.wav,A. Flipo,Nycnoc,Nycnoc,Main,ENVsp,10,Nycnoc,6,2014,6,12,4,59,12/06/2014,4:59,11/06/2014,LIFEC_0,7,21,153,9,0,0,Renipont-plage,F. Donckels,Cours d'eau - rivière (3m< L< 10m),Bande boisée et alignement d'arbres,SM2-C,Plecotus Natura 2000
D:/documents Pierrette/SM2 BrabantWallon/Freddy/,LIFEC_0_20140612_224120_024.wav,LIFEC_20140612_224120_024.wav,A. Flipo,ENVsp,ENVsp,Main,ENVsp,9,Nycnoc,3,2014,6,12,22,41,12/06/2014,22:41,12/06/2014,LIFEC_0,12,25,89,9,2,0,Renipont-plage,F. Donckels,Cours d'eau - rivière (3m< L< 10m),Bande boisée et alignement d'arbres,SM2-C,Plecotus Natura 2000
D:/documents Pierrette/SM2 BrabantWallon/Freddy/,LIFEC_0_20140612_224125_833.wav,LIFEC_20140612_224125_833.wav,A. Flipo,ENVsp,ENVsp,Main,ENVsp,10,Nyclei,2,2014,6,12,22,41,12/06/2014,22:41,12/06/2014,LIFEC_0,24,26,75,10,4,0,Renipont-plage,F. Donckels,Cours d'eau - rivière (3m< L< 10m),Bande boisée et alignement d'arbres,SM2-C,Plecotus Natura 2000
D:/documents Pierrette/SM2 BrabantWallon/Freddy/,LIFEC_0_20140613_001936_828.wav,LIFEC_20140613_001936_828.wav,C. Brabant,ENVsp,ENVsp,Main,ENVsp,8,Eptnil,3,2014,6,13,0,19,13/06/2014,0:19,12/06/2014,LIFEC_0,14,27,129,9,3,0,Renipont-plage,F. Donckels,Cours d'eau - rivière (3m< L< 10m),Bande boisée et alignement d'arbres,SM2-C,Plecotus Natura 2000
D:/documents Pierrette/SM2 BrabantWallon/Freddy/wav-PART2/,LIFEC_0_20140613_025401_737.wav,LIFEC_20140613_025401_737.wav,A. Flipo,Pippyg,Pip50,Main,Pip50,10,Pippyg,4,2014,6,13,2,54,13/06/2014,2:54,12/06/2014,LIFEC,78,56,40,8,0,0,Renipont-plage,F. Donckels,Cours d'eau - rivière (3m< L< 10m),Bande boisée et alignement d'arbres,SM2-C,Plecotus Natura 2000
D:/documents Pierrette/SM2 BrabantWallon/Freddy/wav-PART2/,LIFEC_0_20140613_044744_724.wav,LIFEC_20140613_044744_724.wav,A. Flipo,Pipnat,Pipnat,Main,Pip35,6,Pipnat,6,2014,6,13,4,47,13/06/2014,4:47,12/06/2014,LIFEC,19,42,68,7,2,0,Renipont-plage,F. Donckels,Cours d'eau - rivière (3m< L< 10m),Bande boisée et alignement d'arbres,SM2-C,Plecotus Natura 2000
D:/documents Pierrette/SM2 BrabantWallon/Freddy/wav-PART2/,LIFEC_0_20140613_050040_986.wav,LIFEC_20140613_050040_986.wav,A. Flipo,ENVsp,ENVsp,Main,ENVsp,10,Nycnoc,4,2014,6,13,5,0,13/06/2014,5:00,12/06/2014,LIFEC,10,25,0,10,1,0,Renipont-plage,F. Donckels,Cours d'eau - rivière (3m< L< 10m),Bande boisée et alignement d'arbres,SM2-C,Plecotus Natura 2000
D:/documents Pierrette/SM2 BrabantWallon/Freddy/wav-PART2/,LIFEC_0_20140613_231533_526.wav,LIFEC_20140613_231533_526.wav,A. Flipo,ChiroSp,Pipnat,Main,Pip35,6,Pipnat,6,2014,6,13,23,15,13/06/2014,23:15,13/06/2014,LIFEC,13,41,0,7,4,0,Renipont,F. Donckels,Plan d'eau - étang (>50m²),Bande boisée et alignement d'arbres,SM2-C,Plecotus Natura 2000
D:/documents Pierrette/SM2 BrabantWallon/Freddy/wav-PART2/,LIFEC_0_20140613_231848_172.wav,LIFEC_20140613_231848_172.wav,A. Flipo,ENVsp,ENVsp,Main,ENVsp,8,Nyclei,1,2014,6,13,23,18,13/06/2014,23:18,13/06/2014,LIFEC,16,26,0,9,5,0,Renipont,F. Donckels,Plan d'eau - étang (>50m²),Bande boisée et alignement d'arbres,SM2-C,Plecotus Natura 2000
D:/documents Pierrette/SM2 BrabantWallon/Freddy/wav-PART2/,LIFEC_0_20140613_232229_300.wav,LIFEC_20140613_232229_300.wav,A. Flipo,ENVsp,ENVsp,Secondary,ENVsp,9,Nyclei,1,2014,6,13,23,22,13/06/2014,23:22,13/06/2014,LIFEC,10,26,27,8,5,0,Renipont,F. Donckels,Plan d'eau - étang (>50m²),Bande boisée et alignement d'arbres,SM2-C,Plecotus Natura 2000
D:/documents Pierrette/SM2 BrabantWallon/Freddy/wav-PART2/,LIFEC_0_20140613_232503_568.wav,LIFEC_20140613_232503_568.wav,A. Flipo,ENVsp,ENVsp,Secondary,ENVsp,9,Nyclei,2,2014,6,13,23,25,13/06/2014,23:25,13/06/2014,LIFEC,6,26,0,10,4,0,Renipont,F. Donckels,Plan d'eau - étang (>50m²),Bande boisée et alignement d'arbres,SM2-C,Plecotus Natura 2000
D:/documents Pierrette/SM2 BrabantWallon/Freddy/wav-PART2/,LIFEC_0_20140613_232516_759.wav,LIFEC_20140613_232516_759.wav,A. Flipo,ENVsp,ENVsp,Secondary,ENVsp,10,Nyclei,3,2014,6,13,23,25,13/06/2014,23:25,13/06/2014,LIFEC,3,25,0,9,2,0,Renipont,F. Donckels,Plan d'eau - étang (>50m²),Bande boisée et alignement d'arbres,SM2-C,Plecotus Natura 2000
D:/documents Pierrette/SM2 BrabantWallon/Freddy/wav-PART2/,LIFEC_0_20140613_233302_258.wav,LIFEC_20140613_233302_258.wav,A. Flipo,ENVsp,ENVsp,Secondary,ENVsp,7,Nyclei,0,2014,6,13,23,33,13/06/2014,23:33,13/06/2014,LIFEC,5,26,14,10,4,0,Renipont,F. Donckels,Plan d'eau - étang (>50m²),Bande boisée et alignement d'arbres,SM2-C,Plecotus Natura 2000
D:/documents Pierrette/SM2 BrabantWallon/Freddy/wav-PART2/,LIFEC_0_20140613_234110_756.wav,LIFEC_20140613_234110_756.wav,A. Flipo,Pipnat,ChiroSp,Main,Pip35,4,Pipnat,4,2014,6,13,23,41,13/06/2014,23:41,13/06/2014,LIFEC,23,43,85,6,0,0,Renipont,F. Donckels,Plan d'eau - étang (>50m²),Bande boisée et alignement d'arbres,SM2-C,Plecotus Natura 2000
D:/documents Pierrette/SM2 BrabantWallon/Freddy/wav-PART2/,LIFEC_0_20140613_235157_237.wav,LIFEC_20140613_235157_237.wav,A. Flipo,PippiT,Pipnat,Main,Pip35,6,Pipnat,6,2014,6,13,23,51,13/06/2014,23:51,13/06/2014,LIFEC,19,42,89,7,0,0,Renipont,F. Donckels,Plan d'eau - étang (>50m²),Bande boisée et alignement d'arbres,SM2-C,Plecotus Natura 2000
D:/documents Pierrette/SM2 BrabantWallon/Freddy/wav-PART2/,LIFEC_0_20140613_235200_398.wav,LIFEC_20140613_235200_398.wav,A. Flipo,ChiroSp,ChiroSp,Main,Pip35,4,Pipnat,4,2014,6,13,23,52,13/06/2014,23:52,13/06/2014,LIFEC,14,42,164,8,1,0,Renipont,F. Donckels,Plan d'eau - étang (>50m²),Bande boisée et alignement d'arbres,SM2-C,Plecotus Natura 2000
D:/documents Pierrette/SM2 BrabantWallon/Freddy/wav-PART2/,LIFEC_0_20140614_224710_734.wav,LIFEC_20140614_224710_734.wav,A. Flipo,ENVsp,ENVsp,Secondary,ENVsp,9,Eptser,3,2014,6,14,22,47,14/06/2014,22:47,14/06/2014,LIFEC,22,27,0,8,10,0,Renipont,F. Donckels,Plan d'eau - étang (>50m²),Bande boisée et alignement d'arbres,SM2-C,Plecotus Natura 2000
D:/documents Pierrette/SM2 BrabantWallon/Freddy/wav-PART2/,LIFEC_0_20140614_224715_735.wav,LIFEC_20140614_224715_735.wav,A. Flipo,ENVsp,ENVsp,Secondary,ENVsp,9,Eptser,2,2014,6,14,22,47,14/06/2014,22:47,14/06/2014,LIFEC,25,26,11,8,9,0,Renipont,F. Donckels,Plan d'eau - étang (>50m²),Bande boisée et alignement d'arbres,SM2-C,Plecotus Natura 2000
D:/documents Pierrette/SM2 BrabantWallon/Freddy/wav-PART2/,LIFEC_0_20140614_230545_788.wav,LIFEC_20140614_230545_788.wav,A. Flipo,ChiroSp,ENVsp,Secondary,ENVsp,8,Nyclei,0,2014,6,14,23,5,14/06/2014,23:05,14/06/2014,LIFEC,6,26,39,8,5,0,Renipont,F. Donckels,Plan d'eau - étang (>50m²),Bande boisée et alignement d'arbres,SM2-C,Plecotus Natura 2000
D:/documents Pierrette/SM2 BrabantWallon/Freddy/wav-PART2/,LIFEC_0_20140614_231001_156.wav,LIFEC_20140614_231001_156.wav,A. Flipo,ENVsp,ENVsp,Tertiary,ENVsp,7,Nyclei,0,2014,6,14,23,10,14/06/2014,23:10,14/06/2014,LIFEC,2,25,10,7,8,0,Renipont,F. Donckels,Plan d'eau - étang (>50m²),Bande boisée et alignement d'arbres,SM2-C,Plecotus Natura 2000
D:/documents Pierrette/SM2 BrabantWallon/Freddy/wav-PART2/,LIFEC_0_20140615_223104_315.wav,LIFEC_20140615_223104_315.wav,A. Flipo,Nycnoc,Nycnoc,Main,ENVsp,10,Nycnoc,8,2014,6,15,22,31,15/06/2014,22:31,15/06/2014,LIFEC,16,25,109,10,2,0,Ru du Milhoux,F. Donckels,Cours d'eau - ruisseau (L < 3m),Bande boisée et alignement d'arbres,SM2-C,Plecotus Natura 2000
D:/documents Pierrette/SM2 BrabantWallon/Freddy/wav-PART2/,LIFEC_0_20140615_232507_485.wav,LIFEC_20140615_232507_485.wav,C. Brabant,ENVsp,ENVsp,Secondary,ENVsp,7,Vesmur,1,2014,6,15,23,25,15/06/2014,23:25,15/06/2014,LIFEC,7,25,32,9,6,0,Ru du Milhoux,F. Donckels,Cours d'eau - ruisseau (L < 3m),Bande boisée et alignement d'arbres,SM2-C,Plecotus Natura 2000
D:/documents Pierrette/SM2 BrabantWallon/Freddy/wav-PART2/,LIFEC_0_20140616_020919_923.wav,LIFEC_20140616_020919_923.wav,A. Flipo,Pipnat,Pip35,Main,Pip35,10,Pipnat,0,2014,6,16,2,9,16/06/2014,2:09,15/06/2014,LIFEC,17,41,111,8,0,0,Ru du Milhoux,F. Donckels,Cours d'eau - ruisseau (L < 3m),Bande boisée et alignement d'arbres,SM2-C,Plecotus Natura 2000
D:/documents Pierrette/SM2 BrabantWallon/Freddy/wav-PART2/,LIFEC_0_20140616_230318_868.wav,LIFEC_20140616_230318_868.wav,A. Flipo,Nycnoc,ENVsp,Main,ENVsp,7,Nyclei,0,2014,6,16,23,3,16/06/2014,23:03,16/06/2014,LIFEC,9,26,0,9,3,0,Ru du Milhoux,F. Donckels,Cours d'eau - ruisseau (L < 3m),Bande boisée et alignement d'arbres,SM2-C,Plecotus Natura 2000
D:/documents Pierrette/SM2 BrabantWallon/Freddy/wav-PART2/,LIFEC_0_20140616_230334_279.wav,LIFEC_20140616_230334_279.wav,A. Flipo,ENVsp,ChiroSp,Main,ENVsp,5,Nyclei,0,2014,6,16,23,3,16/06/2014,23:03,16/06/2014,LIFEC,18,25,0,9,6,0,Ru du Milhoux,F. Donckels,Cours d'eau - ruisseau (L < 3m),Bande boisée et alignement d'arbres,SM2-C,Plecotus Natura 2000
D:/documents Pierrette/SM2 BrabantWallon/Freddy/wav-PART2/,LIFEC_0_20140617_043247_023.wav,LIFEC_20140617_043247_023.wav,A. Flipo,Nycnoc,Nycnoc,Secondary,ENVsp,9,Nycnoc,9,2014,6,17,4,32,17/06/2014,4:32,16/06/2014,LIFEC,4,20,0,9,0,0,Ru du Milhoux,F. Donckels,Cours d'eau - ruisseau (L < 3m),Bande boisée et alignement d'arbres,SM2-C,Plecotus Natura 2000
D:/documents Pierrette/SM2 BrabantWallon/Freddy/wav-PART3/,LIFEC_0_20140618_043501_938.wav,LIFEC_20140618_043501_938.wav,A. Flipo,Nyclei,ENVsp,Main,ENVsp,8,Nyclei,0,2014,6,18,4,35,18/06/2014,4:35,17/06/2014,LIFEC,14,25,0,9,3,0,Ru du Milhoux,F. Donckels,Cours d'eau - ruisseau (L < 3m),Bande boisée et alignement d'arbres,SM2-C,Plecotus Natura 2000
D:/documents Pierrette/SM2 BrabantWallon/Freddy/wav-PART3/,LIFEC_0_20140618_051047_129.wav,LIFEC_20140618_051047_129.wav,A. Flipo,Nycnoc,Nycnoc,Main,ENVsp,8,Nycnoc,8,2014,6,18,5,10,18/06/2014,5:10,17/06/2014,LIFEC,6,19,0,7,2,0,Ru du Milhoux,F. Donckels,Cours d'eau - ruisseau (L < 3m),Bande boisée et alignement d'arbres,SM2-C,Plecotus Natura 2000
D:/documents Pierrette/SM2 BrabantWallon/Freddy/wav-PART3/,LIFEC_0_20140619_004743_209.wav,LIFEC_20140619_004743_209.wav,A. Flipo,PippiT,Pip50,Main,Pip50,10,Pippyg,1,2014,6,19,0,47,19/06/2014,0:47,18/06/2014,LIFEC,36,54,0,2,0,0,La Ramée,F. Donckels,Cours d'eau - ruisseau (L < 3m),Bande boisée et alignement d'arbres,SM2-C,Plecotus Natura 2000
D:/documents Pierrette/SM2 BrabantWallon/Freddy/wav-PART3/,LIFEC_0_20140619_004752_668.wav,LIFEC_20140619_004752_668.wav,A. Flipo,Pip50,Pip50,Main,Pip50,10,Pippyg,5,2014,6,19,0,47,19/06/2014,0:47,18/06/2014,LIFEC,10,52,65,2,0,0,La Ramée,F. Donckels,Cours d'eau - ruisseau (L < 3m),Bande boisée et alignement d'arbres,SM2-C,Plecotus Natura 2000
D:/documents Pierrette/SM2 BrabantWallon/Freddy/wav-PART3/,LIFEC_0_20140619_013506_410.wav,LIFEC_20140619_013506_410.wav,A. Flipo,Pip35,Pip35,Main,Pip35,9,Pipnat,1,2014,6,19,1,35,19/06/2014,1:35,18/06/2014,LIFEC,10,42,94,5,1,0,La Ramée,F. Donckels,Cours d'eau - ruisseau (L < 3m),Bande boisée et alignement d'arbres,SM2-C,Plecotus Natura 2000
D:/documents Pierrette/SM2 BrabantWallon/Freddy/wav-PART3/,LIFEC_0_20140620_033249_048.wav,LIFEC_20140620_033249_048.wav,A. Flipo,Pip50,ChiroSp,Main,Pip50,3,Pippyg,3,2014,6,20,3,32,20/06/2014,3:32,19/06/2014,LIFEC,4,56,0,2,0,0,La Ramée,F. Donckels,Cours d'eau - ruisseau (L < 3m),Bande boisée et alignement d'arbres,SM2-C,Plecotus Natura 2000
D:/documents Pierrette/SM2 BrabantWallon/Freddy/wav-PART4/,LIFEC_0_20140623_045730_025.wav,LIFEC_20140623_045730_025.wav,A. Flipo,Pip50,Pip50,Main,Pip50,8,Pippyg,1,2014,6,23,4,57,23/06/2014,4:57,22/06/2014,LIFEC,63,56,0,5,5,0,Le Bailois,F. Donckels,Cours d'eau - rivière (3m< L< 10m),Bande boisée et alignement d'arbres,SM2-C,Plecotus Natura 2000
D:/documents Pierrette/SM2 BrabantWallon/Freddy/wav-PART5/,LIFEC_0_20140625_014601_364.wav,LIFEC_20140625_014601_364.wav,A. Flipo,PippiT,ChiroSp,Main,Pip35,1,Pipnat,0,2014,6,25,1,46,25/06/2014,1:46,24/06/2014,LIFEC,25,43,0,5,2,0,Carpu_Etang,F. Donckels,Plan d'eau - étang (>50m²),Bande boisée et alignement d'arbres,SM2-C,Plecotus Natura 2000
D:/documents Pierrette/SM2 BrabantWallon/Freddy/wav-PART5/,LIFEC_0_20140625_041932_530.wav,LIFEC_20140625_041932_530.wav,A. Flipo,Pip50,Pip50,Main,Pip50,8,Pippyg,2,2014,6,25,4,19,25/06/2014,4:19,24/06/2014,LIFEC,12,53,0,2,1,0,Carpu_Etang,F. Donckels,Plan d'eau - étang (>50m²),Bande boisée et alignement d'arbres,SM2-C,Plecotus Natura 2000
D:/documents Pierrette/SM2 BrabantWallon/Freddy/wav-PART5/,LIFEC_0_20140626_025246_909.wav,LIFEC_20140626_025246_909.wav,A. Flipo,Pipnat,Pip35,Main,Pip35,6,Pipnat,4,2014,6,26,2,52,26/06/2014,2:52,25/06/2014,LIFEC,16,42,106,6,3,0,Carpu_Etang,F. Donckels,Plan d'eau - étang (>50m²),Bande boisée et alignement d'arbres,SM2-C,Plecotus Natura 2000
D:/documents Pierrette/SM2 BrabantWallon/Leslie/,LIFEC_0_20140701_231934_008.wav,LIFEC_20140701_231934_008.wav,A. Flipo,Pippyg,Pippyg,Main,Pip50,10,Pippyg,7,2014,7,1,23,19,1/07/2014,23:19,1/07/2014,LIFEC_0,21,55,80,3,0,0,Carpu_1,L. Perbal,Lisière vraie (milieu ouvert/milieux forestier),,SM2-C,Plecotus Natura 2000
D:/documents Pierrette/SM2 BrabantWallon/Leslie/,LIFEC_0_20140701_231955_541.wav,LIFEC_20140701_231955_541.wav,A. Flipo,Pip50,Pip50,Main,Pip50,6,Pippyg,0,2014,7,1,23,19,1/07/2014,23:19,1/07/2014,LIFEC_0,7,55,0,2,0,0,Carpu_1,L. Perbal,Lisière vraie (milieu ouvert/milieux forestier),,SM2-C,Plecotus Natura 2000
D:/documents Pierrette/SM2 BrabantWallon/Leslie/,LIFEC_0_20140701_231957_811.wav,LIFEC_20140701_231957_811.wav,A. Flipo,Pip50,Pip50,Main,Pip50,8,Pippyg,4,2014,7,1,23,19,1/07/2014,23:19,1/07/2014,LIFEC_0,9,54,0,2,0,0,Carpu_1,L. Perbal,Lisière vraie (milieu ouvert/milieux forestier),,SM2-C,Plecotus Natura 2000
D:/documents Pierrette/SM2 BrabantWallon/Leslie/,LIFEC_0_20140702_031526_486.wav,LIFEC_20140702_031526_486.wav,A. Flipo,Pipnat,Pip35,Main,Pip35,10,Pipnat,3,2014,7,2,3,15,2/07/2014,3:15,1/07/2014,LIFEC_0,28,40,158,7,4,0,Carpu_1,L. Perbal,Lisière vraie (milieu ouvert/milieux forestier),,SM2-C,Plecotus Natura 2000
D:/documents Pierrette/SM2 BrabantWallon/Leslie/,LIFEC_0_20140702_050215_391.wav,LIFEC_20140702_050215_391.wav,A. Flipo,Nycnoc,Nycnoc,Main,ENVsp,7,Nycnoc,6,2014,7,2,5,2,2/07/2014,5:02,1/07/2014,LIFEC_0,23,20,165,10,3,0,Carpu_1,L. Perbal,Lisière vraie (milieu ouvert/milieux forestier),,SM2-C,Plecotus Natura 2000
D:/documents Pierrette/SM2 BrabantWallon/Leslie/,LIFEC_0_20140702_225733_496.wav,LIFEC_20140702_225733_496.wav,A. Flipo,Pip35,Pip35,Main,Pip35,10,Pipnat,4,2014,7,2,22,57,2/07/2014,22:57,2/07/2014,LIFEC_0,13,38,111,6,1,0,Carpu_1,L. Perbal,Lisière vraie (milieu ouvert/milieux forestier),,SM2-C,Plecotus Natura 2000
D:/documents Pierrette/SM2 BrabantWallon/Leslie/,LIFEC_0_20140703_025519_320.wav,LIFEC_20140703_025519_320.wav,A. Flipo,Pip50,Pip50,Main,Pip50,10,Pippyg,1,2014,7,3,2,55,3/07/2014,2:55,2/07/2014,LIFEC_0,8,53,0,3,0,0,Carpu_1,L. Perbal,Lisière vraie (milieu ouvert/milieux forestier),,SM2-C,Plecotus Natura 2000
D:/documents Pierrette/SM2 BrabantWallon/Leslie/,LIFEC_0_20140703_025526_535.wav,LIFEC_20140703_025526_535.wav,A. Flipo,Pip50,Pip50,Main,Pip50,7,Pippyg,2,2014,7,3,2,55,3/07/2014,2:55,2/07/2014,LIFEC_0,36,55,75,2,0,0,Carpu_1,L. Perbal,Lisière vraie (milieu ouvert/milieux forestier),,SM2-C,Plecotus Natura 2000
D:/documents Pierrette/SM2 BrabantWallon/Leslie/,LIFEC_0_20140703_224533_337.wav,LIFEC_20140703_224533_337.wav,A. Flipo,Pip50,Pip50,Main,Pip50,6,Pippyg,2,2014,7,3,22,45,3/07/2014,22:45,3/07/2014,LIFEC_0,7,53,0,1,0,0,Carpu_1,L. Perbal,Lisière vraie (milieu ouvert/milieux forestier),,SM2-C,Plecotus Natura 2000
D:/documents Pierrette/SM2 BrabantWallon/Leslie/,LIFEC_0_20140704_000402_688.wav,LIFEC_20140704_000402_688.wav,A. Flipo,Pip35,Pip35,Main,Pip35,7,Pipnat,0,2014,7,4,0,4,4/07/2014,0:04,3/07/2014,LIFEC_0,9,39,0,6,1,0,Carpu_1,L. Perbal,Lisière vraie (milieu ouvert/milieux forestier),,SM2-C,Plecotus Natura 2000
D:/documents Pierrette/SM2 BrabantWallon/Leslie/,LIFEC_0_20140704_032941_908.wav,LIFEC_20140704_032941_908.wav,A. Flipo,PippiT,ChiroSp,Secondary,ENVsp,0,Eptnil,0,2014,7,4,3,29,4/07/2014,3:29,3/07/2014,LIFEC_0,4,30,0,6,4,0,Carpu_1,L. Perbal,Lisière vraie (milieu ouvert/milieux forestier),,SM2-C,Plecotus Natura 2000
D:/documents Pierrette/SM2 BrabantWallon/Leslie/,LIFEC_0_20140704_050112_822.wav,LIFEC_20140704_050112_822.wav,A. Flipo,ChiroSp,ChiroSp,Main,ENVsp,4,Nycnoc,4,2014,7,4,5,1,4/07/2014,5:01,3/07/2014,LIFEC_0,27,24,0,10,5,0,Carpu_1,L. Perbal,Lisière vraie (milieu ouvert/milieux forestier),,SM2-C,Plecotus Natura 2000
D:/documents Pierrette/SM2 BrabantWallon/Leslie/,LIFEC_0_20140704_050740_214.wav,LIFEC_20140704_050740_214.wav,A. Flipo,Nycnoc,Nycnoc,Main,ENVsp,6,Nycnoc,6,2014,7,4,5,7,4/07/2014,5:07,3/07/2014,LIFEC_0,9,20,0,9,3,0,Carpu_1,L. Perbal,Lisière vraie (milieu ouvert/milieux forestier),,SM2-C,Plecotus Natura 2000
D:/documents Pierrette/SM2 BrabantWallon/Leslie/,LIFEC_0_20140705_043917_693.wav,LIFEC_20140705_043917_693.wav,A. Flipo,Pipnat,Pipnat,Main,Pip35,9,Pipnat,7,2014,7,5,4,39,5/07/2014,4:39,4/07/2014,LIFEC_0,19,42,108,8,1,0,Carpu_1,L. Perbal,Lisière vraie (milieu ouvert/milieux forestier),,SM2-C,Plecotus Natura 2000
D:/documents Pierrette/SM2 BrabantWallon/Leslie/,LIFEC_0_20140705_052622_807.wav,LIFEC_20140705_052622_807.wav,A. Flipo,Nycnoc,Nycnoc,Main,ENVsp,10,Nycnoc,7,2014,7,5,5,26,5/07/2014,5:26,4/07/2014,LIFEC_0,9,21,115,10,0,0,Carpu_1,L. Perbal,Lisière vraie (milieu ouvert/milieux forestier),,SM2-C,Plecotus Natura 2000
D:/documents Pierrette/SM2 BrabantWallon/Leslie/,LIFEC_0_20140705_221939_220.wav,LIFEC_20140705_221939_220.wav,A. Flipo,Nycnoc,Nycnoc,Main,ENVsp,8,Nycnoc,8,2014,7,5,22,19,5/07/2014,22:19,5/07/2014,LIFEC_0,12,20,107,10,2,0,Nysdam,L. Perbal,Lisière vraie (milieu ouvert/milieux forestier),"Route (induré, circulation véhicule rapide)",SM2-C,Plecotus Natura 2000
D:/documents Pierrette/SM2 BrabantWallon/Leslie/,LIFEC_0_20140705_223648_420.wav,LIFEC_20140705_223648_420.wav,A. Flipo,ChiroSp,ChiroSp,Main,Pip35,2,Pipnat,2,2014,7,5,22,36,5/07/2014,22:36,5/07/2014,LIFEC_0,57,43,46,8,3,7,Nysdam,L. Perbal,Lisière vraie (milieu ouvert/milieux forestier),"Route (induré, circulation véhicule rapide)",SM2-C,Plecotus Natura 2000
D:/documents Pierrette/SM2 BrabantWallon/Leslie/,LIFEC_0_20140705_224035_874.wav,LIFEC_20140705_224035_874.wav,A. Flipo,PippiT,ChiroSp,Main,Pip35,0,Pipnat,0,2014,7,5,22,40,5/07/2014,22:40,5/07/2014,LIFEC_0,64,44,72,7,3,8,Nysdam,L. Perbal,Lisière vraie (milieu ouvert/milieux forestier),"Route (induré, circulation véhicule rapide)",SM2-C,Plecotus Natura 2000
D:/documents Pierrette/SM2 BrabantWallon/Leslie/,LIFEC_0_20140705_225756_801.wav,LIFEC_20140705_225756_801.wav,C. Brabant,ENVsp,ENVsp,Main,ENVsp,10,Vesmur,1,2014,7,5,22,57,5/07/2014,22:57,5/07/2014,LIFEC_0,7,26,274,10,0,0,Nysdam,L. Perbal,Lisière vraie (milieu ouvert/milieux forestier),"Route (induré, circulation véhicule rapide)",SM2-C,Plecotus Natura 2000
D:/documents Pierrette/SM2 BrabantWallon/Leslie/,LIFEC_0_20140705_225759_955.wav,LIFEC_20140705_225759_955.wav,C. Brabant,Nyclei,ENVsp,Main,ENVsp,10,Vesmur,2,2014,7,5,22,57,5/07/2014,22:57,5/07/2014,LIFEC_0,5,24,282,10,0,0,Nysdam,L. Perbal,Lisière vraie (milieu ouvert/milieux forestier),"Route (induré, circulation véhicule rapide)",SM2-C,Plecotus Natura 2000
D:/documents Pierrette/SM2 BrabantWallon/Leslie/,LIFEC_0_20140705_234230_466.wav,LIFEC_20140705_234230_466.wav,A. Flipo,ENVsp,ENVsp,Secondary,ENVsp,8,Nyclei,1,2014,7,5,23,42,5/07/2014,23:42,5/07/2014,LIFEC_0,3,26,16,8,3,0,Nysdam,L. Perbal,Lisière vraie (milieu ouvert/milieux forestier),"Route (induré, circulation véhicule rapide)",SM2-C,Plecotus Natura 2000
D:/documents Pierrette/SM2 BrabantWallon/Leslie/,LIFEC_0_20140706_002754_930.wav,LIFEC_20140706_002754_930.wav,C. Brabant,ENVsp,ENVsp,Main,ENVsp,10,Vesmur,0,2014,7,6,0,27,6/07/2014,0:27,5/07/2014,LIFEC_0,5,24,255,10,0,0,Nysdam,L. Perbal,Lisière vraie (milieu ouvert/milieux forestier),"Route (induré, circulation véhicule rapide)",SM2-C,Plecotus Natura 2000
D:/documents Pierrette/SM2 BrabantWallon/Leslie/,LIFEC_0_20140706_022328_645.wav,LIFEC_20140706_022328_645.wav,A. Flipo,ENVsp,ENVsp,Main,ENVsp,10,Nyclei,1,2014,7,6,2,23,6/07/2014,2:23,5/07/2014,LIFEC_0,7,26,258,10,0,0,Nysdam,L. Perbal,Lisière vraie (milieu ouvert/milieux forestier),"Route (induré, circulation véhicule rapide)",SM2-C,Plecotus Natura 2000
D:/documents Pierrette/SM2 BrabantWallon/Leslie/,LIFEC_0_20140706_045430_436.wav,LIFEC_20140706_045430_436.wav,A. Flipo,ENVsp,ENVsp,Secondary,ENVsp,10,Nycnoc,4,2014,7,6,4,54,6/07/2014,4:54,5/07/2014,LIFEC_0,14,25,72,9,3,0,Nysdam,L. Perbal,Lisière vraie (milieu ouvert/milieux forestier),"Route (induré, circulation véhicule rapide)",SM2-C,Plecotus Natura 2000
D:/documents Pierrette/SM2 BrabantWallon/Leslie/,LIFEC_0_20140706_052048_248.wav,LIFEC_20140706_052048_248.wav,A. Flipo,Nycnoc,ChiroSp,Secondary,ENVsp,3,Nycnoc,3,2014,7,6,5,20,6/07/2014,5:20,5/07/2014,LIFEC_0,3,19,0,10,2,0,Nysdam,L. Perbal,Lisière vraie (milieu ouvert/milieux forestier),"Route (induré, circulation véhicule rapide)",SM2-C,Plecotus Natura 2000
D:/documents Pierrette/SM2 BrabantWallon/Leslie/,LIFEC_0_20140706_052347_958.wav,LIFEC_20140706_052347_958.wav,A. Flipo,ChiroSp,ChiroSp,Main,Pip35,2,Pipnat,2,2014,7,6,5,23,6/07/2014,5:23,5/07/2014,LIFEC_0,11,43,166,7,0,0,Nysdam,L. Perbal,Lisière vraie (milieu ouvert/milieux forestier),"Route (induré, circulation véhicule rapide)",SM2-C,Plecotus Natura 2000
D:/documents Pierrette/SM2 BrabantWallon/Leslie/,LIFEC_0_20140706_224451_042.wav,LIFEC_20140706_224451_042.wav,A. Flipo,PippiT,PippiT,Main,Pip50,10,PippiT,10,2014,7,6,22,44,6/07/2014,22:44,6/07/2014,LIFEC_0,7,45,89,7,0,0,Nysdam,L. Perbal,Lisière vraie (milieu ouvert/milieux forestier),"Route (induré, circulation véhicule rapide)",SM2-C,Plecotus Natura 2000
D:/documents Pierrette/SM2 BrabantWallon/Leslie/,LIFEC_0_20140706_234554_811.wav,LIFEC_20140706_234554_811.wav,A. Flipo,Pipnat,ChiroSp,Main,Pip35,3,Pipnat,0,2014,7,6,23,45,6/07/2014,23:45,6/07/2014,LIFEC_0,9,43,76,6,1,0,Nysdam,L. Perbal,Lisière vraie (milieu ouvert/milieux forestier),"Route (induré, circulation véhicule rapide)",SM2-C,Plecotus Natura 2000
